Species	OrthoFinder_ID	gene_chr	gene_start	gene_end	TE_positive
Populus_adenopoda	Populus_adenopoda__Poade00686.t1	Chr1	10729820	10731457	True
Populus_adenopoda	Populus_adenopoda__Poade00715.t1	Chr1	11074197	11075222	False
Populus_adenopoda	Populus_adenopoda__Poade01968.t2	Chr1	27304661	27305570	False
Populus_adenopoda	Populus_adenopoda__Poade02428.t1	Chr1	35248206	35249683	True
Populus_adenopoda	Populus_adenopoda__Poade02703.t1	Chr1	38215975	38221947	False
Populus_adenopoda	Populus_adenopoda__Poade03264.t1	Chr1	43491611	43494117	False
Populus_adenopoda	Populus_adenopoda__Poade03677.t1	Chr1	47738259	47745222	False
Populus_adenopoda	Populus_adenopoda__Poade03761.t1	Chr1	48400089	48400890	False
Populus_adenopoda	Populus_adenopoda__Poade21032.t1	Chr10	11155352	11155772	False
Populus_adenopoda	Populus_adenopoda__Poade21262.t5	Chr10	13166223	13169963	False
Populus_adenopoda	Populus_adenopoda__Poade21792.t1	Chr10	17572830	17575944	False
Populus_adenopoda	Populus_adenopoda__Poade21910.t1	Chr10	18576254	18576689	False
Populus_adenopoda	Populus_adenopoda__Poade21926.t1	Chr10	18734129	18734807	False
Populus_adenopoda	Populus_adenopoda__Poade22862.t1	Chr11	15003883	15006218	True
Populus_adenopoda	Populus_adenopoda__Poade23073.t1	Chr11	18384620	18387397	False
Populus_adenopoda	Populus_adenopoda__Poade23530.t1	Chr12	3831288	3831870	False
Populus_adenopoda	Populus_adenopoda__Poade24255.t1	Chr12	14027709	14031426	False
Populus_adenopoda	Populus_adenopoda__Poade25063.t1	Chr13	10265308	10265938	True
Populus_adenopoda	Populus_adenopoda__Poade26761.t1	Chr14	13075833	13077732	False
Populus_adenopoda	Populus_adenopoda__Poade27135.t1	Chr15	1026632	1030277	False
Populus_adenopoda	Populus_adenopoda__Poade27519.t1	Chr15	5610125	5613600	False
Populus_adenopoda	Populus_adenopoda__Poade28021.t2	Chr15	13162106	13165170	False
Populus_adenopoda	Populus_adenopoda__Poade28109.t1	Chr15	13896140	13896635	False
Populus_adenopoda	Populus_adenopoda__Poade28226.t1	Chr15	14937686	14938274	False
Populus_adenopoda	Populus_adenopoda__Poade28342.t1	Chr16	460321	462986	False
Populus_adenopoda	Populus_adenopoda__Poade28580.t1	Chr16	2815560	2816962	True
Populus_adenopoda	Populus_adenopoda__Poade29288.t1	Chr16	12323650	12328189	False
Populus_adenopoda	Populus_adenopoda__Poade30269.t1	Chr17	1577700	1579474	True
Populus_adenopoda	Populus_adenopoda__Poade30339.t1	Chr17	2012525	2015415	False
Populus_adenopoda	Populus_adenopoda__Poade30377.t1	Chr17	2346758	2351248	False
Populus_adenopoda	Populus_adenopoda__Poade30488.t1	Chr17	3473615	3478749	False
Populus_adenopoda	Populus_adenopoda__LG17_exon1_exon4_exon2_exon3_exon5	Chr17	12130527	12133077	False
Populus_adenopoda	Populus_adenopoda__Poade32074.t1	Chr19	323567	325418	False
Populus_adenopoda	Populus_adenopoda__Poade32076.t1	Chr19	339955	346629	False
Populus_adenopoda	Populus_adenopoda__Poade32330.t1	Chr19	2037257	2038614	False
Populus_adenopoda	Populus_adenopoda__Poade32414.t1	Chr19	2533714	2536512	True
Populus_adenopoda	Populus_adenopoda__Poade32472.t1	Chr19	2927916	2928384	False
Populus_adenopoda	Populus_adenopoda__Poade32634.t5	Chr19	4035228	4038128	False
Populus_adenopoda	Populus_adenopoda__Poade32876.t1	Chr19	5667725	5668526	True
Populus_adenopoda	Populus_adenopoda__Poade32877.t1	Chr19	5671684	5672591	False
Populus_adenopoda	Populus_adenopoda__Poade33371.t1	Chr19	9924431	9926758	False
Populus_adenopoda	Populus_adenopoda__Poade04191.t1	Chr2	1899128	1901268	True
Populus_adenopoda	Populus_adenopoda__Poade04249.t1	Chr2	2316522	2319567	False
Populus_adenopoda	Populus_adenopoda__Poade04288.t1	Chr2	2767515	2773072	False
Populus_adenopoda	Populus_adenopoda__Poade04471.t1	Chr2	4303239	4308906	False
Populus_adenopoda	Populus_adenopoda__Poade04691.t1	Chr2	6441040	6448253	True
Populus_adenopoda	Populus_adenopoda__Poade04971.t1	Chr2	9065079	9067781	True
Populus_adenopoda	Populus_adenopoda__Poade06147.t1	Chr2	23003314	23005323	False
Populus_adenopoda	Populus_adenopoda__Poade06358.t1	Chr2	24982893	24984619	True
Populus_adenopoda	Populus_adenopoda__Poade06944.t1	Chr3	7827540	7827975	True
Populus_adenopoda	Populus_adenopoda__Poade07193.t1	Chr3	10748502	10751987	False
Populus_adenopoda	Populus_adenopoda__Poade07560.t3	Chr3	13746366	13748986	False
Populus_adenopoda	Populus_adenopoda__Poade07652.t1	Chr3	14442038	14442482	True
Populus_adenopoda	Populus_adenopoda__Poade07884.t1	Chr3	16622002	16625055	False
Populus_adenopoda	Populus_adenopoda__Poade08078.t1	Chr3	18278214	18282748	False
Populus_adenopoda	Populus_adenopoda__Poade08096.t2	Chr3	18468196	18470663	False
Populus_adenopoda	Populus_adenopoda__Poade08299.t1	Chr3	20241534	20244631	False
Populus_adenopoda	Populus_adenopoda__Poade08426.t1	Chr3	21103794	21104265	False
Populus_adenopoda	Populus_adenopoda__Poade08543.t1	Chr3	22085112	22085776	True
Populus_adenopoda	Populus_adenopoda__Poade08861.t1	Chr4	1669261	1674611	True
Populus_adenopoda	Populus_adenopoda__Poade09000.t1	Chr4	3102829	3108826	False
Populus_adenopoda	Populus_adenopoda__Poade09233.t2	Chr4	5607643	5609023	True
Populus_adenopoda	Populus_adenopoda__Poade09344.t1	Chr4	6862062	6864574	False
Populus_adenopoda	Populus_adenopoda__Poade09399.t1	Chr4	7374082	7374550	False
Populus_adenopoda	Populus_adenopoda__Poade09548.t1	Chr4	8841794	8844628	False
Populus_adenopoda	Populus_adenopoda__Poade09789.t1	Chr4	13313038	13313629	True
Populus_adenopoda	Populus_adenopoda__Poade10738.t1	Chr5	133965	135641	False
Populus_adenopoda	Populus_adenopoda__Poade10875.t1	Chr5	1000064	1001077	False
Populus_adenopoda	Populus_adenopoda__Poade10991.t1	Chr5	1879283	1879760	False
Populus_adenopoda	Populus_adenopoda__Poade11116.t1	Chr5	2846910	2849136	False
Populus_adenopoda	Populus_adenopoda__Poade11321.t1	Chr5	4859145	4863032	True
Populus_adenopoda	Populus_adenopoda__Poade11339.t1	Chr5	5082413	5084832	True
Populus_adenopoda	Populus_adenopoda__Poade11514.t1	Chr5	7254102	7257148	False
Populus_adenopoda	Populus_adenopoda__Poade11834.t1	Chr5	12365511	12368480	False
Populus_adenopoda	Populus_adenopoda__Poade11889.t1	Chr5	12943828	12944317	False
Populus_adenopoda	Populus_adenopoda__Poade11981.t1	Chr5	13705198	13705819	False
Populus_adenopoda	Populus_adenopoda__Poade12228.t6	Chr5	16028123	16030905	False
Populus_adenopoda	Populus_adenopoda__Poade12499.t1	Chr5	18332147	18336832	False
Populus_adenopoda	Populus_adenopoda__Poade13011.t1	Chr6	1303292	1304006	False
Populus_adenopoda	Populus_adenopoda__Poade13090.t1	Chr6	1978274	1984054	False
Populus_adenopoda	Populus_adenopoda__Poade14010.t1	Chr6	10028068	10034008	True
Populus_adenopoda	Populus_adenopoda__Poade14703.t1	Chr6	19086170	19088764	False
Populus_adenopoda	Populus_adenopoda__Poade15729.t1	Chr7	13148068	13152463	False
Populus_adenopoda	Populus_adenopoda__Poade15777.t1	Chr7	13523044	13523647	False
Populus_adenopoda	Populus_adenopoda__Poade15845.t1	Chr7	14068335	14068767	False
Populus_adenopoda	Populus_adenopoda__Poade16631.t1	Chr7	20008548	20010899	True
Populus_adenopoda	Populus_adenopoda__Poade16685.t1	Chr7	20376094	20378231	False
Populus_adenopoda	Populus_adenopoda__Poade16829.t1	Chr8	456611	457911	False
Populus_adenopoda	Populus_adenopoda__Poade16832.t1	Chr8	467912	469789	True
Populus_adenopoda	Populus_adenopoda__Poade16887.t2	Chr8	743358	745864	True
Populus_adenopoda	Populus_adenopoda__Poade17757.t1	Chr8	7019312	7019744	False
Populus_adenopoda	Populus_adenopoda__Poade17830.t1	Chr8	7533321	7533924	False
Populus_adenopoda	Populus_adenopoda__Poade18892.t1	Chr8	19697582	19700207	False
Populus_alba	Populus_alba__KAL3609257.1	Chr1	3052277	3059230	True
Populus_alba	Populus_alba__KAL3609676.1	Chr1	7326757	7329562	True
Populus_alba	Populus_alba__KAL3610209.1	Chr1	12480703	12486622	True
Populus_alba	Populus_alba__KAL3610968.1	Chr1	25875904	25878254	True
Populus_alba	Populus_alba__KAL3612229.1	Chr1	41771263	41772104	True
Populus_alba	Populus_alba__KAL3612257.1	Chr1	42120180	42121824	True
Populus_alba	Populus_alba__KAL3577481.1	Chr10	389146	391976	True
Populus_alba	Populus_alba__KAL3578523.1	Chr10	13889278	13891607	True
Populus_alba	Populus_alba__KAL3578587.1	Chr10	14392671	14393277	False
Populus_alba	Populus_alba__KAL3578651.1	Chr10	14931585	14932017	True
Populus_alba	Populus_alba__KAL3579501.1	Chr10	21316652	21319135	True
Populus_alba	Populus_alba__KAL3579546.1	Chr10	21580069	21581938	True
Populus_alba	Populus_alba__KAL3579548.1	Chr10	21591484	21592779	False
Populus_alba	Populus_alba__KAL3573666.1	Chr13	3283604	3288148	True
Populus_alba	Populus_alba__CM100082.1_exon1_exon4_exon6	Chr13	13398482	13401257	True
Populus_alba	Populus_alba__KAL3574345.1	Chr13	13564964	13568953	True
Populus_alba	Populus_alba__KAL3574582.1	Chr13	16210841	16213519	True
Populus_alba	Populus_alba__KAL3571432.1	Chr14	959660	960242	True
Populus_alba	Populus_alba__KAL3571452.1	Chr14	1183586	1184021	True
Populus_alba	Populus_alba__KAL3571576.1	Chr14	2154503	2157325	True
Populus_alba	Populus_alba__KAL3572086.1	Chr14	7270190	7274142	True
Populus_alba	Populus_alba__KAL3572317.1	Chr14	9269229	9269649	True
Populus_alba	Populus_alba__KAL3572606.1	Chr14	11657601	11660659	True
Populus_alba	Populus_alba__KAL3572608.1	Chr14	11671994	11674863	True
Populus_alba	Populus_alba__KAL3572695.1	Chr14	12471119	12475031	True
Populus_alba	Populus_alba__KAL3572716.1	Chr14	12662800	12667278	True
Populus_alba	Populus_alba__KAL3570848.1	Chr15	9775850	9776480	True
Populus_alba	Populus_alba__KAL3568887.1	Chr16	1860009	1863580	True
Populus_alba	Populus_alba__KAL3568951.1	Chr16	2400226	2403101	True
Populus_alba	Populus_alba__KAL3568988.1	Chr16	2746786	2751266	False
Populus_alba	Populus_alba__KAL3569131.1	Chr16	4692906	4697669	True
Populus_alba	Populus_alba__KAL3569774.1	Chr16	13786424	13789002	True
Populus_alba	Populus_alba__KAL3567425.1	Chr17	4172070	4173460	False
Populus_alba	Populus_alba__KAL3568220.1	Chr17	16401908	16402490	False
Populus_alba	Populus_alba__KAL3566150.1	Chr18	2440635	2442560	True
Populus_alba	Populus_alba__KAL3565629.1	Chr19	19039326	19041097	True
Populus_alba	Populus_alba__KAL3565883.1	Chr19	22173155	22176518	True
Populus_alba	Populus_alba__KAL3603304.1	Chr2	1292716	1293378	True
Populus_alba	Populus_alba__KAL3603414.1	Chr2	2262796	2263267	False
Populus_alba	Populus_alba__KAL3603560.1	Chr2	3384770	3386494	True
Populus_alba	Populus_alba__KAL3603737.1	Chr2	5073278	5073722	True
Populus_alba	Populus_alba__KAL3603824.1	Chr2	5762934	5767251	True
Populus_alba	Populus_alba__KAL3604180.1	Chr2	8979575	8983017	True
Populus_alba	Populus_alba__KAL3604436.1	Chr2	12106422	12106857	True
Populus_alba	Populus_alba__KAL3598114.1	Chr3	2363917	2366518	False
Populus_alba	Populus_alba__KAL3598797.1	Chr3	13374024	13379972	True
Populus_alba	Populus_alba__KAL3599602.1	Chr3	20689860	20694665	True
Populus_alba	Populus_alba__KAL3596973.1	Chr4	10417176	10417767	True
Populus_alba	Populus_alba__KAL3597232.1	Chr4	15571878	15574668	False
Populus_alba	Populus_alba__KAL3597302.1	Chr4	16368833	16374357	True
Populus_alba	Populus_alba__KAL3597373.1	Chr4	17109058	17109526	True
Populus_alba	Populus_alba__KAL3597419.1	Chr4	17603730	17608262	True
Populus_alba	Populus_alba__KAL3597498.1	Chr4	18460665	18461472	True
Populus_alba	Populus_alba__KAL3597745.1	Chr4	20703991	20709850	False
Populus_alba	Populus_alba__KAL3597872.1	Chr4	21843166	21848028	True
Populus_alba	Populus_alba__KAL3591378.1	Chr5	3813818	3818780	True
Populus_alba	Populus_alba__KAL3591632.1	Chr5	6136667	6139922	True
Populus_alba	Populus_alba__KAL3591902.1	Chr5	9020796	9021399	False
Populus_alba	Populus_alba__KAL3591982.1	Chr5	9784498	9784987	True
Populus_alba	Populus_alba__KAL3592031.1	Chr5	10321051	10324024	False
Populus_alba	Populus_alba__KAL3592370.1	Chr5	16168100	16171106	True
Populus_alba	Populus_alba__KAL3592544.1	Chr5	18314952	18317483	False
Populus_alba	Populus_alba__KAL3592565.1	Chr5	18542046	18543399	False
Populus_alba	Populus_alba__KAL3592768.1	Chr5	20423164	20426275	False
Populus_alba	Populus_alba__KAL3592894.1	Chr5	21357685	21358162	True
Populus_alba	Populus_alba__KAL3593011.1	Chr5	22203126	22203867	True
Populus_alba	Populus_alba__KAL3593137.1	Chr5	23069187	23070099	True
Populus_alba	Populus_alba__KAL3585141.1	Chr6	2133119	2133970	True
Populus_alba	Populus_alba__KAL3585192.1	Chr6	2506089	2509166	True
Populus_alba	Populus_alba__KAL3585228.1	Chr6	2890819	2895791	False
Populus_alba	Populus_alba__KAL3585398.1	Chr6	4589080	4606699	True
Populus_alba	Populus_alba__KAL3585626.1	Chr6	6891330	6893110	True
Populus_alba	Populus_alba__KAL3585885.1	Chr6	9478763	9481486	False
Populus_alba	Populus_alba__KAL3587027.1	Chr6	22600995	22602972	True
Populus_alba	Populus_alba__KAL3587260.1	Chr6	25184640	25186526	True
Populus_alba	Populus_alba__KAL3583202.1	Chr7	689331	691296	False
Populus_alba	Populus_alba__KAL3583397.1	Chr7	2541911	2543551	True
Populus_alba	Populus_alba__KAL3583518.1	Chr7	3788193	3788688	False
Populus_alba	Populus_alba__KAL3583606.1	Chr7	4507987	4512613	False
Populus_alba	Populus_alba__KAL3584085.1	Chr7	11464212	11467760	False
Populus_alba	Populus_alba__KAL3581175.1	Chr8	471167	473309	True
Populus_alba	Populus_alba__KAL3581240.1	Chr8	831513	833859	True
Populus_alba	Populus_alba__KAL3581993.1	Chr8	6934517	6934949	True
Populus_alba	Populus_alba__KAL3582065.1	Chr8	7489511	7490114	False
Populus_alba	Populus_alba__KAL3582114.1	Chr8	7838472	7842698	True
Populus_alba	Populus_alba__KAL3579770.1	Chr9	2751667	2754466	False
Populus_alba	Populus_alba__KAL3580118.1	Chr9	5922531	5928472	True
Populus_alba	Populus_alba__KAL3580513.1	Chr9	8867506	8870411	False
Populus_alba	Populus_alba__KAL3580672.1	Chr9	9938285	9938753	True
Populus_alba	Populus_alba__KAL3580730.1	Chr9	10339868	10342688	True
Populus_alba	Populus_alba__KAL3581054.1	Chr9	12778849	12785669	False
Populus_alba	Populus_alba__KAL3581056.1	Chr9	12800052	12801891	True
Populus_alba_var._pyramidalis	Populus_alba_var_pyramidalis__Poalv00902.t1	Chr1	12563594	12565237	False
Populus_alba_var._pyramidalis	Populus_alba_var_pyramidalis__Poalv00947.t1	Chr1	13092803	13093965	True
Populus_alba_var._pyramidalis	Populus_alba_var_pyramidalis__Poalv02439.t1	Chr1	30256681	30259020	True
Populus_alba_var._pyramidalis	Populus_alba_var_pyramidalis__Poalv03260.t1	Chr1	43237190	43244152	True
Populus_alba_var._pyramidalis	Populus_alba_var_pyramidalis__Poalv03825.t1	Chr1	48394856	48397662	True
Populus_alba_var._pyramidalis	Populus_alba_var_pyramidalis__Poalv04249.t1	Chr1	51650952	51656871	True
Populus_alba_var._pyramidalis	Populus_alba_var_pyramidalis__Poalv04461.t1	Chr1	53124852	53125653	True
Populus_alba_var._pyramidalis	Populus_alba_var_pyramidalis__Poalv22959.t1	Chr10	7692769	7694342	True
Populus_alba_var._pyramidalis	Populus_alba_var_pyramidalis__Poalv23629.t1	Chr10	13275212	13282215	True
Populus_alba_var._pyramidalis	Populus_alba_var_pyramidalis__Poalv24554.t1	Chr11	122801	123236	True
Populus_alba_var._pyramidalis	Populus_alba_var_pyramidalis__Poalv24793.t1	Chr11	1882738	1885704	True
Populus_alba_var._pyramidalis	Populus_alba_var_pyramidalis__Poalv25164.t1	Chr11	4894199	4905401	True
Populus_alba_var._pyramidalis	Populus_alba_var_pyramidalis__Poalv25252.t1	Chr11	5488048	5488492	True
Populus_alba_var._pyramidalis	Populus_alba_var_pyramidalis__GWHACDA00000010_exon10_exon6_exon11_exon4_exon5_exon1_exon2_exon7	Chr11	6351097	6351945	True
Populus_alba_var._pyramidalis	Populus_alba_var_pyramidalis__Poalv25488.t1	Chr11	7387694	7388783	False
Populus_alba_var._pyramidalis	Populus_alba_var_pyramidalis__Poalv25697.t1	Chr11	8931102	8933283	True
Populus_alba_var._pyramidalis	Populus_alba_var_pyramidalis__Poalv25724.t1	Chr11	9117352	9119207	True
Populus_alba_var._pyramidalis	Populus_alba_var_pyramidalis__Poalv26081.t1	Chr11	12734149	12735162	True
Populus_alba_var._pyramidalis	Populus_alba_var_pyramidalis__Poalv27752.t1	Chr12	1938549	1939869	True
Populus_alba_var._pyramidalis	Populus_alba_var_pyramidalis__Poalv27762.t1	Chr12	2001124	2002435	False
Populus_alba_var._pyramidalis	Populus_alba_var_pyramidalis__Poalv27490.t1	Chr12	15687907	15689119	True
Populus_alba_var._pyramidalis	Populus_alba_var_pyramidalis__Poalv27952.t1	Chr13	445268	446372	True
Populus_alba_var._pyramidalis	Populus_alba_var_pyramidalis__Poalv28068.t1	Chr13	1698800	1700633	False
Populus_alba_var._pyramidalis	Populus_alba_var_pyramidalis__Poalv28213.t1	Chr13	2875525	2876443	True
Populus_alba_var._pyramidalis	Populus_alba_var_pyramidalis__Poalv28518.t1	Chr13	4955399	4956943	True
Populus_alba_var._pyramidalis	Populus_alba_var_pyramidalis__Poalv28673.t1	Chr13	6837546	6839091	True
Populus_alba_var._pyramidalis	Populus_alba_var_pyramidalis__Poalv28841.t1	Chr13	10265256	10266909	True
Populus_alba_var._pyramidalis	Populus_alba_var_pyramidalis__Poalv28987.t1	Chr13	11717794	11718700	True
Populus_alba_var._pyramidalis	Populus_alba_var_pyramidalis__Poalv29149.t1	Chr13	13694789	13695461	False
Populus_alba_var._pyramidalis	Populus_alba_var_pyramidalis__Poalv29285.t1	Chr13	14854941	14856369	False
Populus_alba_var._pyramidalis	Populus_alba_var_pyramidalis__Poalv30757.t1	Chr14	538071	546082	True
Populus_alba_var._pyramidalis	Populus_alba_var_pyramidalis__Poalv29504.t1	Chr14	2806202	2807162	True
Populus_alba_var._pyramidalis	Populus_alba_var_pyramidalis__Poalv29703.t1	Chr14	5359378	5360461	False
Populus_alba_var._pyramidalis	Populus_alba_var_pyramidalis__Poalv30045.t1	Chr14	10145664	10146962	True
Populus_alba_var._pyramidalis	Populus_alba_var_pyramidalis__Poalv30096.t1	Chr14	10633890	10634379	True
Populus_alba_var._pyramidalis	Populus_alba_var_pyramidalis__Poalv30456.t1	Chr14	13051001	13052218	True
Populus_alba_var._pyramidalis	Populus_alba_var_pyramidalis__Poalv31230.t1	Chr15	2302838	2306878	True
Populus_alba_var._pyramidalis	Populus_alba_var_pyramidalis__Poalv31233.t1	Chr15	2329397	2330375	False
Populus_alba_var._pyramidalis	Populus_alba_var_pyramidalis__Poalv31286.t1	Chr15	2821900	2824476	True
Populus_alba_var._pyramidalis	Populus_alba_var_pyramidalis__Poalv32253.t1	Chr15	13059298	13060276	False
Populus_alba_var._pyramidalis	Populus_alba_var_pyramidalis__Poalv32328.t1	Chr15	13546528	13547134	True
Populus_alba_var._pyramidalis	Populus_alba_var_pyramidalis__Poalv33591.t1	Chr16	1021621	1023108	True
Populus_alba_var._pyramidalis	Populus_alba_var_pyramidalis__GWHACDA00000014_exon1_exon5	Chr18	2621410	2623697	False
Populus_alba_var._pyramidalis	Populus_alba_var_pyramidalis__Poalv37504.t1	Chr19	1433826	1442890	True
Populus_alba_var._pyramidalis	Populus_alba_var_pyramidalis__Poalv37549.t1	Chr19	1850913	1852158	True
Populus_alba_var._pyramidalis	Populus_alba_var_pyramidalis__Poalv37554.t1	Chr19	1986060	1988485	True
Populus_alba_var._pyramidalis	Populus_alba_var_pyramidalis__Poalv37619.t1	Chr19	2458816	2459164	False
Populus_alba_var._pyramidalis	Populus_alba_var_pyramidalis__Poalv38520.t1	Chr19	11389171	11391527	False
Populus_alba_var._pyramidalis	Populus_alba_var_pyramidalis__Poalv38588.t1	Chr19	11927373	11930380	True
Populus_alba_var._pyramidalis	Populus_alba_var_pyramidalis__Poalv04897.t1	Chr2	1873416	1875573	True
Populus_alba_var._pyramidalis	Populus_alba_var_pyramidalis__Poalv04962.t1	Chr2	2344653	2346303	False
Populus_alba_var._pyramidalis	Populus_alba_var_pyramidalis__Poalv05009.t1	Chr2	2823824	2829330	False
Populus_alba_var._pyramidalis	Populus_alba_var_pyramidalis__Poalv05236.t1	Chr2	4397941	4403350	True
Populus_alba_var._pyramidalis	Populus_alba_var_pyramidalis__Poalv05535.t1	Chr2	6449065	6451884	True
Populus_alba_var._pyramidalis	Populus_alba_var_pyramidalis__Poalv05845.t1	Chr2	8881775	8884462	False
Populus_alba_var._pyramidalis	Populus_alba_var_pyramidalis__Poalv07173.t1	Chr2	22907463	22908931	True
Populus_alba_var._pyramidalis	Populus_alba_var_pyramidalis__Poalv07460.t1	Chr2	25096143	25097869	True
Populus_alba_var._pyramidalis	Populus_alba_var_pyramidalis__Poalv07533.t1	Chr3	469722	470400	False
Populus_alba_var._pyramidalis	Populus_alba_var_pyramidalis__Poalv07557.t1	Chr3	618805	624254	True
Populus_alba_var._pyramidalis	Populus_alba_var_pyramidalis__Poalv07705.t1	Chr3	1913868	1917544	True
Populus_alba_var._pyramidalis	Populus_alba_var_pyramidalis__Poalv08559.t1	Chr3	8587285	8587705	True
Populus_alba_var._pyramidalis	Populus_alba_var_pyramidalis__Poalv09808.t1	Chr4	468784	469513	False
Populus_alba_var._pyramidalis	Populus_alba_var_pyramidalis__Poalv10598.t1	Chr4	10844326	10850618	True
Populus_alba_var._pyramidalis	Populus_alba_var_pyramidalis__Poalv12097.t1	Chr4	22911533	22914113	True
Populus_alba_var._pyramidalis	Populus_alba_var_pyramidalis__Poalv12445.t1	Chr5	1353838	1354462	True
Populus_alba_var._pyramidalis	Populus_alba_var_pyramidalis__Poalv12580.t1	Chr5	2679014	2679755	False
Populus_alba_var._pyramidalis	Populus_alba_var_pyramidalis__Poalv12707.t1	Chr5	3584479	3585178	False
Populus_alba_var._pyramidalis	Populus_alba_var_pyramidalis__Poalv13268.t1	Chr5	8948902	8950726	False
Populus_alba_var._pyramidalis	Populus_alba_var_pyramidalis__Poalv13773.t1	Chr5	16498268	16499551	True
Populus_alba_var._pyramidalis	Populus_alba_var_pyramidalis__Poalv13978.t1	Chr5	17982607	17983890	True
Populus_alba_var._pyramidalis	Populus_alba_var_pyramidalis__Poalv14254.t1	Chr5	19721951	19722776	False
Populus_alba_var._pyramidalis	Populus_alba_var_pyramidalis__Poalv16443.t1	Chr6	2950137	2951625	True
Populus_alba_var._pyramidalis	Populus_alba_var_pyramidalis__Poalv16597.t1	Chr6	4306876	4309227	True
Populus_alba_var._pyramidalis	Populus_alba_var_pyramidalis__Poalv16639.t1	Chr6	4698166	4703537	True
Populus_alba_var._pyramidalis	Populus_alba_var_pyramidalis__Poalv16651.t1	Chr6	4812727	4816070	True
Populus_alba_var._pyramidalis	Populus_alba_var_pyramidalis__Poalv16732.t1	Chr6	5522415	5523258	False
Populus_alba_var._pyramidalis	Populus_alba_var_pyramidalis__Poalv16956.t1	Chr6	8361487	8362537	True
Populus_alba_var._pyramidalis	Populus_alba_var_pyramidalis__Poalv15078.t1	Chr6	14400874	14402729	True
Populus_alba_var._pyramidalis	Populus_alba_var_pyramidalis__Poalv15682.t1	Chr6	19588563	19591019	True
Populus_alba_var._pyramidalis	Populus_alba_var_pyramidalis__Poalv18665.t1	Chr7	11608409	11614663	True
Populus_alba_var._pyramidalis	Populus_alba_var_pyramidalis__Poalv19254.t1	Chr7	18955467	18955977	True
Populus_alba_var._pyramidalis	Populus_alba_var_pyramidalis__GWHACDA00000006_exon6_exon5_exon3_exon4	Chr7	20530046	20532879	True
Populus_alba_var._pyramidalis	Populus_alba_var_pyramidalis__Poalv19519.t1	Chr8	805552	809156	True
Populus_alba_var._pyramidalis	Populus_alba_var_pyramidalis__Poalv19699.t1	Chr8	2410811	2411279	True
Populus_alba_var._pyramidalis	Populus_alba_var_pyramidalis__Poalv19761.t1	Chr8	2971299	2973350	True
Populus_alba_var._pyramidalis	Populus_alba_var_pyramidalis__Poalv19897.t1	Chr8	3986769	3987949	True
Populus_alba_var._pyramidalis	Populus_alba_var_pyramidalis__Poalv20188.t1	Chr8	7920013	7927356	True
Populus_alba_var._pyramidalis	Populus_alba_var_pyramidalis__Poalv20190.t1	Chr8	7961783	7964656	True
Populus_alba_var._pyramidalis	Populus_alba_var_pyramidalis__Poalv21832.t1	Chr9	12529071	12531466	True
Populus_alba_var._pyramidalis	Populus_alba_var_pyramidalis__Poalv21946.t1	Chr9	13794092	13795556	True
Populus_davidiana	Populus_davidiana__Podav00079.t1	Chr1	526722	527523	True
Populus_davidiana	Populus_davidiana__Podav00453.t2	Chr1	3948514	3955472	True
Populus_davidiana	Populus_davidiana__Podav00889.t2	Chr1	8201289	8203698	True
Populus_davidiana	Populus_davidiana__Podav01471.t1	Chr1	13320576	13326494	True
Populus_davidiana	Populus_davidiana__Podav02319.t3	Chr1	25971836	25972753	False
Populus_davidiana	Populus_davidiana__Podav03852.t1	Chr1	45820596	45821635	True
Populus_davidiana	Populus_davidiana__Podav03898.t2	Chr1	46367251	46368850	False
Populus_davidiana	Populus_davidiana__Podav23606.t1	Chr10	18857495	18859973	True
Populus_davidiana	Populus_davidiana__Podav23845.t1	Chr10	21858504	21861291	True
Populus_davidiana	Populus_davidiana__LG11_exon3_exon4	Chr11	945232	953205	True
Populus_davidiana	Populus_davidiana__Podav23989.t2	Chr11	945232	948218	True
Populus_davidiana	Populus_davidiana__Podav25168.t1	Chr11	14318432	14319038	True
Populus_davidiana	Populus_davidiana__Podav25239.t1	Chr11	14830704	14831115	True
Populus_davidiana	Populus_davidiana__Podav26132.t1	Chr11	21118558	21121033	True
Populus_davidiana	Populus_davidiana__Podav26188.t1	Chr11	21409559	21421296	True
Populus_davidiana	Populus_davidiana__Podav27261.t1	Chr12	10303970	10308382	True
Populus_davidiana	Populus_davidiana__Podav27312.t1	Chr12	10659681	10660284	True
Populus_davidiana	Populus_davidiana__Podav27379.t1	Chr12	11162900	11163341	False
Populus_davidiana	Populus_davidiana__Podav28189.t1	Chr12	17088323	17090671	True
Populus_davidiana	Populus_davidiana__Podav28255.t1	Chr12	17448273	17450413	True
Populus_davidiana	Populus_davidiana__Podav29483.t3	Chr13	13748933	13750826	True
Populus_davidiana	Populus_davidiana__Podav29880.t1	Chr14	457623	458304	True
Populus_davidiana	Populus_davidiana__Podav30004.t1	Chr14	1618800	1619295	True
Populus_davidiana	Populus_davidiana__Podav30094.t1	Chr14	2335420	2338258	False
Populus_davidiana	Populus_davidiana__Podav30657.t1	Chr14	9986090	9989495	False
Populus_davidiana	Populus_davidiana__Podav31058.t1	Chr14	14088110	14091749	False
Populus_davidiana	Populus_davidiana__Podav32244.t1	Chr15	10867363	10867993	True
Populus_davidiana	Populus_davidiana__Podav33066.t1	Chr16	2927123	2931649	True
Populus_davidiana	Populus_davidiana__Podav33798.t1	Chr16	12021601	12024149	True
Populus_davidiana	Populus_davidiana__Podav34041.t3	Chr16	14257345	14260004	True
Populus_davidiana	Populus_davidiana__Podav34528.t1	Chr17	10688038	10693184	True
Populus_davidiana	Populus_davidiana__Podav34666.t1	Chr17	12460389	12464862	True
Populus_davidiana	Populus_davidiana__Podav34703.t1	Chr17	12809658	12812550	True
Populus_davidiana	Populus_davidiana__Podav34761.t1	Chr17	13224617	13226387	True
Populus_davidiana	Populus_davidiana__Podav36695.t1	Chr19	1364377	1366643	False
Populus_davidiana	Populus_davidiana__Podav36696.t1	Chr19	1369822	1370261	True
Populus_davidiana	Populus_davidiana__Podav36976.t2	Chr19	4120243	4122570	False
Populus_davidiana	Populus_davidiana__Podav37571.t2	Chr19	9020869	9023795	False
Populus_davidiana	Populus_davidiana__Podav37750.t1	Chr19	10125201	10125669	True
Populus_davidiana	Populus_davidiana__Podav37808.t1	Chr19	10534935	10537721	True
Populus_davidiana	Populus_davidiana__Podav37893.t1	Chr19	11020805	11022155	True
Populus_davidiana	Populus_davidiana__Podav38153.t1	Chr19	12747469	12754186	True
Populus_davidiana	Populus_davidiana__Podav38155.t2	Chr19	12768858	12770698	True
Populus_davidiana	Populus_davidiana__Podav05101.t1	Chr2	2330529	2331243	True
Populus_davidiana	Populus_davidiana__Podav05182.t1	Chr2	2955728	2961487	True
Populus_davidiana	Populus_davidiana__Podav06126.t1	Chr2	11942441	11948380	True
Populus_davidiana	Populus_davidiana__Podav07035.t1	Chr2	25307363	25309966	True
Populus_davidiana	Populus_davidiana__Podav07257.t1	Chr3	459713	461444	True
Populus_davidiana	Populus_davidiana__Podav07536.t1	Chr3	2800079	2802046	True
Populus_davidiana	Populus_davidiana__Podav08779.t1	Chr3	17122421	17125137	True
Populus_davidiana	Populus_davidiana__Podav09071.t1	Chr3	19783605	19785643	True
Populus_davidiana	Populus_davidiana__Podav09329.t1	Chr3	23074097	23079485	True
Populus_davidiana	Populus_davidiana__Podav09516.t1	Chr3	24638982	24644498	True
Populus_davidiana	Populus_davidiana__Podav09558.t1	Chr3	25036240	25039295	True
Populus_davidiana	Populus_davidiana__Podav09618.t1	Chr3	25402188	25404329	True
Populus_davidiana	Populus_davidiana__Podav11933.t1	Chr5	2079336	2079807	False
Populus_davidiana	Populus_davidiana__Podav12062.t1	Chr5	2978047	2981190	True
Populus_davidiana	Populus_davidiana__Podav12259.t2	Chr5	4626554	4629003	True
Populus_davidiana	Populus_davidiana__Podav12278.t1	Chr5	4808286	4812827	True
Populus_davidiana	Populus_davidiana__Podav12488.t1	Chr5	6460212	6463292	True
Populus_davidiana	Populus_davidiana__Podav12489.t1	Chr5	6474393	6475809	True
Populus_davidiana	Populus_davidiana__Podav12727.t1	Chr5	8606536	8606980	True
Populus_davidiana	Populus_davidiana__Podav12824.t2	Chr5	9255176	9257802	True
Populus_davidiana	Populus_davidiana__Podav13205.t1	Chr5	12516531	12519971	True
Populus_davidiana	Populus_davidiana__Podav13516.t1	Chr5	15818281	15818716	True
Populus_davidiana	Populus_davidiana__Podav14363.t1	Chr6	1551576	1557756	True
Populus_davidiana	Populus_davidiana__Podav14514.t2	Chr6	2866102	2872130	False
Populus_davidiana	Populus_davidiana__Podav14754.t1	Chr6	4956403	4957783	False
Populus_davidiana	Populus_davidiana__Podav14843.t1	Chr6	5691078	5693578	True
Populus_davidiana	Populus_davidiana__Podav14892.t1	Chr6	6133408	6133876	True
Populus_davidiana	Populus_davidiana__Podav15053.t1	Chr6	7732067	7734894	True
Populus_davidiana	Populus_davidiana__Podav15313.t1	Chr6	12145890	12146481	True
Populus_davidiana	Populus_davidiana__Podav16447.t2	Chr7	124231	126128	True
Populus_davidiana	Populus_davidiana__Podav16605.t1	Chr7	971443	972459	True
Populus_davidiana	Populus_davidiana__Podav16729.t1	Chr7	1836855	1837636	True
Populus_davidiana	Populus_davidiana__Podav16865.t1	Chr7	2773337	2775491	False
Populus_davidiana	Populus_davidiana__Podav17092.t1	Chr7	5003679	5007584	True
Populus_davidiana	Populus_davidiana__Podav17111.t1	Chr7	5217677	5220098	True
Populus_davidiana	Populus_davidiana__Podav17313.t1	Chr7	7531075	7534125	True
Populus_davidiana	Populus_davidiana__Podav17690.t1	Chr7	13153694	13156668	True
Populus_davidiana	Populus_davidiana__Podav17744.t1	Chr7	13665502	13665991	True
Populus_davidiana	Populus_davidiana__Podav17834.t1	Chr7	14430946	14431549	False
Populus_davidiana	Populus_davidiana__Podav18103.t2	Chr7	17001704	17004879	True
Populus_davidiana	Populus_davidiana__Podav18361.t1	Chr7	19458587	19463246	True
Populus_davidiana	Populus_davidiana__Podav18988.t1	Chr8	5875978	5876545	False
Populus_davidiana	Populus_davidiana__Podav20297.t1	Chr8	18657626	18661312	False
Populus_davidiana	Populus_davidiana__Podav21354.t1	Chr9	11667061	11667481	True
Populus_davidiana	Populus_davidiana__Podav21593.t1	Chr9	13656083	13660067	True
Populus_davidiana	Populus_davidiana__Podav22160.t3	Chr9	18367756	18370829	True
Populus_davidiana	Populus_davidiana__Podav22283.t1	Chr9	19500388	19500823	False
Populus_davidiana	Populus_davidiana__Podav22299.t1	Chr9	19663528	19664206	False
Populus_davidiana	Populus_davidiana__Podav00031.t1	Scaffold_000001	170348	172900	True
Populus_deltoides	Populus_deltoides__Podel.01G022400.1.v2.1	Chr1	1588891	1589695	True
Populus_deltoides	Populus_deltoides__Podel.01G032300.1.v2.1	Chr1	2322685	2329650	True
Populus_deltoides	Populus_deltoides__Podel.01G081100.1.v2.1	Chr1	6423748	6426689	True
Populus_deltoides	Populus_deltoides__Podel.01G146300.1.v2.1	Chr1	11884536	11889526	False
Populus_deltoides	Populus_deltoides__Podel.01G176700.1.v2.1	Chr1	14864089	14864536	True
Populus_deltoides	Populus_deltoides__Podel.01G232200.1.v2.1	Chr1	23638619	23640967	True
Populus_deltoides	Populus_deltoides__Podel.01G399500.1.v2.1	Chr1	42233242	42234834	False
Populus_deltoides	Populus_deltoides__Podel.10G004200.1.v2.1	Chr10	386756	389827	True
Populus_deltoides	Populus_deltoides__Podel.10G136700.1.v2.1	Chr10	13710955	13711561	False
Populus_deltoides	Populus_deltoides__Podel.10G144700.1.v2.1	Chr10	14240160	14240595	False
Populus_deltoides	Populus_deltoides__Podel.10G249700.1.v2.1	Chr10	21168638	21171159	True
Populus_deltoides	Populus_deltoides__Podel.10G255600.1.v2.1	Chr10	21442945	21444750	True
Populus_deltoides	Populus_deltoides__Podel.10G255800.1.v2.1	Chr10	21455830	21458069	False
Populus_deltoides	Populus_deltoides__Podel.12G065200.1.v2.1	Chr12	6946702	6948184	True
Populus_deltoides	Populus_deltoides__Podel.13G042700.1.v2.1	Chr13	2936164	2940662	True
Populus_deltoides	Populus_deltoides__Podel.13G098000.1.v2.1	Chr13	10017118	10020486	True
Populus_deltoides	Populus_deltoides__Podel.13G134200.1.v2.1	Chr13	14272701	14275292	False
Populus_deltoides	Populus_deltoides__Podel.13G197400.1.v2.1	Chr13	17146544	17149038	True
Populus_deltoides	Populus_deltoides__Podel.14G003900.1.v2.1	Chr14	401541	402090	True
Populus_deltoides	Populus_deltoides__Podel.14G012700.1.v2.1	Chr14	977725	978163	True
Populus_deltoides	Populus_deltoides__Podel.14G027800.1.v2.1	Chr14	1978051	1980824	True
Populus_deltoides	Populus_deltoides__Podel.14G095600.1.v2.1	Chr14	6880988	6884985	True
Populus_deltoides	Populus_deltoides__Podel.14G125100.1.v2.1	Chr14	9188201	9188624	True
Populus_deltoides	Populus_deltoides__Podel.15G051500.1.v2.1	Chr15	5421216	5421849	True
Populus_deltoides	Populus_deltoides__Podel.15G150000.1.v2.1	Chr15	15226522	15227880	True
Populus_deltoides	Populus_deltoides__Podel.16G028000.1.v2.1	Chr16	1682147	1683920	True
Populus_deltoides	Populus_deltoides__Podel.16G035200.1.v2.1	Chr16	2113279	2116171	True
Populus_deltoides	Populus_deltoides__Podel.16G039500.1.v2.1	Chr16	2440040	2444521	True
Populus_deltoides	Populus_deltoides__Podel.16G053400.1.v2.1	Chr16	3544147	3549310	True
Populus_deltoides	Populus_deltoides__Podel.16G127700.1.v2.1	Chr16	12907236	12909639	False
Populus_deltoides	Populus_deltoides__Podel.17G028500.1.v2.1	Chr17	2543501	2547109	True
Populus_deltoides	Populus_deltoides__Podel.17G110700.1.v2.1	Chr17	12118951	12119536	True
Populus_deltoides	Populus_deltoides__Podel.18G029700.1.v2.1	Chr18	2395639	2397538	True
Populus_deltoides	Populus_deltoides__Podel.19G089700.1.v2.1	Chr19	11767549	11770034	True
Populus_deltoides	Populus_deltoides__Podel.19G096300.1.v2.1	Chr19	12270433	12272931	True
Populus_deltoides	Populus_deltoides__Podel.19G130700.1.v2.1	Chr19	15209327	15211919	True
Populus_deltoides	Populus_deltoides__Podel.02G034200.1.v2.1	Chr2	2310057	2310531	True
Populus_deltoides	Populus_deltoides__Podel.02G048200.1.v2.1	Chr2	3229903	3232903	False
Populus_deltoides	Populus_deltoides__Podel.02G052000.1.v2.1	Chr2	3575461	3579857	False
Populus_deltoides	Populus_deltoides__Podel.02G052800.1.v2.1	Chr2	3626954	3629931	False
Populus_deltoides	Populus_deltoides__Podel.02G073000.1.v2.1	Chr2	5155708	5159614	False
Populus_deltoides	Populus_deltoides__Podel.02G075200.1.v2.1	Chr2	5332263	5336806	True
Populus_deltoides	Populus_deltoides__Podel.02G098500.1.v2.1	Chr2	7147066	7149597	True
Populus_deltoides	Populus_deltoides__Podel.02G098600.1.v2.1	Chr2	7166401	7167738	True
Populus_deltoides	Populus_deltoides__Podel.02G126600.1.v2.1	Chr2	9605793	9606240	True
Populus_deltoides	Populus_deltoides__Podel.02G138200.1.v2.1	Chr2	10385152	10388978	True
Populus_deltoides	Populus_deltoides__Podel.02G186400.1.v2.1	Chr2	14264077	14267558	True
Populus_deltoides	Populus_deltoides__Podel.02G218800.1.v2.1	Chr2	17988390	17988828	True
Populus_deltoides	Populus_deltoides__Podel.03G013600.1.v2.1	Chr3	1707301	1709887	True
Populus_deltoides	Populus_deltoides__Podel.03G103300.1.v2.1	Chr3	12188620	12194343	True
Populus_deltoides	Populus_deltoides__Podel.03G212100.1.v2.1	Chr3	20692981	20698856	False
Populus_deltoides	Populus_deltoides__Podel.03G221100.1.v2.1	Chr3	21316004	21316721	False
Populus_deltoides	Populus_deltoides__Podel.04G121600.1.v2.1	Chr4	11563873	11564467	True
Populus_deltoides	Populus_deltoides__Podel.04G145800.1.v2.1	Chr4	15986034	15988875	False
Populus_deltoides	Populus_deltoides__Podel.04G162300.1.v2.1	Chr4	17692025	17692535	True
Populus_deltoides	Populus_deltoides__Podel.04G168100.1.v2.1	Chr4	18210828	18213331	True
Populus_deltoides	Populus_deltoides__Podel.04G177500.1.v2.1	Chr4	18868192	18869572	True
Populus_deltoides	Populus_deltoides__Podel.04G207200.1.v2.1	Chr4	21191759	21197851	False
Populus_deltoides	Populus_deltoides__Podel.04G224800.1.v2.1	Chr4	22614579	22620582	True
Populus_deltoides	Populus_deltoides__Podel.05G057600.1.v2.1	Chr5	3921944	3926553	True
Populus_deltoides	Populus_deltoides__Podel.05G089800.1.v2.1	Chr5	6262774	6266203	False
Populus_deltoides	Populus_deltoides__Podel.05G132900.1.v2.1	Chr5	9988821	9989313	True
Populus_deltoides	Populus_deltoides__Podel.05G139800.1.v2.1	Chr5	10668571	10670929	True
Populus_deltoides	Populus_deltoides__Podel.05G181100.1.v2.1	Chr5	18570462	18573489	True
Populus_deltoides	Populus_deltoides__Podel.05G202400.1.v2.1	Chr5	21163946	21167636	True
Populus_deltoides	Populus_deltoides__Podel.05G204500.1.v2.1	Chr5	21393513	21397831	True
Populus_deltoides	Populus_deltoides__Podel.05G230200.1.v2.1	Chr5	23431624	23434717	False
Populus_deltoides	Populus_deltoides__Podel.05G245900.1.v2.1	Chr5	24526660	24527131	True
Populus_deltoides	Populus_deltoides__Podel.05G259400.1.v2.1	Chr5	25376611	25377409	True
Populus_deltoides	Populus_deltoides__Podel.05G274400.1.v2.1	Chr5	26267464	26269156	True
Populus_deltoides	Populus_deltoides__Podel.06G028300.1.v2.1	Chr6	1981283	1983040	True
Populus_deltoides	Populus_deltoides__Podel.06G035100.1.v2.1	Chr6	2399984	2403061	True
Populus_deltoides	Populus_deltoides__Podel.06G038900.1.v2.1	Chr6	2796814	2799992	False
Populus_deltoides	Populus_deltoides__Podel.06G061000.1.v2.1	Chr6	4518121	4523471	True
Populus_deltoides	Populus_deltoides__Podel.06G089700.1.v2.1	Chr6	6879108	6881081	True
Populus_deltoides	Populus_deltoides__Podel.06G124000.1.v2.1	Chr6	9971746	9974581	True
Populus_deltoides	Populus_deltoides__Podel.06G265700.1.v2.1	Chr6	26281810	26283801	True
Populus_deltoides	Populus_deltoides__Podel.06G291000.1.v2.1	Chr6	28014493	28016325	True
Populus_deltoides	Populus_deltoides__Podel.07G008900.1.v2.1	Chr7	689286	690027	True
Populus_deltoides	Populus_deltoides__Podel.07G022000.1.v2.1	Chr7	1694687	1695122	True
Populus_deltoides	Populus_deltoides__Podel.07G034300.1.v2.1	Chr7	2687438	2690514	False
Populus_deltoides	Populus_deltoides__Podel.07G034600.1.v2.1	Chr7	2740759	2743837	False
Populus_deltoides	Populus_deltoides__Podel.07G094400.1.v2.1	Chr7	11520031	11523514	False
Populus_deltoides	Populus_deltoides__Podel.07G142200.1.v2.1	Chr7	15086445	15090194	True
Populus_deltoides	Populus_deltoides__Podel.08G016000.1.v2.1	Chr8	1083641	1085784	False
Populus_deltoides	Populus_deltoides__Podel.08G024100.1.v2.1	Chr8	1458523	1460890	True
Populus_deltoides	Populus_deltoides__Podel.08G126200.1.v2.1	Chr8	8504069	8510633	True
Populus_deltoides	Populus_deltoides__Podel.08G134200.1.v2.1	Chr8	9088222	9088828	False
Populus_deltoides	Populus_deltoides__Podel.08G139300.1.v2.1	Chr8	9459237	9464236	True
Populus_deltoides	Populus_deltoides__Podel.09G016800.1.v2.1	Chr9	2738815	2741132	True
Populus_deltoides	Populus_deltoides__Podel.09G076700.1.v2.1	Chr9	7293291	7294190	True
Populus_deltoides	Populus_deltoides__Podel.09G076800.1.v2.1	Chr9	7298137	7299343	False
Populus_deltoides	Populus_deltoides__Podel.09G104000.1.v2.1	Chr9	9110431	9113326	True
Populus_deltoides	Populus_deltoides__Podel.09G125000.1.v2.1	Chr9	10356215	10356686	True
Populus_deltoides	Populus_deltoides__Podel.09G130600.1.v2.1	Chr9	10738476	10741307	True
Populus_deltoides	Populus_deltoides__Podel.09G140100.1.v2.1	Chr9	11201932	11203291	True
Populus_deltoides	Populus_deltoides__Podel.09G170300.1.v2.1	Chr9	13027441	13034165	True
Populus_deltoides	Populus_deltoides__Podel.09G170500.1.v2.1	Chr9	13049467	13051361	False
Populus_deltoides	Populus_deltoides__Podel.T273900.1.v2.1	Scaffold_000060	1613	3374	True
Populus_deltoides	Populus_deltoides__Podel.T107700.1.v2.1	Scaffold_000224	17779	18212	True
Populus_deltoides	Populus_deltoides__Podel.T107800.1.v2.1	Scaffold_000224	19793	20230	True
Populus_deltoides	Populus_deltoides__Podel.T188200.1.v2.1	Scaffold_000456	29386	31876	True
Populus_deltoides	Populus_deltoides__Podel.T202900.1.v2.1	Scaffold_000505	20851	23516	True
Populus_deltoides	Populus_deltoides__Podel.T050600.1.v2.1	Scaffold_001102	5188	6212	False
Populus_euphratica	Populus_euphratica__Poeup00835.t1	Chr1	15078417	15080012	True
Populus_euphratica	Populus_euphratica__Poeup00866.t1	Chr1	15446737	15447752	False
Populus_euphratica	Populus_euphratica__Poeup02427.t1	Chr1	40733414	40735745	False
Populus_euphratica	Populus_euphratica__Poeup02433.t1	Chr1	40764834	40767185	False
Populus_euphratica	Populus_euphratica__Poeup02919.t1	Chr1	52542436	52543943	True
Populus_euphratica	Populus_euphratica__GWHAAYU00000002_exon6_exon4_exon3_exon2_exon5_exon7_2dom	Chr1	55940844	55946661	True
Populus_euphratica	Populus_euphratica__Poeup03820.t1	Chr1	61098630	61100893	True
Populus_euphratica	Populus_euphratica__Poeup04226.t1	Chr1	64537793	64544776	True
Populus_euphratica	Populus_euphratica__Poeup04325.t1	Chr1	65197997	65198798	True
Populus_euphratica	Populus_euphratica__Poeup04461.t1	Chr1	66294638	66295484	True
Populus_euphratica	Populus_euphratica__Poeup20064.t1	Chr10	1532914	1534979	True
Populus_euphratica	Populus_euphratica__Poeup20146.t1	Chr10	2170738	2171494	False
Populus_euphratica	Populus_euphratica__Poeup20401.t1	Chr10	3948709	3951793	False
Populus_euphratica	Populus_euphratica__Poeup20403.t1	Chr10	3964188	3965244	True
Populus_euphratica	Populus_euphratica__Poeup20601.t1	Chr10	5470350	5472915	False
Populus_euphratica	Populus_euphratica__Poeup21438.t1	Chr10	11970422	11972363	True
Populus_euphratica	Populus_euphratica__Poeup21521.t1	Chr10	12686500	12689218	True
Populus_euphratica	Populus_euphratica__Poeup21569.t1	Chr10	13120546	13123053	False
Populus_euphratica	Populus_euphratica__Poeup17587.t1	Chr11	4794449	4798063	False
Populus_euphratica	Populus_euphratica__Poeup18543.t1	Chr11	26810011	26811455	False
Populus_euphratica	Populus_euphratica__Poeup29412.t1	Chr12	961808	963491	True
Populus_euphratica	Populus_euphratica__Poeup29645.t1	Chr12	3117092	3117950	True
Populus_euphratica	Populus_euphratica__Poeup29786.t1	Chr12	5827276	5831333	True
Populus_euphratica	Populus_euphratica__Poeup29916.t1	Chr12	10747549	10748660	True
Populus_euphratica	Populus_euphratica__Poeup30439.t1	Chr12	18184947	18189569	False
Populus_euphratica	Populus_euphratica__Poeup15583.t1	Chr13	487951	488879	False
Populus_euphratica	Populus_euphratica__Poeup15833.t1	Chr13	2156640	2159678	True
Populus_euphratica	Populus_euphratica__Poeup15834.t1	Chr13	2168957	2170963	False
Populus_euphratica	Populus_euphratica__Poeup16041.t1	Chr13	4082181	4083296	True
Populus_euphratica	Populus_euphratica__Poeup16066.t1	Chr13	4402372	4405472	False
Populus_euphratica	Populus_euphratica__Poeup16278.t1	Chr13	8431304	8448469	True
Populus_euphratica	Populus_euphratica__Poeup16415.t1	Chr13	16432956	16434071	True
Populus_euphratica	Populus_euphratica__Poeup16534.t1	Chr13	19999437	20007594	True
Populus_euphratica	Populus_euphratica__Poeup16832.t1	Chr13	25299818	25302286	True
Populus_euphratica	Populus_euphratica__Poeup16840.t1	Chr13	25380581	25381858	False
Populus_euphratica	Populus_euphratica__Poeup27401.t1	Chr14	18603803	18604530	True
Populus_euphratica	Populus_euphratica__Poeup27629.t1	Chr14	20468213	20469434	False
Populus_euphratica	Populus_euphratica__Poeup28102.t1	Chr15	2005249	2006726	True
Populus_euphratica	Populus_euphratica__Poeup28359.t1	Chr15	7813055	7814289	True
Populus_euphratica	Populus_euphratica__Poeup28714.t1	Chr15	17080162	17080651	False
Populus_euphratica	Populus_euphratica__Poeup28769.t1	Chr15	17737377	17738894	False
Populus_euphratica	Populus_euphratica__Poeup28778.t1	Chr15	17812572	17813825	False
Populus_euphratica	Populus_euphratica__Poeup29194.t1	Chr15	20906415	20907534	True
Populus_euphratica	Populus_euphratica__Poeup25318.t1	Chr16	1375294	1379290	True
Populus_euphratica	Populus_euphratica__Poeup25361.t1	Chr16	2016712	2026698	True
Populus_euphratica	Populus_euphratica__Poeup25547.t1	Chr16	4522118	4523940	False
Populus_euphratica	Populus_euphratica__Poeup25797.t1	Chr16	13788235	13789420	True
Populus_euphratica	Populus_euphratica__Poeup26094.t1	Chr16	18363191	18365929	False
Populus_euphratica	Populus_euphratica__Poeup23972.t1	Chr17	1643612	1644203	True
Populus_euphratica	Populus_euphratica__Poeup04775.t1	Chr18	2321938	2322340	False
Populus_euphratica	Populus_euphratica__Poeup18622.t1	Chr19	677206	678363	False
Populus_euphratica	Populus_euphratica__Poeup19045.t1	Chr19	5217297	5218652	True
Populus_euphratica	Populus_euphratica__Poeup30908.t1	Chr2	2019214	2021748	True
Populus_euphratica	Populus_euphratica__Poeup31292.t1	Chr2	14376234	14377888	False
Populus_euphratica	Populus_euphratica__Poeup31540.t1	Chr2	17514300	17515975	True
Populus_euphratica	Populus_euphratica__Poeup33327.t1	Chr3	1625746	1626490	False
Populus_euphratica	Populus_euphratica__Poeup34391.t1	Chr3	21286000	21286966	False
Populus_euphratica	Populus_euphratica__Poeup34395.t1	Chr3	21334561	21337303	True
Populus_euphratica	Populus_euphratica__Poeup34446.t1	Chr3	21712115	21714612	False
Populus_euphratica	Populus_euphratica__Poeup08208.t1	Chr4	742768	745921	False
Populus_euphratica	Populus_euphratica__Poeup08905.t1	Chr4	7037977	7038485	True
Populus_euphratica	Populus_euphratica__Poeup09658.t1	Chr4	33764341	33768441	True
Populus_euphratica	Populus_euphratica__Poeup09768.t1	Chr4	34902075	34903593	False
Populus_euphratica	Populus_euphratica__Poeup09810.t1	Chr4	35297985	35299815	True
Populus_euphratica	Populus_euphratica__GWHAAYU00000007_exon6_exon7_exon5_exon4_exon1_exon2_exon3	Chr5	5816793	5820380	True
Populus_euphratica	Populus_euphratica__GWHAAYU00000007_exon13	Chr5	8501492	8502458	False
Populus_euphratica	Populus_euphratica__Poeup14827.t1	Chr5	28911743	28912684	True
Populus_euphratica	Populus_euphratica__Poeup15095.t1	Chr5	31358531	31359068	False
Populus_euphratica	Populus_euphratica__Poeup15484.t1	Chr5	34231406	34232861	False
Populus_euphratica	Populus_euphratica__Poeup10846.t1	Chr6	3343346	3344212	True
Populus_euphratica	Populus_euphratica__Poeup11104.t1	Chr6	5626833	5628131	True
Populus_euphratica	Populus_euphratica__Poeup12817.t1	Chr6	35390528	35391536	False
Populus_euphratica	Populus_euphratica__Poeup22823.t1	Chr7	2963517	2965458	True
Populus_euphratica	Populus_euphratica__Poeup22971.t1	Chr7	4749531	4751925	True
Populus_euphratica	Populus_euphratica__Poeup23228.t1	Chr7	12528182	12529063	False
Populus_euphratica	Populus_euphratica__Poeup23322.t1	Chr7	16586324	16588453	True
Populus_euphratica	Populus_euphratica__Poeup23537.t1	Chr7	20826521	20827844	False
Populus_euphratica	Populus_euphratica__GWHAAYU00000012_exon20_exon6	Chr7	21632978	21633803	True
Populus_euphratica	Populus_euphratica__Poeup06079.t1	Chr8	848406	851022	False
Populus_euphratica	Populus_euphratica__Poeup06486.t1	Chr8	3610196	3611084	False
Populus_euphratica	Populus_euphratica__Poeup07125.t1	Chr8	8268633	8269839	True
Populus_euphratica	Populus_euphratica__Poeup07252.t1	Chr8	9367771	9371473	False
Populus_euphratica	Populus_euphratica__Poeup07500.t1	Chr8	11460352	11461813	True
Populus_euphratica	Populus_euphratica__Poeup35373.t1	Chr9	2555817	2558005	True
Populus_euphratica	Populus_euphratica__Poeup35453.t1	Chr9	6554405	6555008	True
Populus_euphratica	Populus_euphratica__Poeup35526.t1	Chr9	8740300	8740747	True
Populus_euphratica	Populus_euphratica__GWHAAYU00000019_exon1_exon6	Chr9	9094583	9096912	False
Populus_euphratica	Populus_euphratica__Poeup36885.t1	Chr9	19382522	19385799	True
Populus_euphratica	Populus_euphratica__Poeup38371.t1	Scaffold_000489	97712	98444	False
Populus_euphratica	Populus_euphratica__Poeup37189.t1	Scaffold_000581	12848	13991	True
Populus_ilicifolia	Populus_ilicifolia__evm.model.scaffold219_cov113.32	Chr1	361245	362111	True
Populus_ilicifolia	Populus_ilicifolia__evm.model.scaffold168_cov108.80	Chr1	1545801	1546605	True
Populus_ilicifolia	Populus_ilicifolia__evm.model.scaffold169_cov106.296	Chr1	2361239	2368183	True
Populus_ilicifolia	Populus_ilicifolia__evm.model.scaffold82_cov102.105	Chr1	5716164	5719032	False
Populus_ilicifolia	Populus_ilicifolia__evm.model.scaffold1515_cov109.21	Chr1	10652978	10658909	True
Populus_ilicifolia	Populus_ilicifolia__evm.model.scaffold491_cov103.5	Chr1	13600879	13602412	True
Populus_ilicifolia	Populus_ilicifolia__evm.model.scaffold34_cov110.5	Chr1	21986174	21988509	False
Populus_ilicifolia	Populus_ilicifolia__evm.model.scaffold1048_cov104.4	Chr1	37230565	37231531	False
Populus_ilicifolia	Populus_ilicifolia__evm.model.scaffold1242_cov106.13	Chr1	37516628	37518219	True
Populus_ilicifolia	Populus_ilicifolia__evm.model.scaffold926_cov107.20	Chr10	399237	402363	True
Populus_ilicifolia	Populus_ilicifolia__evm.model.scaffold327_cov106.15	Chr10	12792178	12793693	False
Populus_ilicifolia	Populus_ilicifolia__evm.model.scaffold327_cov106.94	Chr10	13343336	13343942	False
Populus_ilicifolia	Populus_ilicifolia__evm.model.scaffold327_cov106.172	Chr10	13872751	13873186	True
Populus_ilicifolia	Populus_ilicifolia__evm.model.scaffold1846_cov110.64	Chr10	20311700	20313512	True
Populus_ilicifolia	Populus_ilicifolia__evm.model.scaffold1846_cov110.61	Chr10	20324716	20326947	True
Populus_ilicifolia	Populus_ilicifolia__evm.model.scaffold408_cov108.129	Chr11	2143116	2146843	False
Populus_ilicifolia	Populus_ilicifolia__evm.model.scaffold184_cov104.8	Chr13	2923175	2927809	True
Populus_ilicifolia	Populus_ilicifolia__evm.model.scaffold951_cov116.2	Chr13	8927817	8931203	True
Populus_ilicifolia	Populus_ilicifolia__evm.model.scaffold46_cov108.18	Chr13	12758082	12760621	False
Populus_ilicifolia	Populus_ilicifolia__evm.model.scaffold717_cov110.46	Chr13	15030942	15033596	True
Populus_ilicifolia	Populus_ilicifolia__evm.model.scaffold356_cov103.163	Chr14	308455	309112	True
Populus_ilicifolia	Populus_ilicifolia__evm.model.scaffold356_cov103.131	Chr14	571835	572273	False
Populus_ilicifolia	Populus_ilicifolia__evm.model.scaffold356_cov103.3	Chr14	1498012	1500983	False
Populus_ilicifolia	Populus_ilicifolia__evm.model.scaffold352_cov102.211	Chr14	5933816	5937796	True
Populus_ilicifolia	Populus_ilicifolia__evm.model.scaffold118_cov101.47	Chr14	7958449	7958872	True
Populus_ilicifolia	Populus_ilicifolia__evm.model.scaffold4416_cov112.1	Chr15	5635076	5635712	True
Populus_ilicifolia	Populus_ilicifolia__evm.model.scaffold1873_cov107.33	Chr16	1386137	1387919	True
Populus_ilicifolia	Populus_ilicifolia__evm.model.scaffold298_cov112.12	Chr16	1808624	1811521	False
Populus_ilicifolia	Populus_ilicifolia__evm.model.scaffold185_cov102.186	Chr16	2211428	2215915	False
Populus_ilicifolia	Populus_ilicifolia__evm.model.scaffold185_cov102.77	Chr16	3165947	3171188	False
Populus_ilicifolia	Populus_ilicifolia__evm.model.scaffold123_cov104.9	Chr16	11885841	11888053	False
Populus_ilicifolia	Populus_ilicifolia__evm.model.scaffold407_cov105.91	Chr17	1359980	1363840	False
Populus_ilicifolia	Populus_ilicifolia__evm.model.scaffold203_cov105.62	Chr17	10617639	10618224	False
Populus_ilicifolia	Populus_ilicifolia__evm.model.scaffold363_cov103.137	Chr18	1929029	1931112	True
Populus_ilicifolia	Populus_ilicifolia__evm.model.scaffold38_cov107.34	Chr19	12209949	12212741	False
Populus_ilicifolia	Populus_ilicifolia__evm.model.scaffold47_cov104.156	Chr2	1969285	1969759	True
Populus_ilicifolia	Populus_ilicifolia__evm.model.scaffold47_cov104.21	Chr2	2847993	2851022	True
Populus_ilicifolia	Populus_ilicifolia__evm.model.scaffold336_cov105.14	Chr2	4615375	4619233	False
Populus_ilicifolia	Populus_ilicifolia__evm.model.scaffold5_cov102.260	Chr2	4808664	4813070	False
Populus_ilicifolia	Populus_ilicifolia__evm.model.scaffold5_cov102.49	Chr2	6458895	6461944	True
Populus_ilicifolia	Populus_ilicifolia__evm.model.scaffold5_cov102.48	Chr2	6472246	6473626	False
Populus_ilicifolia	Populus_ilicifolia__evm.model.scaffold164_cov102.199	Chr2	8688013	8688460	True
Populus_ilicifolia	Populus_ilicifolia__evm.model.scaffold164_cov102.297	Chr2	9373731	9378149	True
Populus_ilicifolia	Populus_ilicifolia__evm.model.scaffold130_cov102.107	Chr2	12488646	12491852	True
Populus_ilicifolia	Populus_ilicifolia__evm.model.scaffold687_cov105.32	Chr2	15385236	15385674	True
Populus_ilicifolia	Populus_ilicifolia__evm.model.scaffold2195_cov107.5	Chr3	1248317	1250930	False
Populus_ilicifolia	Populus_ilicifolia__evm.model.scaffold1665_cov104.5	Chr3	11113552	11119262	True
Populus_ilicifolia	Populus_ilicifolia__evm.model.scaffold1007_cov103.44	Chr3	19017672	19023524	True
Populus_ilicifolia	Populus_ilicifolia__evm.model.scaffold12_cov109.75	Chr3	19608861	19609554	False
Populus_ilicifolia	Populus_ilicifolia__evm.model.scaffold2971_cov84.1	Chr4	11019208	11019802	True
Populus_ilicifolia	Populus_ilicifolia__evm.model.scaffold401_cov111.66	Chr4	16369805	16373427	True
Populus_ilicifolia	Populus_ilicifolia__evm.model.scaffold428_cov103.57	Chr4	18309016	18309487	True
Populus_ilicifolia	Populus_ilicifolia__evm.model.scaffold428_cov103.9	Chr4	18814661	18817190	True
Populus_ilicifolia	Populus_ilicifolia__evm.model.scaffold152_cov107.55	Chr4	19550167	19551548	False
Populus_ilicifolia	Populus_ilicifolia__evm.model.scaffold360_cov106.303	Chr4	21462022	21467674	False
Populus_ilicifolia	Populus_ilicifolia__evm.model.scaffold360_cov106.150	Chr4	22749336	22755136	True
Populus_ilicifolia	Populus_ilicifolia__evm.model.scaffold37_cov106.336	Chr5	2736096	2740691	True
Populus_ilicifolia	Populus_ilicifolia__evm.model.scaffold37_cov106.72	Chr5	4981944	4985493	True
Populus_ilicifolia	Populus_ilicifolia__evm.model.scaffold526_cov104.16	Chr5	7034034	7034412	False
Populus_ilicifolia	Populus_ilicifolia__evm.model.scaffold526_cov104.105	Chr5	7929840	7930332	True
Populus_ilicifolia	Populus_ilicifolia__evm.model.scaffold601_cov109.6	Chr5	8632083	8635064	True
Populus_ilicifolia	Populus_ilicifolia__evm.model.scaffold933_cov112.5	Chr5	16091109	16094217	False
Populus_ilicifolia	Populus_ilicifolia__evm.model.scaffold48_cov100.38	Chr5	18544963	18548654	True
Populus_ilicifolia	Populus_ilicifolia__evm.model.scaffold48_cov100.22	Chr5	18783207	18785887	True
Populus_ilicifolia	Populus_ilicifolia__evm.model.scaffold96_cov103.427	Chr5	20819687	20822738	False
Populus_ilicifolia	Populus_ilicifolia__evm.model.scaffold96_cov103.290	Chr5	21848930	21850208	True
Populus_ilicifolia	Populus_ilicifolia__evm.model.scaffold96_cov103.172	Chr5	22735725	22736751	False
Populus_ilicifolia	Populus_ilicifolia__evm.model.scaffold96_cov103.19	Chr5	23590072	23592253	True
Populus_ilicifolia	Populus_ilicifolia__evm.model.scaffold894_cov107.19	Chr6	1553824	1557115	False
Populus_ilicifolia	Populus_ilicifolia__evm.model.scaffold894_cov107.82	Chr6	1960187	1963192	True
Populus_ilicifolia	Populus_ilicifolia__evm.model.scaffold894_cov107.121	Chr6	2379226	2384694	False
Populus_ilicifolia	Populus_ilicifolia__evm.model.scaffold258_cov104.68	Chr6	3930059	3935489	True
Populus_ilicifolia	Populus_ilicifolia__evm.model.scaffold262_cov103.63	Chr6	5930008	5932255	True
Populus_ilicifolia	Populus_ilicifolia__evm.model.scaffold10_cov104.228	Chr6	8715583	8718288	False
Populus_ilicifolia	Populus_ilicifolia__evm.model.scaffold365_cov106.228	Chr6	23389621	23390574	True
Populus_ilicifolia	Populus_ilicifolia__evm.model.scaffold365_cov106.2	Chr6	25031585	25033485	True
Populus_ilicifolia	Populus_ilicifolia__evm.model.scaffold3471_cov113.1	Chr7	19427	19925	False
Populus_ilicifolia	Populus_ilicifolia__evm.model.scaffold405_cov103.242	Chr7	501384	501975	True
Populus_ilicifolia	Populus_ilicifolia__evm.model.scaffold405_cov103.23	Chr7	2245407	2248498	False
Populus_ilicifolia	Populus_ilicifolia__evm.model.scaffold726_cov101.14	Chr7	10339375	10385098	True
Populus_ilicifolia	Populus_ilicifolia__evm.model.scaffold726_cov101.16	Chr7	10392251	10394991	False
Populus_ilicifolia	Populus_ilicifolia__evm.model.scaffold1832_cov110.20	Chr8	455097	456036	False
Populus_ilicifolia	Populus_ilicifolia__evm.model.scaffold730_cov109.10	Chr8	801004	803315	True
Populus_ilicifolia	Populus_ilicifolia__evm.model.scaffold625_cov106.54	Chr8	6633202	6633637	True
Populus_ilicifolia	Populus_ilicifolia__evm.model.scaffold546_cov105.65	Chr8	7119077	7119683	False
Populus_ilicifolia	Populus_ilicifolia__evm.model.scaffold546_cov105.16	Chr8	7479330	7483749	True
Populus_ilicifolia	Populus_ilicifolia__evm.model.scaffold350_cov108.12	Chr9	3147906	3150236	True
Populus_ilicifolia	Populus_ilicifolia__evm.model.scaffold4_cov105.294	Chr9	7146373	7147232	True
Populus_ilicifolia	Populus_ilicifolia__evm.model.scaffold4_cov105.293	Chr9	7151323	7153694	True
Populus_ilicifolia	Populus_ilicifolia__evm.model.scaffold842_cov103.75	Chr9	8854232	8857738	True
Populus_ilicifolia	Populus_ilicifolia__evm.model.scaffold117_cov106.117	Chr9	10013951	10014422	False
Populus_ilicifolia	Populus_ilicifolia__evm.model.scaffold117_cov106.178	Chr9	10429791	10432584	True
Populus_ilicifolia	Populus_ilicifolia__evm.model.scaffold100_cov105.25	Chr9	10957318	10958664	True
Populus_ilicifolia	Populus_ilicifolia__evm.model.scaffold315_cov110.36	Chr9	12643519	12650342	False
Populus_ilicifolia	Populus_ilicifolia__evm.model.scaffold315_cov110.38	Chr9	12663797	12665987	False
Populus_koreana	Populus_koreana__Pokor00802.t1	Chr1	11259977	11261566	True
Populus_koreana	Populus_koreana__Pokor00834.t1	Chr1	11615820	11616840	True
Populus_koreana	Populus_koreana__Pokor02315.t2	Chr1	28159149	28160078	True
Populus_koreana	Populus_koreana__Pokor02860.t1	Chr1	37021872	37022327	True
Populus_koreana	Populus_koreana__Pokor03155.t1	Chr1	40015518	40021500	True
Populus_koreana	Populus_koreana__Pokor03773.t1	Chr1	45116802	45119682	True
Populus_koreana	Populus_koreana__Pokor04190.t2	Chr1	48744214	48751195	True
Populus_koreana	Populus_koreana__Pokor04295.t1	Chr1	49453779	49454580	False
Populus_koreana	Populus_koreana__Pokor22374.t1	Chr10	475625	477766	True
Populus_koreana	Populus_koreana__Pokor22447.t1	Chr10	840197	842587	False
Populus_koreana	Populus_koreana__Pokor23305.t1	Chr10	6657251	6657686	True
Populus_koreana	Populus_koreana__Pokor23376.t1	Chr10	7167212	7167815	False
Populus_koreana	Populus_koreana__Pokor23428.t1	Chr10	7547342	7551753	True
Populus_koreana	Populus_koreana__Pokor25471.t1	Chr11	14988122	14990615	True
Populus_koreana	Populus_koreana__Pokor25714.t1	Chr11	17503671	17506449	True
Populus_koreana	Populus_koreana__Pokor26387.t1	Chr12	4239894	4240476	False
Populus_koreana	Populus_koreana__Pokor27156.t1	Chr12	14515249	14518947	True
Populus_koreana	Populus_koreana__Pokor27580.t1	Chr13	3008804	3013035	True
Populus_koreana	Populus_koreana__Pokor28003.t2	Chr13	9502681	9506067	True
Populus_koreana	Populus_koreana__Pokor28292.t1	Chr13	13911772	13914317	True
Populus_koreana	Populus_koreana__Pokor28561.t3	Chr13	16216068	16218695	True
Populus_koreana	Populus_koreana__Pokor28864.t1	Chr14	2081113	2083020	True
Populus_koreana	Populus_koreana__Pokor30183.t1	Chr15	1724366	1726133	True
Populus_koreana	Populus_koreana__Pokor30244.t1	Chr15	2215395	2218284	True
Populus_koreana	Populus_koreana__Pokor30283.t1	Chr15	2565880	2570369	False
Populus_koreana	Populus_koreana__Pokor30407.t3	Chr15	3672547	3677738	True
Populus_koreana	Populus_koreana__LG15_exon2_exon4_exon3_exon5	Chr15	13409781	13411847	False
Populus_koreana	Populus_koreana__Pokor32791.t1	Chr17	1123425	1127103	False
Populus_koreana	Populus_koreana__Pokor33213.t2	Chr17	4535981	4539454	False
Populus_koreana	Populus_koreana__Pokor33775.t5	Chr17	13140135	13144512	True
Populus_koreana	Populus_koreana__Pokor33873.t1	Chr17	13896772	13897267	True
Populus_koreana	Populus_koreana__Pokor34003.t1	Chr17	14930717	14931404	True
Populus_koreana	Populus_koreana__Pokor34078.t1	Chr18	52306	53662	True
Populus_koreana	Populus_koreana__Pokor34972.t1	Chr18	9525074	9525704	True
Populus_koreana	Populus_koreana__Pokor35497.t1	Chr19	350030	351853	False
Populus_koreana	Populus_koreana__Pokor35499.t1	Chr19	366253	371297	True
Populus_koreana	Populus_koreana__Pokor35768.t1	Chr19	2063068	2064425	True
Populus_koreana	Populus_koreana__Pokor35857.t1	Chr19	2540362	2543184	True
Populus_koreana	Populus_koreana__Pokor35912.t1	Chr19	2926475	2926943	True
Populus_koreana	Populus_koreana__Pokor36089.t7	Chr19	4060079	4062398	True
Populus_koreana	Populus_koreana__Pokor36356.t1	Chr19	5668772	5671311	False
Populus_koreana	Populus_koreana__Pokor36884.t1	Chr19	9890250	9892574	True
Populus_koreana	Populus_koreana__Pokor04704.t2	Chr2	1702060	1702959	False
Populus_koreana	Populus_koreana__Pokor04768.t1	Chr2	2071223	2074274	True
Populus_koreana	Populus_koreana__Pokor04806.t1	Chr2	2471955	2477505	True
Populus_koreana	Populus_koreana__Pokor05001.t1	Chr2	4021532	4026908	True
Populus_koreana	Populus_koreana__Pokor05239.t1	Chr2	6041095	6043062	True
Populus_koreana	Populus_koreana__Pokor05542.t1	Chr2	8743930	8746633	True
Populus_koreana	Populus_koreana__Pokor06845.t2	Chr2	24376016	24377115	True
Populus_koreana	Populus_koreana__Pokor07072.t1	Chr2	26525932	26527820	True
Populus_koreana	Populus_koreana__Pokor07162.t1	Chr3	153801	155491	True
Populus_koreana	Populus_koreana__Pokor07333.t1	Chr3	1029802	1030819	True
Populus_koreana	Populus_koreana__Pokor07461.t1	Chr3	1913410	1914184	True
Populus_koreana	Populus_koreana__Pokor07593.t1	Chr3	2924709	2927692	True
Populus_koreana	Populus_koreana__Pokor07823.t1	Chr3	4925948	4930229	True
Populus_koreana	Populus_koreana__Pokor07846.t1	Chr3	5199730	5203405	True
Populus_koreana	Populus_koreana__Pokor08053.t1	Chr3	7630930	7633930	True
Populus_koreana	Populus_koreana__Pokor08451.t2	Chr3	15291013	15293997	True
Populus_koreana	Populus_koreana__Pokor08513.t1	Chr3	15908054	15908543	True
Populus_koreana	Populus_koreana__Pokor08609.t1	Chr3	16761029	16761638	True
Populus_koreana	Populus_koreana__Pokor08884.t4	Chr3	19293890	19297307	True
Populus_koreana	Populus_koreana__Pokor09174.t1	Chr3	21696265	21700991	True
Populus_koreana	Populus_koreana__Pokor10333.t1	Chr4	9688866	9689301	True
Populus_koreana	Populus_koreana__Pokor10611.t4	Chr4	12719799	12723252	True
Populus_koreana	Populus_koreana__Pokor11013.t1	Chr4	15920585	15923561	False
Populus_koreana	Populus_koreana__Pokor11111.t1	Chr4	16640521	16640965	True
Populus_koreana	Populus_koreana__Pokor11362.t1	Chr4	18849161	18850580	False
Populus_koreana	Populus_koreana__Pokor11364.t1	Chr4	18863071	18866095	True
Populus_koreana	Populus_koreana__Pokor11579.t1	Chr4	20584064	20588609	True
Populus_koreana	Populus_koreana__Pokor11600.t2	Chr4	20786518	20788958	True
Populus_koreana	Populus_koreana__Pokor11816.t1	Chr4	22449380	22452455	False
Populus_koreana	Populus_koreana__Pokor11957.t1	Chr4	23335819	23336290	False
Populus_koreana	Populus_koreana__Pokor12107.t2	Chr4	24320097	24320763	True
Populus_koreana	Populus_koreana__Pokor13333.t1	Chr5	10650259	10650850	True
Populus_koreana	Populus_koreana__Pokor13622.t1	Chr5	16355991	16358831	False
Populus_koreana	Populus_koreana__Pokor13775.t1	Chr5	17907631	17908099	True
Populus_koreana	Populus_koreana__Pokor13833.t1	Chr5	18394268	18396772	True
Populus_koreana	Populus_koreana__Pokor13937.t4	Chr5	19161305	19162112	True
Populus_koreana	Populus_koreana__Pokor14205.t1	Chr5	21383075	21389154	False
Populus_koreana	Populus_koreana__Pokor14351.t1	Chr5	22772184	22777481	True
Populus_koreana	Populus_koreana__Pokor14560.t1	Chr6	356902	359555	True
Populus_koreana	Populus_koreana__Pokor15707.t1	Chr6	14488668	14490073	True
Populus_koreana	Populus_koreana__Pokor15781.t1	Chr6	15079846	15080524	True
Populus_koreana	Populus_koreana__Pokor15850.t1	Chr6	15614800	15615232	True
Populus_koreana	Populus_koreana__Pokor16792.t1	Chr6	21841311	21843828	True
Populus_koreana	Populus_koreana__Pokor16848.t1	Chr6	22116906	22118709	True
Populus_koreana	Populus_koreana__Pokor16852.t1	Chr6	22128165	22130409	True
Populus_koreana	Populus_koreana__Pokor17035.t1	Chr7	1628647	1631227	False
Populus_koreana	Populus_koreana__Pokor17831.t1	Chr7	12426015	12431606	True
Populus_koreana	Populus_koreana__Pokor18772.t1	Chr7	19844087	19849977	False
Populus_koreana	Populus_koreana__Pokor18855.t2	Chr7	20456951	20457665	False
Populus_koreana	Populus_koreana__Pokor19878.t1	Chr8	11773855	11774275	True
Populus_koreana	Populus_koreana__Pokor20126.t1	Chr8	13792551	13796530	True
Populus_koreana	Populus_koreana__Pokor20676.t1	Chr8	18196619	18199393	True
Populus_koreana	Populus_koreana__Pokor20805.t1	Chr8	19202605	19203040	True
Populus_koreana	Populus_koreana__Pokor20825.t1	Chr8	19380304	19380988	True
Populus_lasiocarpa	Populus_lasiocarpa__Polas00241.t1	Chr1	1518234	1519035	False
Populus_lasiocarpa	Populus_lasiocarpa__Polas00336.t2	Chr1	2164601	2171585	True
Populus_lasiocarpa	Populus_lasiocarpa__Polas00786.t3	Chr1	6131894	6135032	True
Populus_lasiocarpa	Populus_lasiocarpa__Polas01408.t2	Chr1	11357063	11554429	True
Populus_lasiocarpa	Populus_lasiocarpa__Polas01725.t1	Chr1	14680903	14682424	True
Populus_lasiocarpa	Populus_lasiocarpa__Polas02308.t2	Chr1	24188574	24192064	True
Populus_lasiocarpa	Populus_lasiocarpa__Polas03841.t1	Chr1	40426504	40427842	True
Populus_lasiocarpa	Populus_lasiocarpa__Polas03877.t1	Chr1	40801760	40803357	True
Populus_lasiocarpa	Populus_lasiocarpa__Polas24666.t1	Chr10	10464808	10465228	True
Populus_lasiocarpa	Populus_lasiocarpa__Polas24928.t5	Chr10	12606003	12610176	True
Populus_lasiocarpa	Populus_lasiocarpa__Polas25508.t2	Chr10	17044968	17047750	True
Populus_lasiocarpa	Populus_lasiocarpa__Polas25649.t1	Chr10	18107240	18107675	True
Populus_lasiocarpa	Populus_lasiocarpa__Polas25670.t1	Chr10	18283672	18284356	True
Populus_lasiocarpa	Populus_lasiocarpa__Polas26037.t1	Chr11	2541036	2542949	True
Populus_lasiocarpa	Populus_lasiocarpa__Polas27272.t1	Chr12	490205	490943	True
Populus_lasiocarpa	Populus_lasiocarpa__Polas27404.t1	Chr12	1594183	1594678	False
Populus_lasiocarpa	Populus_lasiocarpa__Polas27497.t2	Chr12	2363226	2366303	False
Populus_lasiocarpa	Populus_lasiocarpa__Polas28078.t1	Chr12	11925329	11928803	False
Populus_lasiocarpa	Populus_lasiocarpa__Polas28500.t1	Chr12	15755933	15759642	False
Populus_lasiocarpa	Populus_lasiocarpa__Polas29673.t1	Chr13	14798279	14800762	True
Populus_lasiocarpa	Populus_lasiocarpa__Polas29929.t1	Chr13	17044397	17047159	True
Populus_lasiocarpa	Populus_lasiocarpa__Polas31015.t1	Chr14	11783666	11784296	True
Populus_lasiocarpa	Populus_lasiocarpa__Polas31910.t1	Chr15	3096672	3100575	True
Populus_lasiocarpa	Populus_lasiocarpa__Polas32402.t1	Chr15	10253462	10256829	True
Populus_lasiocarpa	Populus_lasiocarpa__LG15_exon3_exon2_exon1_exon5	Chr15	14453966	14456505	False
Populus_lasiocarpa	Populus_lasiocarpa__Polas32970.t3	Chr15	16577141	16579716	True
Populus_lasiocarpa	Populus_lasiocarpa__Polas33500.t1	Chr16	4344500	4345082	True
Populus_lasiocarpa	Populus_lasiocarpa__Polas34237.t1	Chr16	14400479	14404167	True
Populus_lasiocarpa	Populus_lasiocarpa__Polas34682.t1	Chr17	1629847	1631622	True
Populus_lasiocarpa	Populus_lasiocarpa__Polas34753.t1	Chr17	2057041	2059930	True
Populus_lasiocarpa	Populus_lasiocarpa__Polas34805.t1	Chr17	2413650	2418138	True
Populus_lasiocarpa	Populus_lasiocarpa__Polas34928.t1	Chr17	3397261	3402420	True
Populus_lasiocarpa	Populus_lasiocarpa__LG17_exon1_exon3_exon2	Chr17	14510306	14512229	True
Populus_lasiocarpa	Populus_lasiocarpa__Polas37371.t1	Chr19	337953	339804	True
Populus_lasiocarpa	Populus_lasiocarpa__Polas37373.t1	Chr19	355019	361915	True
Populus_lasiocarpa	Populus_lasiocarpa__Polas37652.t1	Chr19	2159464	2160822	True
Populus_lasiocarpa	Populus_lasiocarpa__Polas37739.t1	Chr19	2664775	2667600	True
Populus_lasiocarpa	Populus_lasiocarpa__Polas37794.t1	Chr19	3048215	3048683	True
Populus_lasiocarpa	Populus_lasiocarpa__Polas37979.t4	Chr19	4244200	4246514	True
Populus_lasiocarpa	Populus_lasiocarpa__Polas38244.t1	Chr19	5959687	5962233	True
Populus_lasiocarpa	Populus_lasiocarpa__Polas38810.t2	Chr19	10568438	10569346	True
Populus_lasiocarpa	Populus_lasiocarpa__Polas04789.t1	Chr2	308457	310185	True
Populus_lasiocarpa	Populus_lasiocarpa__Polas05071.t1	Chr2	2576737	2578734	True
Populus_lasiocarpa	Populus_lasiocarpa__Polas06454.t2	Chr2	18843689	18846401	True
Populus_lasiocarpa	Populus_lasiocarpa__Polas06776.t1	Chr2	21730374	21732335	True
Populus_lasiocarpa	Populus_lasiocarpa__Polas07024.t1	Chr2	23918196	23923546	True
Populus_lasiocarpa	Populus_lasiocarpa__Polas07236.t1	Chr2	25637259	25642834	True
Populus_lasiocarpa	Populus_lasiocarpa__Polas07281.t1	Chr2	26061238	26064288	True
Populus_lasiocarpa	Populus_lasiocarpa__Polas07347.t1	Chr2	26450803	26452563	True
Populus_lasiocarpa	Populus_lasiocarpa__Polas07625.t1	Chr3	178595	180282	True
Populus_lasiocarpa	Populus_lasiocarpa__Polas07783.t1	Chr3	1061760	1062777	True
Populus_lasiocarpa	Populus_lasiocarpa__Polas07914.t1	Chr3	1951389	1951857	True
Populus_lasiocarpa	Populus_lasiocarpa__Polas08067.t1	Chr3	3035099	3038252	True
Populus_lasiocarpa	Populus_lasiocarpa__Polas08298.t1	Chr3	5217103	5221382	True
Populus_lasiocarpa	Populus_lasiocarpa__Polas08322.t1	Chr3	5477826	5481500	True
Populus_lasiocarpa	Populus_lasiocarpa__Polas08542.t1	Chr3	8117354	8120399	True
Populus_lasiocarpa	Populus_lasiocarpa__Polas09021.t1	Chr3	16916475	16919457	False
Populus_lasiocarpa	Populus_lasiocarpa__Polas09091.t1	Chr3	17637295	17637784	True
Populus_lasiocarpa	Populus_lasiocarpa__Polas09198.t1	Chr3	18524196	18524805	True
Populus_lasiocarpa	Populus_lasiocarpa__Polas09491.t1	Chr3	21047897	21051343	True
Populus_lasiocarpa	Populus_lasiocarpa__Polas09792.t1	Chr3	23414465	23419178	True
Populus_lasiocarpa	Populus_lasiocarpa__Polas10923.t1	Chr4	10094109	10094544	True
Populus_lasiocarpa	Populus_lasiocarpa__Polas11210.t1	Chr4	13293453	13296928	True
Populus_lasiocarpa	Populus_lasiocarpa__Polas11639.t5	Chr4	16608030	16610659	True
Populus_lasiocarpa	Populus_lasiocarpa__Polas11739.t1	Chr4	17374640	17375084	True
Populus_lasiocarpa	Populus_lasiocarpa__Polas11998.t1	Chr4	19662719	19664146	True
Populus_lasiocarpa	Populus_lasiocarpa__Polas12000.t1	Chr4	19677152	19680172	True
Populus_lasiocarpa	Populus_lasiocarpa__Polas12218.t1	Chr4	21389025	21393562	True
Populus_lasiocarpa	Populus_lasiocarpa__Polas12238.t2	Chr4	21592272	21594713	True
Populus_lasiocarpa	Populus_lasiocarpa__Polas12463.t1	Chr4	23322270	23325356	True
Populus_lasiocarpa	Populus_lasiocarpa__Polas12599.t1	Chr4	24237487	24237958	False
Populus_lasiocarpa	Populus_lasiocarpa__Polas13981.t1	Chr5	10865309	10865900	True
Populus_lasiocarpa	Populus_lasiocarpa__Polas14286.t1	Chr5	16750706	16753530	True
Populus_lasiocarpa	Populus_lasiocarpa__Polas14449.t1	Chr5	18427066	18427534	True
Populus_lasiocarpa	Populus_lasiocarpa__Polas14509.t1	Chr5	18948064	18950570	True
Populus_lasiocarpa	Populus_lasiocarpa__Polas14621.t1	Chr5	19666132	19667509	True
Populus_lasiocarpa	Populus_lasiocarpa__Polas14914.t1	Chr5	22233574	22239826	True
Populus_lasiocarpa	Populus_lasiocarpa__Polas15062.t1	Chr5	23504631	23509913	True
Populus_lasiocarpa	Populus_lasiocarpa__Polas15321.t1	Chr6	445969	448216	True
Populus_lasiocarpa	Populus_lasiocarpa__Polas15326.t1	Chr6	457513	459312	True
Populus_lasiocarpa	Populus_lasiocarpa__Polas16386.t1	Chr6	7292134	7292566	True
Populus_lasiocarpa	Populus_lasiocarpa__Polas16456.t1	Chr6	7822067	7822676	False
Populus_lasiocarpa	Populus_lasiocarpa__Polas17748.t1	Chr6	22300909	22303277	True
Populus_lasiocarpa	Populus_lasiocarpa__Polas17904.t1	Chr7	1289275	1291876	False
Populus_lasiocarpa	Populus_lasiocarpa__Polas18714.t1	Chr7	12492525	12498478	True
Populus_lasiocarpa	Populus_lasiocarpa__Polas19732.t1	Chr7	20391473	20397329	False
Populus_lasiocarpa	Populus_lasiocarpa__Polas19846.t2	Chr7	21408642	21409356	False
Populus_lasiocarpa	Populus_lasiocarpa__Polas21226.t1	Chr8	13266241	13270647	True
Populus_lasiocarpa	Populus_lasiocarpa__Polas21280.t1	Chr8	13646240	13646843	False
Populus_lasiocarpa	Populus_lasiocarpa__Polas21358.t1	Chr8	14142006	14142438	True
Populus_lasiocarpa	Populus_lasiocarpa__Polas22270.t1	Chr8	20164961	20167338	False
Populus_lasiocarpa	Populus_lasiocarpa__Polas22349.t1	Chr8	20527407	20529550	True
Populus_pruinosa	Populus_pruinosa__PprTF01G0179.1	Chr1	1621599	1622403	False
Populus_pruinosa	Populus_pruinosa__PprTF01G0266.1	Chr1	2301301	2308266	False
Populus_pruinosa	Populus_pruinosa__PprTF01G0624.1	Chr1	5691243	5694034	True
Populus_pruinosa	Populus_pruinosa__PprTF01G1160.1	Chr1	10838050	10843837	True
Populus_pruinosa	Populus_pruinosa__PprTF01G1431.1	Chr1	14035496	14037008	True
Populus_pruinosa	Populus_pruinosa__PprTF01G1868.1	Chr1	26312400	26314734	False
Populus_pruinosa	Populus_pruinosa__PprTF01G3123.1	Chr1	45560702	45561739	True
Populus_pruinosa	Populus_pruinosa__PprTF01G3154.1	Chr1	46081219	46082825	True
Populus_pruinosa	Populus_pruinosa__PprTF10G0074.1	Chr10	414723	416927	True
Populus_pruinosa	Populus_pruinosa__PprTF10G0077.1	Chr10	429358	431110	True
Populus_pruinosa	Populus_pruinosa__PprTF10G0131.1	Chr10	710828	715952	True
Populus_pruinosa	Populus_pruinosa__PprTF10G0995.1	Chr10	7083103	7083538	False
Populus_pruinosa	Populus_pruinosa__Chr10_exon1	Chr10	7638457	7639059	False
Populus_pruinosa	Populus_pruinosa__PprTF10G2160.1	Chr10	25233491	25236582	True
Populus_pruinosa	Populus_pruinosa__PprTF13G0347.1	Chr13	3003836	3008427	True
Populus_pruinosa	Populus_pruinosa__PprTF13G0736.1	Chr13	13246180	13249583	True
Populus_pruinosa	Populus_pruinosa__PprTF13G0979.1	Chr13	18560014	18562564	False
Populus_pruinosa	Populus_pruinosa__PprTF13G1197.1	Chr13	20710498	20713130	True
Populus_pruinosa	Populus_pruinosa__PprTF14G0638.1	Chr14	13442337	13442760	True
Populus_pruinosa	Populus_pruinosa__PprTF14G0885.1	Chr14	15551924	15555870	True
Populus_pruinosa	Populus_pruinosa__PprTF14G1397.1	Chr14	19906369	19908662	True
Populus_pruinosa	Populus_pruinosa__PprTF14G1510.1	Chr14	20883011	20883449	False
Populus_pruinosa	Populus_pruinosa__PprTF14G1544.1	Chr14	21146952	21147636	True
Populus_pruinosa	Populus_pruinosa__PprTF15G0408.1	Chr15	6485667	6486303	False
Populus_pruinosa	Populus_pruinosa__PprTF16G0239.1	Chr16	1927853	1930746	True
Populus_pruinosa	Populus_pruinosa__PprTF16G0273.1	Chr16	2266690	2271176	False
Populus_pruinosa	Populus_pruinosa__PprTF16G0373.1	Chr16	3331054	3335452	False
Populus_pruinosa	Populus_pruinosa__PprTF17G0126.1	Chr17	2263737	2267467	False
Populus_pruinosa	Populus_pruinosa__PprTF18G0212.1	Chr18	2162524	2164098	True
Populus_pruinosa	Populus_pruinosa__PprTF19G0581.1	Chr19	12958137	12960643	True
Populus_pruinosa	Populus_pruinosa__PprTF19G0754.1	Chr19	15135122	15137923	False
Populus_pruinosa	Populus_pruinosa__PprTF02G0284.1	Chr2	1992100	1992574	True
Populus_pruinosa	Populus_pruinosa__PprTF02G0409.1	Chr2	2895691	2898752	False
Populus_pruinosa	Populus_pruinosa__PprTF02G0617.1	Chr2	4636040	4638443	False
Populus_pruinosa	Populus_pruinosa__PprTF02G0637.1	Chr2	4851867	4856355	False
Populus_pruinosa	Populus_pruinosa__PprTF02G0832.1	Chr2	6568064	6571124	True
Populus_pruinosa	Populus_pruinosa__PprTF02G0833.1	Chr2	6581364	6582760	True
Populus_pruinosa	Populus_pruinosa__PprTF02G1062.1	Chr2	8839114	8839561	True
Populus_pruinosa	Populus_pruinosa__PprTF02G1156.1	Chr2	9556208	9558835	True
Populus_pruinosa	Populus_pruinosa__PprTF02G1525.1	Chr2	12756085	12759702	True
Populus_pruinosa	Populus_pruinosa__PprTF02G1769.1	Chr2	16026849	16027287	True
Populus_pruinosa	Populus_pruinosa__PprTF03G0087.1	Chr3	1533476	1536172	False
Populus_pruinosa	Populus_pruinosa__PprTF03G0748.1	Chr3	15717897	15723613	True
Populus_pruinosa	Populus_pruinosa__PprTF03G1654.1	Chr3	23173473	23179319	False
Populus_pruinosa	Populus_pruinosa__PprTF03G1727.1	Chr3	23787009	23787717	False
Populus_pruinosa	Populus_pruinosa__PprTF04G0874.1	Chr4	11679186	11679780	True
Populus_pruinosa	Populus_pruinosa__PprTF04G1093.1	Chr4	23100588	23106114	True
Populus_pruinosa	Populus_pruinosa__PprTF04G1247.1	Chr4	25379228	25379699	True
Populus_pruinosa	Populus_pruinosa__PprTF04G1294.1	Chr4	25886971	25889474	False
Populus_pruinosa	Populus_pruinosa__PprTF04G1381.1	Chr4	26730909	26731719	True
Populus_pruinosa	Populus_pruinosa__PprTF04G1606.1	Chr4	28969546	28975202	True
Populus_pruinosa	Populus_pruinosa__PprTF04G1737.1	Chr4	30316808	30322692	True
Populus_pruinosa	Populus_pruinosa__PprTF05G0355.1	Chr5	2984709	2985657	False
Populus_pruinosa	Populus_pruinosa__PprTF05G0599.1	Chr5	5322293	5325690	True
Populus_pruinosa	Populus_pruinosa__PprTF05G0847.1	Chr5	8097637	8098348	True
Populus_pruinosa	Populus_pruinosa__PprTF05G0935.1	Chr5	9051655	9052147	True
Populus_pruinosa	Populus_pruinosa__PprTF05G0997.1	Chr5	9858076	9861052	False
Populus_pruinosa	Populus_pruinosa__PprTF05G1301.1	Chr5	23277161	23280230	True
Populus_pruinosa	Populus_pruinosa__PprTF05G1494.1	Chr5	26055179	26058884	True
Populus_pruinosa	Populus_pruinosa__PprTF05G1515.1	Chr5	26304299	26308569	True
Populus_pruinosa	Populus_pruinosa__PprTF05G1738.1	Chr5	28340212	28343276	False
Populus_pruinosa	Populus_pruinosa__PprTF05G1865.1	Chr5	29410761	29411238	True
Populus_pruinosa	Populus_pruinosa__PprTF05G1985.1	Chr5	30335011	30336032	False
Populus_pruinosa	Populus_pruinosa__PprTF05G2126.1	Chr5	31203741	31205406	True
Populus_pruinosa	Populus_pruinosa__PprTF06G0192.1	Chr6	1824192	1825897	False
Populus_pruinosa	Populus_pruinosa__PprTF06G0248.1	Chr6	2196060	2199118	True
Populus_pruinosa	Populus_pruinosa__PprTF06G0288.1	Chr6	2699953	2705471	True
Populus_pruinosa	Populus_pruinosa__PprTF06G0476.1	Chr6	4356097	4361545	False
Populus_pruinosa	Populus_pruinosa__PprTF06G0702.1	Chr6	6402506	6404750	True
Populus_pruinosa	Populus_pruinosa__PprTF06G0967.1	Chr6	9520672	9523485	False
Populus_pruinosa	Populus_pruinosa__PprTF06G2103.1	Chr6	32079532	32082088	True
Populus_pruinosa	Populus_pruinosa__PprTF06G2310.1	Chr6	33938353	33940089	True
Populus_pruinosa	Populus_pruinosa__PprTF07G0062.1	Chr7	476200	476869	True
Populus_pruinosa	Populus_pruinosa__PprTF07G0182.1	Chr7	1539878	1540130	True
Populus_pruinosa	Populus_pruinosa__PprTF07G0186.1	Chr7	1568895	1569393	False
Populus_pruinosa	Populus_pruinosa__PprTF07G0271.1	Chr7	2350115	2353244	False
Populus_pruinosa	Populus_pruinosa__Chr7_exon13_exon12_exon25_exon1_exon7_exon11	Chr7	15477227	15480748	False
Populus_pruinosa	Populus_pruinosa__PprTF07G0737.1	Chr7	15522011	15522280	True
Populus_pruinosa	Populus_pruinosa__PprTF07G0738.1	Chr7	15530579	15531091	True
Populus_pruinosa	Populus_pruinosa__PprTF07G1080.1	Chr7	19212552	19216301	False
Populus_pruinosa	Populus_pruinosa__PprTF08G0080.1	Chr8	460290	462445	False
Populus_pruinosa	Populus_pruinosa__PprTF08G0148.1	Chr8	831948	834284	True
Populus_pruinosa	Populus_pruinosa__PprTF08G0945.1	Chr8	6773660	6774193	True
Populus_pruinosa	Populus_pruinosa__PprTF08G1009.1	Chr8	7266068	7266674	False
Populus_pruinosa	Populus_pruinosa__PprTF08G1056.1	Chr8	7635752	7640219	False
Populus_pruinosa	Populus_pruinosa__PprTF09G0182.1	Chr9	7161048	7163420	True
Populus_pruinosa	Populus_pruinosa__PprTF09G0691.1	Chr9	12000125	12000982	True
Populus_pruinosa	Populus_pruinosa__PprTF09G0692.1	Chr9	12004835	12007445	False
Populus_pruinosa	Populus_pruinosa__PprTF09G0934.1	Chr9	13769835	13772753	True
Populus_pruinosa	Populus_pruinosa__PprTF09G1109.1	Chr9	15041765	15042236	False
Populus_pruinosa	Populus_pruinosa__PprTF09G1167.1	Chr9	15451058	15453849	True
Populus_pruinosa	Populus_pruinosa__PprTF09G1244.1	Chr9	15968249	15969047	True
Populus_pruinosa	Populus_pruinosa__PprTF09G1503.1	Chr9	17691333	17698098	False
Populus_pruinosa	Populus_pruinosa__PprTF09G1505.1	Chr9	17711891	17713723	False
Populus_pseudoglauca	Populus_pseudoglauca__Popse00863.t1	Chr1	11439918	11441509	True
Populus_pseudoglauca	Populus_pseudoglauca__Popse00894.t1	Chr1	11800685	11801701	True
Populus_pseudoglauca	Populus_pseudoglauca__Popse02422.t2	Chr1	29367726	29368649	False
Populus_pseudoglauca	Populus_pseudoglauca__Popse02970.t1	Chr1	39323608	39324054	True
Populus_pseudoglauca	Populus_pseudoglauca__Popse03272.t1	Chr1	42452680	42458654	True
Populus_pseudoglauca	Populus_pseudoglauca__Popse03871.t1	Chr1	47616269	47618976	True
Populus_pseudoglauca	Populus_pseudoglauca__Popse04333.t2	Chr1	52071297	52078277	True
Populus_pseudoglauca	Populus_pseudoglauca__Popse04443.t1	Chr1	52785838	52786639	False
Populus_pseudoglauca	Populus_pseudoglauca__Popse23865.t1	Chr10	12174955	12175375	True
Populus_pseudoglauca	Populus_pseudoglauca__Popse24122.t6	Chr10	14306702	14310863	True
Populus_pseudoglauca	Populus_pseudoglauca__Popse24692.t2	Chr10	18752665	18755444	True
Populus_pseudoglauca	Populus_pseudoglauca__Popse24818.t1	Chr10	19786236	19786671	True
Populus_pseudoglauca	Populus_pseudoglauca__Popse24837.t1	Chr10	19974221	19974905	False
Populus_pseudoglauca	Populus_pseudoglauca__Popse24956.t1	Chr11	304721	306767	True
Populus_pseudoglauca	Populus_pseudoglauca__Popse25052.t3	Chr11	690784	693175	True
Populus_pseudoglauca	Populus_pseudoglauca__Popse25944.t1	Chr11	6683000	6683432	True
Populus_pseudoglauca	Populus_pseudoglauca__Popse26013.t1	Chr11	7189795	7190398	False
Populus_pseudoglauca	Populus_pseudoglauca__Popse26066.t1	Chr11	7569384	7574635	True
Populus_pseudoglauca	Populus_pseudoglauca__Popse27260.t3	Chr12	447665	450354	True
Populus_pseudoglauca	Populus_pseudoglauca__LG12_exon3_exon2_exon1_exon5	Chr12	2893490	2896032	False
Populus_pseudoglauca	Populus_pseudoglauca__Popse27809.t2	Chr12	7060680	7064062	True
Populus_pseudoglauca	Populus_pseudoglauca__Popse28384.t1	Chr12	15572491	15577069	True
Populus_pseudoglauca	Populus_pseudoglauca__Popse29992.t6	Chr13	15572719	15573770	True
Populus_pseudoglauca	Populus_pseudoglauca__Popse30427.t1	Chr14	1230998	1234642	True
Populus_pseudoglauca	Populus_pseudoglauca__Popse30879.t2	Chr14	5232560	5236042	False
Populus_pseudoglauca	Populus_pseudoglauca__Popse31470.t1	Chr14	15731650	15734720	True
Populus_pseudoglauca	Populus_pseudoglauca__Popse31567.t1	Chr14	16503658	16504153	False
Populus_pseudoglauca	Populus_pseudoglauca__Popse31692.t1	Chr14	17567176	17567914	True
Populus_pseudoglauca	Populus_pseudoglauca__Popse32258.t1	Chr15	5492276	5492906	True
Populus_pseudoglauca	Populus_pseudoglauca__Popse33456.t1	Chr16	2388371	2392113	True
Populus_pseudoglauca	Populus_pseudoglauca__Popse34228.t1	Chr16	12836461	12837043	True
Populus_pseudoglauca	Populus_pseudoglauca__Popse35011.t1	Chr17	2458067	2460644	True
Populus_pseudoglauca	Populus_pseudoglauca__Popse35754.t1	Chr17	13260891	13266089	True
Populus_pseudoglauca	Populus_pseudoglauca__Popse35884.t1	Chr17	14482404	14487629	False
Populus_pseudoglauca	Populus_pseudoglauca__Popse35928.t1	Chr17	14844133	14847021	True
Populus_pseudoglauca	Populus_pseudoglauca__Popse35995.t1	Chr17	15348919	15350696	True
Populus_pseudoglauca	Populus_pseudoglauca__Popse37814.t1	Chr19	2746099	2748426	False
Populus_pseudoglauca	Populus_pseudoglauca__Popse38343.t1	Chr19	7193734	7194627	True
Populus_pseudoglauca	Populus_pseudoglauca__Popse38344.t1	Chr19	7199634	7202184	True
Populus_pseudoglauca	Populus_pseudoglauca__Popse38608.t10	Chr19	8911168	8913504	True
Populus_pseudoglauca	Populus_pseudoglauca__Popse38800.t1	Chr19	10096410	10096878	True
Populus_pseudoglauca	Populus_pseudoglauca__Popse38861.t1	Chr19	10518818	10521645	True
Populus_pseudoglauca	Populus_pseudoglauca__Popse38948.t1	Chr19	11057253	11058604	True
Populus_pseudoglauca	Populus_pseudoglauca__Popse39227.t1	Chr19	12834233	12841076	True
Populus_pseudoglauca	Populus_pseudoglauca__Popse39229.t1	Chr19	12855718	12857565	True
Populus_pseudoglauca	Populus_pseudoglauca__Popse04944.t2	Chr2	1873465	1874412	False
Populus_pseudoglauca	Populus_pseudoglauca__Popse05016.t1	Chr2	2323728	2326782	False
Populus_pseudoglauca	Populus_pseudoglauca__Popse05058.t2	Chr2	2732477	2738031	True
Populus_pseudoglauca	Populus_pseudoglauca__Popse05248.t2	Chr2	4345579	4350902	True
Populus_pseudoglauca	Populus_pseudoglauca__Popse05491.t1	Chr2	6428754	6430710	True
Populus_pseudoglauca	Populus_pseudoglauca__Popse05802.t1	Chr2	9269847	9272544	True
Populus_pseudoglauca	Populus_pseudoglauca__Popse07149.t1	Chr2	26723150	26725136	True
Populus_pseudoglauca	Populus_pseudoglauca__Popse07412.t2	Chr2	29397917	29399648	True
Populus_pseudoglauca	Populus_pseudoglauca__Popse07661.t1	Chr3	2061813	2067260	True
Populus_pseudoglauca	Populus_pseudoglauca__Popse07823.t1	Chr3	3674384	3680594	False
Populus_pseudoglauca	Populus_pseudoglauca__Popse08126.t1	Chr3	6460497	6461862	True
Populus_pseudoglauca	Populus_pseudoglauca__Popse08231.t1	Chr3	7525284	7527801	True
Populus_pseudoglauca	Populus_pseudoglauca__Popse08286.t1	Chr3	8011094	8011562	True
Populus_pseudoglauca	Populus_pseudoglauca__Popse08451.t1	Chr3	9658793	9661625	False
Populus_pseudoglauca	Populus_pseudoglauca__Popse08784.t1	Chr3	16119098	16119689	True
Populus_pseudoglauca	Populus_pseudoglauca__Popse10274.t1	Chr4	2179571	2180042	True
Populus_pseudoglauca	Populus_pseudoglauca__Popse10416.t1	Chr4	3082674	3085746	True
Populus_pseudoglauca	Populus_pseudoglauca__Popse10640.t2	Chr4	4792066	4794496	True
Populus_pseudoglauca	Populus_pseudoglauca__Popse10662.t1	Chr4	4983946	4988487	True
Populus_pseudoglauca	Populus_pseudoglauca__Popse10873.t2	Chr4	6731056	6734080	True
Populus_pseudoglauca	Populus_pseudoglauca__Popse10874.t1	Chr4	6746801	6748212	False
Populus_pseudoglauca	Populus_pseudoglauca__Popse11135.t1	Chr4	9025349	9025793	True
Populus_pseudoglauca	Populus_pseudoglauca__Popse11232.t3	Chr4	9764104	9766689	True
Populus_pseudoglauca	Populus_pseudoglauca__Popse11648.t1	Chr4	13106613	13110099	True
Populus_pseudoglauca	Populus_pseudoglauca__Popse11926.t1	Chr4	16505417	16505852	True
Populus_pseudoglauca	Populus_pseudoglauca__Popse12700.t1	Chr5	182450	184133	True
Populus_pseudoglauca	Populus_pseudoglauca__Popse12864.t2	Chr5	1077951	1078969	True
Populus_pseudoglauca	Populus_pseudoglauca__Popse12995.t1	Chr5	1993739	1994207	True
Populus_pseudoglauca	Populus_pseudoglauca__Popse13132.t2	Chr5	3111832	3114927	True
Populus_pseudoglauca	Populus_pseudoglauca__Popse13368.t1	Chr5	5228676	5232958	True
Populus_pseudoglauca	Populus_pseudoglauca__Popse13385.t1	Chr5	5461438	5465161	True
Populus_pseudoglauca	Populus_pseudoglauca__Popse13593.t1	Chr5	7961017	7964050	True
Populus_pseudoglauca	Populus_pseudoglauca__Popse14019.t2	Chr5	15933331	15936271	True
Populus_pseudoglauca	Populus_pseudoglauca__Popse14079.t1	Chr5	16594853	16595342	True
Populus_pseudoglauca	Populus_pseudoglauca__Popse14174.t1	Chr5	17709351	17709960	True
Populus_pseudoglauca	Populus_pseudoglauca__Popse14446.t3	Chr5	20480521	20483935	True
Populus_pseudoglauca	Populus_pseudoglauca__Popse14728.t1	Chr5	22795377	22799992	False
Populus_pseudoglauca	Populus_pseudoglauca__Popse15326.t1	Chr6	1664580	1667157	True
Populus_pseudoglauca	Populus_pseudoglauca__Popse15351.t1	Chr6	1958356	1960969	False
Populus_pseudoglauca	Populus_pseudoglauca__Popse16203.t1	Chr6	15083905	15089595	True
Populus_pseudoglauca	Populus_pseudoglauca__Popse17162.t1	Chr6	23343956	23349844	False
Populus_pseudoglauca	Populus_pseudoglauca__Popse17251.t2	Chr6	23992132	23992846	False
Populus_pseudoglauca	Populus_pseudoglauca__Popse17541.t1	Chr7	403194	405749	True
Populus_pseudoglauca	Populus_pseudoglauca__Popse18821.t1	Chr7	15114099	15114702	True
Populus_pseudoglauca	Populus_pseudoglauca__Popse18891.t1	Chr7	15654151	15654583	True
Populus_pseudoglauca	Populus_pseudoglauca__Popse19847.t1	Chr7	22133292	22135810	True
Populus_pseudoglauca	Populus_pseudoglauca__Popse19905.t1	Chr7	22429388	22431177	True
Populus_pseudoglauca	Populus_pseudoglauca__Popse19909.t1	Chr7	22441091	22443316	True
Populus_pseudoglauca	Populus_pseudoglauca__Popse20060.t1	Chr8	329174	331959	True
Populus_pseudoglauca	Populus_pseudoglauca__Popse20327.t1	Chr8	3015048	3017544	True
Populus_qiongdaoensis	Populus_qiongdaoensis__Poqio00925.t1	Chr1	6332896	6333895	True
Populus_qiongdaoensis	Populus_qiongdaoensis__Poqio00963.t1	Chr1	6823203	6824219	False
Populus_qiongdaoensis	Populus_qiongdaoensis__Poqio02675.t1	Chr1	25908302	25909112	False
Populus_qiongdaoensis	Populus_qiongdaoensis__Poqio03623.t1	Chr1	38829678	38834550	False
Populus_qiongdaoensis	Populus_qiongdaoensis__Poqio04355.t1	Chr1	45214801	45215727	True
Populus_qiongdaoensis	Populus_qiongdaoensis__Poqio39000.t1	Chr10	2445129	2448969	True
Populus_qiongdaoensis	Populus_qiongdaoensis__Poqio08268.t1	Chr10	11697678	11698377	False
Populus_qiongdaoensis	Populus_qiongdaoensis__Poqio08269.t1	Chr10	11733346	11733901	True
Populus_qiongdaoensis	Populus_qiongdaoensis__Poqio08372.t1	Chr10	12667546	12672795	True
Populus_qiongdaoensis	Populus_qiongdaoensis__Poqio09499.t1	Chr10	20992908	20994619	True
Populus_qiongdaoensis	Populus_qiongdaoensis__Poqio24221.t1	Chr11	831176	832753	True
Populus_qiongdaoensis	Populus_qiongdaoensis__Poqio24131.t1	Chr11	1631560	1633857	True
Populus_qiongdaoensis	Populus_qiongdaoensis__Poqio24064.t1	Chr11	2107695	2108347	False
Populus_qiongdaoensis	Populus_qiongdaoensis__Poqio23859.t1	Chr11	3970521	3971878	True
Populus_qiongdaoensis	Populus_qiongdaoensis__Poqio23539.t1	Chr11	8237462	8237891	True
Populus_qiongdaoensis	Populus_qiongdaoensis__Poqio35234.t1	Chr12	6677886	6678789	False
Populus_qiongdaoensis	Populus_qiongdaoensis__Poqio33336.t1	Chr13	1809487	1811014	False
Populus_qiongdaoensis	Populus_qiongdaoensis__Poqio34145.t1	Chr13	11354416	11355647	True
Populus_qiongdaoensis	Populus_qiongdaoensis__Poqio37565.t1	Chr14	223780	227894	False
Populus_qiongdaoensis	Populus_qiongdaoensis__Poqio38431.t1	Chr14	11380777	11387090	False
Populus_qiongdaoensis	Populus_qiongdaoensis__Poqio31811.t1	Chr15	1337245	1339702	False
Populus_qiongdaoensis	Populus_qiongdaoensis__Poqio32104.t1	Chr15	3968673	3969855	True
Populus_qiongdaoensis	Populus_qiongdaoensis__Poqio32198.t1	Chr15	4699861	4702647	True
Populus_qiongdaoensis	Populus_qiongdaoensis__Poqio32232.t1	Chr15	4980085	4983098	True
Populus_qiongdaoensis	Populus_qiongdaoensis__Poqio33031.t1	Chr15	8721217	8722916	True
Populus_qiongdaoensis	Populus_qiongdaoensis__Poqio33030.t1	Chr15	8725678	8731594	True
Populus_qiongdaoensis	Populus_qiongdaoensis__Poqio36239.t1	Chr16	6557890	6559458	True
Populus_qiongdaoensis	Populus_qiongdaoensis__Poqio36105.t1	Chr16	7994902	8004585	True
Populus_qiongdaoensis	Populus_qiongdaoensis__Poqio36060.t1	Chr16	9008030	9012472	True
Populus_qiongdaoensis	Populus_qiongdaoensis__Poqio35982.t1	Chr16	9872112	9875252	False
Populus_qiongdaoensis	Populus_qiongdaoensis__Poqio31073.t1	Chr17	5401011	5402533	False
Populus_qiongdaoensis	Populus_qiongdaoensis__Poqio24543.t1	Chr19	1954451	1956296	False
Populus_qiongdaoensis	Populus_qiongdaoensis__Poqio24544.t1	Chr19	2010608	2012031	True
Populus_qiongdaoensis	Populus_qiongdaoensis__Poqio24546.t1	Chr19	2024499	2027196	True
Populus_qiongdaoensis	Populus_qiongdaoensis__Poqio15123.t1	Chr2	4729547	4731786	True
Populus_qiongdaoensis	Populus_qiongdaoensis__Poqio14830.t1	Chr2	8713100	8714646	False
Populus_qiongdaoensis	Populus_qiongdaoensis__Poqio14530.t1	Chr2	11854699	11855440	False
Populus_qiongdaoensis	Populus_qiongdaoensis__Poqio14412.t1	Chr2	12835770	12836671	False
Populus_qiongdaoensis	Populus_qiongdaoensis__Poqio14343.t1	Chr2	13363145	13366547	True
Populus_qiongdaoensis	Populus_qiongdaoensis__Poqio14061.t1	Chr2	15492293	15493376	False
Populus_qiongdaoensis	Populus_qiongdaoensis__Poqio13823.t1	Chr2	17638994	17640404	True
Populus_qiongdaoensis	Populus_qiongdaoensis__Poqio13798.t1	Chr2	17856695	17857640	True
Populus_qiongdaoensis	Populus_qiongdaoensis__Poqio13476.t1	Chr2	20581600	20582515	False
Populus_qiongdaoensis	Populus_qiongdaoensis__Poqio13302.t1	Chr2	21906187	21908885	True
Populus_qiongdaoensis	Populus_qiongdaoensis__Poqio13163.t1	Chr2	22845071	22847160	False
Populus_qiongdaoensis	Populus_qiongdaoensis__Poqio12969.t1	Chr2	24114817	24115738	False
Populus_qiongdaoensis	Populus_qiongdaoensis__Poqio21516.t1	Chr3	7490780	7493353	True
Populus_qiongdaoensis	Populus_qiongdaoensis__Poqio21578.t1	Chr3	7963926	7964529	True
Populus_qiongdaoensis	Populus_qiongdaoensis__Poqio21650.t1	Chr3	8511334	8512907	True
Populus_qiongdaoensis	Populus_qiongdaoensis__Poqio20464.t1	Chr4	484285	485879	True
Populus_qiongdaoensis	Populus_qiongdaoensis__Poqio20369.t1	Chr4	1434522	1439101	True
Populus_qiongdaoensis	Populus_qiongdaoensis__Poqio20064.t1	Chr4	4510645	4520414	True
Populus_qiongdaoensis	Populus_qiongdaoensis__Poqio19552.t1	Chr4	8949660	8956472	True
Populus_qiongdaoensis	Populus_qiongdaoensis__Poqio18886.t1	Chr4	17459120	17461046	False
Populus_qiongdaoensis	Populus_qiongdaoensis__Poqio18768.t1	Chr4	18343343	18343979	False
Populus_qiongdaoensis	Populus_qiongdaoensis__Poqio18615.t1	Chr4	19905717	19906305	True
Populus_qiongdaoensis	Populus_qiongdaoensis__Poqio18290.t1	Chr4	22687454	22688216	True
Populus_qiongdaoensis	Populus_qiongdaoensis__Poqio18289.t1	Chr4	22699406	22700207	True
Populus_qiongdaoensis	Populus_qiongdaoensis__Poqio17942.t1	Chr5	442251	443790	False
Populus_qiongdaoensis	Populus_qiongdaoensis__Poqio17699.t1	Chr5	2236985	2239109	True
Populus_qiongdaoensis	Populus_qiongdaoensis__Poqio18216.t1	Chr5	3368815	3371537	False
Populus_qiongdaoensis	Populus_qiongdaoensis__Poqio17356.t1	Chr5	5379223	5380888	False
Populus_qiongdaoensis	Populus_qiongdaoensis__Poqio15694.t1	Chr5	22072721	22073510	False
Populus_qiongdaoensis	Populus_qiongdaoensis__Poqio10679.t1	Chr6	4486834	4488985	False
Populus_qiongdaoensis	Populus_qiongdaoensis__Poqio10915.t1	Chr6	6802711	6804209	False
Populus_qiongdaoensis	Populus_qiongdaoensis__Poqio11224.t1	Chr6	10751494	10754236	True
Populus_qiongdaoensis	Populus_qiongdaoensis__Poqio11334.t1	Chr6	12342323	12344864	True
Populus_qiongdaoensis	Populus_qiongdaoensis__Poqio11392.t1	Chr6	12977195	12977995	True
Populus_qiongdaoensis	Populus_qiongdaoensis__Poqio11583.t1	Chr6	15052696	15054442	True
Populus_qiongdaoensis	Populus_qiongdaoensis__Poqio11897.t1	Chr6	17950750	17952216	False
Populus_qiongdaoensis	Populus_qiongdaoensis__Poqio26146.t1	Chr7	1091108	1091702	False
Populus_qiongdaoensis	Populus_qiongdaoensis__Poqio26068.t1	Chr7	1738895	1740797	True
Populus_qiongdaoensis	Populus_qiongdaoensis__Poqio27322.t1	Chr7	5031857	5034506	True
Populus_qiongdaoensis	Populus_qiongdaoensis__Poqio27318.t1	Chr7	5064747	5065885	False
Populus_qiongdaoensis	Populus_qiongdaoensis__Poqio27244.t1	Chr7	6042268	6044549	False
Populus_qiongdaoensis	Populus_qiongdaoensis__Poqio06806.t1	Chr8	2343289	2347895	True
Populus_qiongdaoensis	Populus_qiongdaoensis__Poqio06912.t1	Chr8	3152772	3154106	False
Populus_qiongdaoensis	Populus_qiongdaoensis__Poqio07324.t1	Chr8	6174122	6177720	False
Populus_qiongdaoensis	Populus_qiongdaoensis__Poqio07343.t1	Chr8	6305664	6306910	False
Populus_qiongdaoensis	Populus_qiongdaoensis__Poqio07720.t1	Chr8	9097295	9097766	True
Populus_qiongdaoensis	Populus_qiongdaoensis__Poqio07827.t1	Chr8	9939245	9941680	False
Populus_qiongdaoensis	Populus_qiongdaoensis__Poqio04944.t1	Chr9	7704125	7704926	True
Populus_qiongdaoensis	Populus_qiongdaoensis__Poqio06318.t1	Chr9	8497210	8499238	True
Populus_qiongdaoensis	Populus_qiongdaoensis__Poqio05994.t1	Chr9	10744757	10745857	False
Populus_qiongdaoensis	Populus_qiongdaoensis__Poqio04824.t1	Scaffold_000001	7091577	7092975	True
Populus_rotundifolia	Populus_rotundifolia__Porot00251.t1	Chr1	2160527	2161328	True
Populus_rotundifolia	Populus_rotundifolia__Porot00339.t2	Chr1	2822719	2829653	True
Populus_rotundifolia	Populus_rotundifolia__Porot00761.t1	Chr1	6499868	6502733	True
Populus_rotundifolia	Populus_rotundifolia__Porot01337.t1	Chr1	11948923	11954823	True
Populus_rotundifolia	Populus_rotundifolia__Porot01641.t1	Chr1	15023640	15025108	True
Populus_rotundifolia	Populus_rotundifolia__Porot02200.t3	Chr1	25442481	25443398	False
Populus_rotundifolia	Populus_rotundifolia__Porot03692.t1	Chr1	44257770	44258790	False
Populus_rotundifolia	Populus_rotundifolia__Porot03725.t4	Chr1	44636921	44638564	True
Populus_rotundifolia	Populus_rotundifolia__Porot23022.t1	Chr10	11139836	11140247	True
Populus_rotundifolia	Populus_rotundifolia__Porot23290.t1	Chr10	13374710	13378685	True
Populus_rotundifolia	Populus_rotundifolia__Porot23835.t1	Chr10	17774860	17777658	True
Populus_rotundifolia	Populus_rotundifolia__Porot23969.t1	Chr10	18890822	18891257	False
Populus_rotundifolia	Populus_rotundifolia__Porot23987.t1	Chr10	19089341	19090019	True
Populus_rotundifolia	Populus_rotundifolia__Porot26584.t1	Chr12	10591752	10596155	True
Populus_rotundifolia	Populus_rotundifolia__Porot26637.t1	Chr12	10940056	10940659	True
Populus_rotundifolia	Populus_rotundifolia__Porot26710.t1	Chr12	11449593	11450034	False
Populus_rotundifolia	Populus_rotundifolia__Porot27540.t2	Chr12	17221458	17223807	True
Populus_rotundifolia	Populus_rotundifolia__Porot27620.t1	Chr12	17586742	17588882	True
Populus_rotundifolia	Populus_rotundifolia__Porot27890.t1	Chr13	1489888	1491658	True
Populus_rotundifolia	Populus_rotundifolia__Porot27949.t1	Chr13	1870800	1873691	True
Populus_rotundifolia	Populus_rotundifolia__Porot27989.t1	Chr13	2196534	2200996	True
Populus_rotundifolia	Populus_rotundifolia__Porot28116.t1	Chr13	3529980	3535083	True
Populus_rotundifolia	Populus_rotundifolia__Porot28830.t1	Chr13	13133073	13135647	True
Populus_rotundifolia	Populus_rotundifolia__Porot29416.t7	Chr14	2717629	2718699	True
Populus_rotundifolia	Populus_rotundifolia__Porot30591.t1	Chr15	465058	465739	True
Populus_rotundifolia	Populus_rotundifolia__Porot30716.t1	Chr15	1583686	1584181	False
Populus_rotundifolia	Populus_rotundifolia__Porot30815.t2	Chr15	2299431	2302493	False
Populus_rotundifolia	Populus_rotundifolia__Porot31393.t1	Chr15	10193747	10197144	False
Populus_rotundifolia	Populus_rotundifolia__Porot31810.t1	Chr15	14289179	14292823	False
Populus_rotundifolia	Populus_rotundifolia__Porot31978.t3	Chr16	368267	370932	True
Populus_rotundifolia	Populus_rotundifolia__Porot32217.t1	Chr16	3129699	3132247	True
Populus_rotundifolia	Populus_rotundifolia__Porot32917.t1	Chr16	11561686	11566218	True
Populus_rotundifolia	Populus_rotundifolia__Porot34288.t1	Chr17	9309183	9309813	True
Populus_rotundifolia	Populus_rotundifolia__Porot36106.t1	Chr19	1751372	1753699	True
Populus_rotundifolia	Populus_rotundifolia__Porot36547.t1	Chr19	5842116	5844734	False
Populus_rotundifolia	Populus_rotundifolia__Porot36548.t1	Chr19	5847496	5847936	True
Populus_rotundifolia	Populus_rotundifolia__Porot36925.t1	Chr19	8383456	8386389	True
Populus_rotundifolia	Populus_rotundifolia__Porot37110.t1	Chr19	9873072	9873540	True
Populus_rotundifolia	Populus_rotundifolia__Porot37171.t2	Chr19	10276087	10278899	True
Populus_rotundifolia	Populus_rotundifolia__Porot37257.t1	Chr19	10761354	10762838	True
Populus_rotundifolia	Populus_rotundifolia__Porot37520.t1	Chr19	12521867	12528784	True
Populus_rotundifolia	Populus_rotundifolia__Porot37523.t1	Chr19	12543574	12545414	True
Populus_rotundifolia	Populus_rotundifolia__Porot04803.t1	Chr2	2625214	2627816	False
Populus_rotundifolia	Populus_rotundifolia__Porot05623.t1	Chr2	16132823	16138764	True
Populus_rotundifolia	Populus_rotundifolia__Porot06576.t3	Chr2	24693091	24698863	True
Populus_rotundifolia	Populus_rotundifolia__Porot06665.t1	Chr2	25387931	25388645	False
Populus_rotundifolia	Populus_rotundifolia__Porot07125.t2	Chr3	2437979	2440166	True
Populus_rotundifolia	Populus_rotundifolia__Porot07183.t1	Chr3	2795653	2798701	True
Populus_rotundifolia	Populus_rotundifolia__Porot07225.t1	Chr3	3222002	3227621	True
Populus_rotundifolia	Populus_rotundifolia__Porot07418.t1	Chr3	4816073	4821480	True
Populus_rotundifolia	Populus_rotundifolia__Porot07991.t1	Chr3	10019153	10021862	True
Populus_rotundifolia	Populus_rotundifolia__Porot09216.t2	Chr3	23773794	23774874	True
Populus_rotundifolia	Populus_rotundifolia__Porot09445.t1	Chr3	25677199	25678886	True
Populus_rotundifolia	Populus_rotundifolia__Porot09994.t1	Chr4	4346793	4351391	True
Populus_rotundifolia	Populus_rotundifolia__Porot10289.t5	Chr4	7346988	7350158	False
Populus_rotundifolia	Populus_rotundifolia__Porot10569.t1	Chr4	9918753	9919362	True
Populus_rotundifolia	Populus_rotundifolia__Porot10676.t1	Chr4	10969066	10969555	True
Populus_rotundifolia	Populus_rotundifolia__Porot10739.t6	Chr4	11561437	11564410	False
Populus_rotundifolia	Populus_rotundifolia__Porot11098.t1	Chr4	16640793	16643799	True
Populus_rotundifolia	Populus_rotundifolia__Porot11305.t1	Chr4	18886745	18889167	True
Populus_rotundifolia	Populus_rotundifolia__Porot11325.t1	Chr4	19111818	19115729	True
Populus_rotundifolia	Populus_rotundifolia__Porot11545.t1	Chr4	21125113	21128233	False
Populus_rotundifolia	Populus_rotundifolia__Porot11680.t1	Chr4	22106040	22106818	True
Populus_rotundifolia	Populus_rotundifolia__Porot11801.t1	Chr4	23030103	23031122	True
Populus_rotundifolia	Populus_rotundifolia__Porot11949.t1	Chr4	23883395	23885071	True
Populus_rotundifolia	Populus_rotundifolia__Porot12592.t1	Chr5	7847090	7847525	True
Populus_rotundifolia	Populus_rotundifolia__Porot12859.t2	Chr5	10701059	10704566	True
Populus_rotundifolia	Populus_rotundifolia__Porot13247.t4	Chr5	13901172	13903796	True
Populus_rotundifolia	Populus_rotundifolia__Porot13343.t1	Chr5	14544035	14544479	True
Populus_rotundifolia	Populus_rotundifolia__Porot13594.t1	Chr5	16761356	16763622	False
Populus_rotundifolia	Populus_rotundifolia__Porot13595.t2	Chr5	16774706	16777776	True
Populus_rotundifolia	Populus_rotundifolia__Porot13810.t1	Chr5	18513615	18518049	False
Populus_rotundifolia	Populus_rotundifolia__Porot13832.t1	Chr5	18707772	18710223	False
Populus_rotundifolia	Populus_rotundifolia__Porot14045.t1	Chr5	20379948	20383069	True
Populus_rotundifolia	Populus_rotundifolia__Porot14186.t1	Chr5	21289962	21290433	False
Populus_rotundifolia	Populus_rotundifolia__Porot14809.t2	Chr6	4456589	4460282	True
Populus_rotundifolia	Populus_rotundifolia__Porot15698.t1	Chr6	16990380	16990947	False
Populus_rotundifolia	Populus_rotundifolia__Porot16403.t2	Chr7	1449938	1455283	True
Populus_rotundifolia	Populus_rotundifolia__Porot16550.t2	Chr7	2608379	2614401	False
Populus_rotundifolia	Populus_rotundifolia__Porot16809.t2	Chr7	4854445	4855825	False
Populus_rotundifolia	Populus_rotundifolia__Porot16910.t2	Chr7	5723829	5726335	True
Populus_rotundifolia	Populus_rotundifolia__Porot16960.t1	Chr7	6173051	6173519	True
Populus_rotundifolia	Populus_rotundifolia__Porot17120.t1	Chr7	7693721	7696567	True
Populus_rotundifolia	Populus_rotundifolia__Porot17401.t1	Chr7	11868259	11868850	True
Populus_rotundifolia	Populus_rotundifolia__Porot18441.t1	Chr8	230957	233743	True
Populus_rotundifolia	Populus_rotundifolia__Porot18721.t2	Chr8	2966956	2969290	True
Populus_rotundifolia	Populus_rotundifolia__Porot19952.t1	Chr9	409270	410557	True
Populus_rotundifolia	Populus_rotundifolia__Porot19956.t1	Chr9	417916	419655	True
Populus_rotundifolia	Populus_rotundifolia__Porot20018.t1	Chr9	770415	772867	True
Populus_rotundifolia	Populus_rotundifolia__Porot20918.t1	Chr9	7048112	7048544	True
Populus_rotundifolia	Populus_rotundifolia__Porot20990.t1	Chr9	7586692	7587298	False
Populus_rotundifolia	Populus_rotundifolia__Porot22151.t3	Chr9	19680777	19683755	True
Populus_simonii	Populus_simonii__Posim01132.t1	Chr1	12990128	12991722	True
Populus_simonii	Populus_simonii__Posim01166.t1	Chr1	13316021	13317041	False
Populus_simonii	Populus_simonii__Posim02660.t4	Chr1	30414361	30415284	False
Populus_simonii	Populus_simonii__Posim03309.t1	Chr1	39117021	39118411	True
Populus_simonii	Populus_simonii__Posim03605.t1	Chr1	42108172	42114164	True
Populus_simonii	Populus_simonii__Posim04209.t1	Chr1	47530658	47533466	True
Populus_simonii	Populus_simonii__Posim04653.t1	Chr1	51116449	51123409	True
Populus_simonii	Populus_simonii__Posim04754.t1	Chr1	51784334	51785135	True
Populus_simonii	Populus_simonii__Posim25424.t1	Chr10	9393799	9394219	True
Populus_simonii	Populus_simonii__Posim25685.t1	Chr10	11503917	11507857	True
Populus_simonii	Populus_simonii__Posim26241.t1	Chr10	16013727	16016507	True
Populus_simonii	Populus_simonii__Posim26367.t1	Chr10	17005474	17005909	True
Populus_simonii	Populus_simonii__Posim26387.t1	Chr10	17196539	17197223	False
Populus_simonii	Populus_simonii__Posim27556.t1	Chr11	14578496	14580923	True
Populus_simonii	Populus_simonii__Posim27819.t1	Chr11	17413573	17416330	True
Populus_simonii	Populus_simonii__Posim27880.t1	Chr12	56330	57692	True
Populus_simonii	Populus_simonii__Posim28830.t1	Chr12	11033179	11033809	True
Populus_simonii	Populus_simonii__Posim29756.t1	Chr13	3048275	3052848	True
Populus_simonii	Populus_simonii__Posim30266.t1	Chr13	9996595	9999960	True
Populus_simonii	Populus_simonii__Posim30558.t1	Chr13	13533899	13536449	False
Populus_simonii	Populus_simonii__Posim30807.t2	Chr13	15611195	15613911	True
Populus_simonii	Populus_simonii__Posim32025.t1	Chr14	13618986	13620881	True
Populus_simonii	Populus_simonii__Posim32559.t1	Chr15	1318476	1322146	True
Populus_simonii	Populus_simonii__Posim32980.t2	Chr15	4890541	4894058	False
Populus_simonii	Populus_simonii__Posim33539.t3	Chr15	13594964	13598033	False
Populus_simonii	Populus_simonii__Posim33635.t1	Chr15	14352152	14352647	False
Populus_simonii	Populus_simonii__Posim33766.t1	Chr15	15410164	15410872	True
Populus_simonii	Populus_simonii__LG17_exon1_exon4_exon2_exon3_exon5	Chr17	2087847	2090376	True
Populus_simonii	Populus_simonii__Posim36225.t1	Chr17	11999122	12004298	True
Populus_simonii	Populus_simonii__Posim36345.t1	Chr17	12975626	12980117	True
Populus_simonii	Populus_simonii__Posim36388.t1	Chr17	13340812	13343700	False
Populus_simonii	Populus_simonii__Posim36453.t1	Chr17	13804294	13806070	True
Populus_simonii	Populus_simonii__Posim36835.t1	Chr18	1788801	1792485	True
Populus_simonii	Populus_simonii__Posim37540.t1	Chr18	10926021	10926603	True
Populus_simonii	Populus_simonii__Posim38081.t1	Chr19	387541	389396	False
Populus_simonii	Populus_simonii__Posim38083.t1	Chr19	405966	412719	True
Populus_simonii	Populus_simonii__Posim38354.t1	Chr19	2314553	2315911	True
Populus_simonii	Populus_simonii__Posim38444.t1	Chr19	2805993	2808799	True
Populus_simonii	Populus_simonii__Posim38499.t1	Chr19	3224888	3225356	True
Populus_simonii	Populus_simonii__Posim38668.t4	Chr19	4397464	4399800	True
Populus_simonii	Populus_simonii__Posim38932.t1	Chr19	6079156	6081666	False
Populus_simonii	Populus_simonii__Posim38933.t1	Chr19	6085570	6086470	True
Populus_simonii	Populus_simonii__Posim39460.t1	Chr19	10497818	10500145	False
Populus_simonii	Populus_simonii__Posim05549.t1	Chr2	1700641	1702398	True
Populus_simonii	Populus_simonii__Posim05607.t1	Chr2	2107646	2110676	True
Populus_simonii	Populus_simonii__Posim05646.t1	Chr2	2519353	2524895	True
Populus_simonii	Populus_simonii__Posim05853.t1	Chr2	4139881	4145198	True
Populus_simonii	Populus_simonii__Posim06096.t1	Chr2	6255354	6257316	True
Populus_simonii	Populus_simonii__Posim06403.t1	Chr2	9019154	9021858	True
Populus_simonii	Populus_simonii__Posim07726.t2	Chr2	24686310	24687422	True
Populus_simonii	Populus_simonii__Posim07958.t1	Chr2	26822953	26824683	True
Populus_simonii	Populus_simonii__LG03_exon2	Chr3	1234237	1235147	True
Populus_simonii	Populus_simonii__Posim08361.t1	Chr3	2272035	2272506	False
Populus_simonii	Populus_simonii__Posim08499.t1	Chr3	3165087	3168150	True
Populus_simonii	Populus_simonii__Posim08716.t2	Chr3	4870517	4872955	True
Populus_simonii	Populus_simonii__Posim08738.t1	Chr3	5056378	5060850	False
Populus_simonii	Populus_simonii__Posim08949.t1	Chr3	6731579	6734636	True
Populus_simonii	Populus_simonii__Posim08950.t1	Chr3	6750288	6751710	True
Populus_simonii	Populus_simonii__Posim09189.t1	Chr3	8993252	8993684	True
Populus_simonii	Populus_simonii__Posim09290.t5	Chr3	9729737	9732346	True
Populus_simonii	Populus_simonii__Posim09701.t1	Chr3	12971992	12978320	True
Populus_simonii	Populus_simonii__Posim09980.t1	Chr3	16175503	16175938	True
Populus_simonii	Populus_simonii__Posim10866.t1	Chr4	184020	185694	True
Populus_simonii	Populus_simonii__Posim11025.t1	Chr4	1072140	1073157	True
Populus_simonii	Populus_simonii__Posim11154.t1	Chr4	1944639	1945426	True
Populus_simonii	Populus_simonii__Posim11292.t1	Chr4	2957843	2960939	True
Populus_simonii	Populus_simonii__Posim11520.t1	Chr4	5004890	5009157	True
Populus_simonii	Populus_simonii__Posim11539.t1	Chr4	5244164	5247868	True
Populus_simonii	Populus_simonii__Posim11734.t3	Chr4	7604974	7608027	True
Populus_simonii	Populus_simonii__Posim12167.t1	Chr4	15276592	15279571	True
Populus_simonii	Populus_simonii__Posim12232.t1	Chr4	15929155	15929644	True
Populus_simonii	Populus_simonii__Posim12326.t1	Chr4	16741976	16742585	True
Populus_simonii	Populus_simonii__Posim12607.t1	Chr4	19517178	19520613	True
Populus_simonii	Populus_simonii__Posim12894.t1	Chr4	21738429	21743134	False
Populus_simonii	Populus_simonii__Posim13466.t1	Chr5	1692354	1697773	True
Populus_simonii	Populus_simonii__Posim13620.t1	Chr5	2917959	2924024	False
Populus_simonii	Populus_simonii__Posim13892.t1	Chr5	5287628	5289008	True
Populus_simonii	Populus_simonii__Posim13999.t1	Chr5	6188357	6190836	True
Populus_simonii	Populus_simonii__Posim14051.t1	Chr5	6695391	6695859	True
Populus_simonii	Populus_simonii__Posim14213.t1	Chr5	8269959	8272788	True
Populus_simonii	Populus_simonii__Posim14508.t1	Chr5	13621018	13621609	True
Populus_simonii	Populus_simonii__Posim15800.t1	Chr6	1473314	1475930	True
Populus_simonii	Populus_simonii__Posim16949.t1	Chr6	11945862	11951586	True
Populus_simonii	Populus_simonii__Posim17928.t1	Chr6	19591858	19597664	False
Populus_simonii	Populus_simonii__Posim18020.t1	Chr6	20270349	20271063	True
Populus_simonii	Populus_simonii__Posim18356.t1	Chr7	436032	438279	False
Populus_simonii	Populus_simonii__Posim18360.t1	Chr7	448815	450724	True
Populus_simonii	Populus_simonii__Posim18414.t1	Chr7	716517	719033	True
Populus_simonii	Populus_simonii__Posim19358.t1	Chr7	7219451	7219883	True
Populus_simonii	Populus_simonii__Posim19432.t1	Chr7	7747359	7747962	True
Populus_simonii	Populus_simonii__Posim19510.t1	Chr7	8332677	8339046	True
Populus_simonii	Populus_simonii__Posim20653.t1	Chr7	21173993	21176563	True
Populus_simonii	Populus_simonii__Posim21915.t1	Chr8	12868822	12873251	False
Populus_simonii	Populus_simonii__Posim21969.t1	Chr8	13255729	13256332	False
Populus_simonii	Populus_simonii__Posim22038.t1	Chr8	13761693	13762128	True
Populus_simonii	Populus_simonii__Posim23017.t1	Chr8	20189014	20191152	True
Populus_szechuanica	Populus_szechuanica__Posze00264.t1	Chr1	1839400	1840201	False
Populus_szechuanica	Populus_szechuanica__Posze00369.t1	Chr1	2481278	2488257	True
Populus_szechuanica	Populus_szechuanica__Posze00822.t1	Chr1	6754492	6757352	True
Populus_szechuanica	Populus_szechuanica__Posze01450.t1	Chr1	11869468	11875446	True
Populus_szechuanica	Populus_szechuanica__Posze01761.t1	Chr1	14951981	14952430	True
Populus_szechuanica	Populus_szechuanica__Posze02351.t1	Chr1	24564027	24566548	True
Populus_szechuanica	Populus_szechuanica__Posze03889.t1	Chr1	41569486	41570505	False
Populus_szechuanica	Populus_szechuanica__Posze03924.t1	Chr1	41908475	41910067	True
Populus_szechuanica	Populus_szechuanica__Posze26031.t1	Chr11	917347	918034	True
Populus_szechuanica	Populus_szechuanica__Posze26050.t1	Chr11	1106462	1106897	True
Populus_szechuanica	Populus_szechuanica__Posze26182.t1	Chr11	2118251	2121032	True
Populus_szechuanica	Populus_szechuanica__Posze26782.t1	Chr11	6514330	6518294	True
Populus_szechuanica	Populus_szechuanica__Posze27044.t1	Chr11	8570467	8570887	True
Populus_szechuanica	Populus_szechuanica__Posze28424.t1	Chr12	4084836	4085418	True
Populus_szechuanica	Populus_szechuanica__Posze29300.t1	Chr12	14924155	14927854	True
Populus_szechuanica	Populus_szechuanica__Posze29987.t1	Chr13	3479635	3484015	True
Populus_szechuanica	Populus_szechuanica__Posze30521.t1	Chr13	11230044	11233309	True
Populus_szechuanica	Populus_szechuanica__Posze30831.t1	Chr13	15008936	15011496	True
Populus_szechuanica	Populus_szechuanica__Posze31117.t1	Chr13	17335993	17338683	False
Populus_szechuanica	Populus_szechuanica__Posze31430.t1	Chr14	2525647	2528205	True
Populus_szechuanica	Populus_szechuanica__Posze32239.t1	Chr14	13584603	13589792	True
Populus_szechuanica	Populus_szechuanica__Posze32370.t1	Chr14	14824744	14829227	True
Populus_szechuanica	Populus_szechuanica__Posze32413.t1	Chr14	15179697	15182587	True
Populus_szechuanica	Populus_szechuanica__Posze32483.t1	Chr14	15673961	15675724	True
Populus_szechuanica	Populus_szechuanica__Posze32875.t1	Chr15	1504633	1508300	False
Populus_szechuanica	Populus_szechuanica__Posze33328.t2	Chr15	5397201	5400685	False
Populus_szechuanica	Populus_szechuanica__Posze33982.t3	Chr15	14705768	14710164	True
Populus_szechuanica	Populus_szechuanica__Posze34087.t1	Chr15	15470123	15470618	True
Populus_szechuanica	Populus_szechuanica__Posze34220.t1	Chr15	16524962	16525670	True
Populus_szechuanica	Populus_szechuanica__Posze34593.t1	Chr16	2387062	2388959	True
Populus_szechuanica	Populus_szechuanica__Posze36804.t1	Chr17	11157241	11157871	True
Populus_szechuanica	Populus_szechuanica__Posze39037.t1	Chr19	3586691	3589022	True
Populus_szechuanica	Populus_szechuanica__Posze39596.t1	Chr19	7994587	7996877	False
Populus_szechuanica	Populus_szechuanica__Posze39869.t5	Chr19	9728472	9730805	True
Populus_szechuanica	Populus_szechuanica__Posze40062.t1	Chr19	10878342	10878810	True
Populus_szechuanica	Populus_szechuanica__Posze40121.t1	Chr19	11266284	11269117	True
Populus_szechuanica	Populus_szechuanica__Posze40213.t1	Chr19	11764431	11765787	True
Populus_szechuanica	Populus_szechuanica__Posze40505.t1	Chr19	13638895	13645737	True
Populus_szechuanica	Populus_szechuanica__Posze40507.t1	Chr19	13660299	13662148	True
Populus_szechuanica	Populus_szechuanica__Posze04826.t1	Chr2	193235	195121	True
Populus_szechuanica	Populus_szechuanica__Posze05134.t1	Chr2	2086244	2088233	True
Populus_szechuanica	Populus_szechuanica__Posze06506.t2	Chr2	18225108	18227812	True
Populus_szechuanica	Populus_szechuanica__Posze06818.t1	Chr2	21013809	21015752	True
Populus_szechuanica	Populus_szechuanica__Posze07069.t1	Chr2	23074594	23079930	True
Populus_szechuanica	Populus_szechuanica__Posze07272.t1	Chr2	24673989	24679544	True
Populus_szechuanica	Populus_szechuanica__Posze07311.t1	Chr2	25077263	25080316	True
Populus_szechuanica	Populus_szechuanica__Posze07373.t3	Chr2	25467898	25468848	True
Populus_szechuanica	Populus_szechuanica__Posze08819.t1	Chr3	11658557	11659148	True
Populus_szechuanica	Populus_szechuanica__Posze09165.t1	Chr3	17822659	17825494	False
Populus_szechuanica	Populus_szechuanica__Posze09341.t1	Chr3	19406820	19407288	True
Populus_szechuanica	Populus_szechuanica__Posze09393.t1	Chr3	19873294	19875810	True
Populus_szechuanica	Populus_szechuanica__Posze09495.t4	Chr3	20676525	20677332	True
Populus_szechuanica	Populus_szechuanica__Posze09786.t1	Chr3	22950737	22956999	False
Populus_szechuanica	Populus_szechuanica__Posze09942.t1	Chr3	24175256	24180559	True
Populus_szechuanica	Populus_szechuanica__Posze10161.t1	Chr4	153177	154854	True
Populus_szechuanica	Populus_szechuanica__Posze10358.t1	Chr4	1063083	1064101	True
Populus_szechuanica	Populus_szechuanica__Posze10494.t1	Chr4	1960694	1961162	True
Populus_szechuanica	Populus_szechuanica__Posze10648.t1	Chr4	3032825	3035920	False
Populus_szechuanica	Populus_szechuanica__Posze10893.t1	Chr4	5092754	5097113	True
Populus_szechuanica	Populus_szechuanica__Posze10913.t1	Chr4	5337104	5340815	True
Populus_szechuanica	Populus_szechuanica__Posze11135.t1	Chr4	7763720	7766760	True
Populus_szechuanica	Populus_szechuanica__Posze11596.t1	Chr4	15538604	15541585	True
Populus_szechuanica	Populus_szechuanica__Posze11660.t1	Chr4	16214698	16215187	True
Populus_szechuanica	Populus_szechuanica__Posze11754.t1	Chr4	17098412	17099021	True
Populus_szechuanica	Populus_szechuanica__Posze12036.t1	Chr4	19621351	19624765	True
Populus_szechuanica	Populus_szechuanica__Posze12355.t1	Chr4	22121116	22125891	False
Populus_szechuanica	Populus_szechuanica__Posze13143.t1	Chr5	2069546	2070017	True
Populus_szechuanica	Populus_szechuanica__Posze13292.t1	Chr5	2981912	2984984	True
Populus_szechuanica	Populus_szechuanica__Posze13517.t1	Chr5	4708083	4712578	True
Populus_szechuanica	Populus_szechuanica__Posze13539.t1	Chr5	4908051	4912586	True
Populus_szechuanica	Populus_szechuanica__Posze13760.t1	Chr5	6644018	6647042	True
Populus_szechuanica	Populus_szechuanica__Posze13761.t1	Chr5	6659594	6661012	False
Populus_szechuanica	Populus_szechuanica__Posze14031.t1	Chr5	9096634	9097078	True
Populus_szechuanica	Populus_szechuanica__Posze14134.t2	Chr5	9864656	9867239	True
Populus_szechuanica	Populus_szechuanica__Posze14559.t3	Chr5	13147925	13151409	True
Populus_szechuanica	Populus_szechuanica__Posze14865.t1	Chr5	16363757	16364192	True
Populus_szechuanica	Populus_szechuanica__Posze15760.t1	Chr6	1502408	1505012	True
Populus_szechuanica	Populus_szechuanica__Posze15765.t1	Chr6	1567592	1570181	True
Populus_szechuanica	Populus_szechuanica__Posze16640.t1	Chr6	13754456	13760127	True
Populus_szechuanica	Populus_szechuanica__Posze17620.t1	Chr6	21651509	21657427	False
Populus_szechuanica	Populus_szechuanica__Posze17748.t1	Chr6	22577258	22577972	False
Populus_szechuanica	Populus_szechuanica__Posze19251.t1	Chr7	14163869	14164887	False
Populus_szechuanica	Populus_szechuanica__Posze19322.t1	Chr7	14698421	14698853	True
Populus_szechuanica	Populus_szechuanica__Posze20284.t1	Chr7	21073528	21076046	True
Populus_szechuanica	Populus_szechuanica__Posze20344.t1	Chr7	21345265	21347061	True
Populus_szechuanica	Populus_szechuanica__Posze20348.t1	Chr7	21357025	21359262	True
Populus_szechuanica	Populus_szechuanica__Posze21606.t1	Chr8	17929894	17932399	True
Populus_szechuanica	Populus_szechuanica__Posze21891.t2	Chr8	21141567	21144354	True
Populus_szechuanica	Populus_szechuanica__Posze22050.t1	Chr9	492744	494885	True
Populus_szechuanica	Populus_szechuanica__Posze22131.t1	Chr9	870422	872812	False
Populus_szechuanica	Populus_szechuanica__Posze23024.t1	Chr9	6769646	6770078	True
Populus_szechuanica	Populus_szechuanica__Posze23098.t1	Chr9	7267745	7268348	False
Populus_szechuanica	Populus_szechuanica__Posze23151.t1	Chr9	7652676	7657505	True
Populus_szechuanica	Populus_szechuanica__Posze04885.t1	Scaffold_000002	419218	421765	True
Populus_tremula	Populus_tremula__Potra2n1c167.1	Chr1	1948391	1949192	True
Populus_tremula	Populus_tremula__Potra2n1c244.2	Chr1	2560840	2567779	True
Populus_tremula	Populus_tremula__Potra2n1c627.1	Chr1	6684357	6687228	True
Populus_tremula	Populus_tremula__Potra2n1c1159.1	Chr1	11685844	11691685	True
Populus_tremula	Populus_tremula__Potra2n1c1917.1	Chr1	22629623	22630540	False
Populus_tremula	Populus_tremula__Potra2n1c3253.1	Chr1	39360226	39361147	True
Populus_tremula	Populus_tremula__Potra2n1c3284.1	Chr1	39738033	39739268	False
Populus_tremula	Populus_tremula__Potra2n10c20174.1	Chr10	442387	444107	True
Populus_tremula	Populus_tremula__Potra2n10c21157.1	Chr10	6963637	6966471	True
Populus_tremula	Populus_tremula__Potra2n10c21228.1	Chr10	7462225	7462831	False
Populus_tremula	Populus_tremula__Potra2n10c22315.3	Chr10	19525401	19529241	True
Populus_tremula	Populus_tremula__Potra2n13c24971.1	Chr13	301309	303970	True
Populus_tremula	Populus_tremula__Potra2n13c25219.1	Chr13	2653715	2655873	True
Populus_tremula	Populus_tremula__Potra2n13c25941.1	Chr13	10628779	10633320	True
Populus_tremula	Populus_tremula__Potra2n14c26371.1	Chr14	429983	430661	False
Populus_tremula	Populus_tremula__Potra2n14c26404.1	Chr14	691999	692434	False
Populus_tremula	Populus_tremula__Potra2n14c26536.2	Chr14	1778832	1781105	True
Populus_tremula	Populus_tremula__Potra2n14c27082.1	Chr14	6150069	6154034	True
Populus_tremula	Populus_tremula__Potra2n14c27320.1	Chr14	8163088	8163508	True
Populus_tremula	Populus_tremula__Potra2n15c28778.1	Chr15	8433265	8433895	True
Populus_tremula	Populus_tremula__Potra2n16c29445.1	Chr16	1421169	1422216	True
Populus_tremula	Populus_tremula__Potra2n16c29497.1	Chr16	1790232	1793124	True
Populus_tremula	Populus_tremula__Potra2n16c29535.1	Chr16	2105751	2110232	True
Populus_tremula	Populus_tremula__Potra2n16c29680.1	Chr16	3286749	3291812	True
Populus_tremula	Populus_tremula__Potra2n16c30376.1	Chr16	11462277	11464508	True
Populus_tremula	Populus_tremula__Potra2n17c30999.1	Chr17	3854997	3855564	False
Populus_tremula	Populus_tremula__Potra2n17c31613.1	Chr17	11828998	11832728	True
Populus_tremula	Populus_tremula__Potra2n18c32994.1	Chr18	11194443	11196592	True
Populus_tremula	Populus_tremula__Potra2n19c33290.1	Chr19	235818	238600	True
Populus_tremula	Populus_tremula__Potra2n19c33496.1	Chr19	2860433	2862156	True
Populus_tremula	Populus_tremula__Potra2n2c4633.1	Chr2	8516751	8517186	True
Populus_tremula	Populus_tremula__Potra2n2c4901.2	Chr2	11354921	11358413	True
Populus_tremula	Populus_tremula__Potra2n2c5269.1	Chr2	14261207	14264973	True
Populus_tremula	Populus_tremula__chr2_exon3	Chr2	14912877	14913320	True
Populus_tremula	Populus_tremula__Potra2n2c5586.1	Chr2	17013975	17015358	False
Populus_tremula	Populus_tremula__Potra2n2c5587.1	Chr2	17026094	17029152	True
Populus_tremula	Populus_tremula__Potra2n2c5788.2	Chr2	18711630	18715747	True
Populus_tremula	Populus_tremula__Potra2n2c5816.1	Chr2	18899534	18900413	False
Populus_tremula	Populus_tremula__Potra2n2c6035.1	Chr2	20503698	20506896	True
Populus_tremula	Populus_tremula__Potra2n2c6156.1	Chr2	21374240	21374711	False
Populus_tremula	Populus_tremula__Potra2n2c6286.2	Chr2	22289807	22290471	True
Populus_tremula	Populus_tremula__Potra2n3c6630.1	Chr3	1549709	1551269	True
Populus_tremula	Populus_tremula__Potra2n3c6723.1	Chr3	2537503	2543270	True
Populus_tremula	Populus_tremula__Potra2n3c7639.1	Chr3	9919112	9925029	True
Populus_tremula	Populus_tremula__Potra2n4c9450.1	Chr4	9559624	9560215	True
Populus_tremula	Populus_tremula__Potra2n4c9694.1	Chr4	13453022	13455852	False
Populus_tremula	Populus_tremula__Potra2n4c9844.1	Chr4	14965669	14966137	True
Populus_tremula	Populus_tremula__Potra2n4c9893.1	Chr4	15441665	15444170	True
Populus_tremula	Populus_tremula__Potra2n4c9990.2	Chr4	16267915	16271350	True
Populus_tremula	Populus_tremula__Potra2n4c10196.2	Chr4	18217304	18223336	False
Populus_tremula	Populus_tremula__Potra2n5c10513.1	Chr5	144463	146125	True
Populus_tremula	Populus_tremula__Potra2n5c10648.1	Chr5	993375	994404	True
Populus_tremula	Populus_tremula__Potra2n5c10904.1	Chr5	2776720	2779831	False
Populus_tremula	Populus_tremula__Potra2n5c11128.4	Chr5	4728515	4729868	True
Populus_tremula	Populus_tremula__Potra2n5c11148.1	Chr5	4940569	4943028	True
Populus_tremula	Populus_tremula__Potra2n5c11336.1	Chr5	7240155	7243196	True
Populus_tremula	Populus_tremula__Potra2n5c11681.3	Chr5	11848214	11851177	False
Populus_tremula	Populus_tremula__Potra2n5c11742.1	Chr5	12405286	12406097	True
Populus_tremula	Populus_tremula__Potra2n5c11840.1	Chr5	13178315	13179013	False
Populus_tremula	Populus_tremula__Potra2n5c12122.1	Chr5	15700588	15703759	True
Populus_tremula	Populus_tremula__Potra2n6c12860.1	Chr6	343243	344966	True
Populus_tremula	Populus_tremula__Potra2n6c13087.1	Chr6	2132477	2134438	True
Populus_tremula	Populus_tremula__Potra2n6c14620.1	Chr6	17600527	17602570	True
Populus_tremula	Populus_tremula__Potra2n6c14875.1	Chr6	19758655	19764032	True
Populus_tremula	Populus_tremula__Potra2n6c15078.2	Chr6	21328358	21333877	True
Populus_tremula	Populus_tremula__Potra2n6c15115.1	Chr6	21717379	21720429	True
Populus_tremula	Populus_tremula__Potra2n6c15166.1	Chr6	22061502	22063734	True
Populus_tremula	Populus_tremula__Potra2n7c15534.1	Chr7	1136110	1139731	False
Populus_tremula	Populus_tremula__Potra2n7c16366.1	Chr7	11693466	11696596	False
Populus_tremula	Populus_tremula__Potra2n7c16463.1	Chr7	12403227	12404436	True
Populus_tremula	Populus_tremula__Potra2n7c16587.1	Chr7	13456175	13456782	True
Populus_tremula	Populus_tremula__Potra2n8c16719.1	Chr8	441430	443567	True
Populus_tremula	Populus_tremula__Potra2n8c16778.1	Chr8	777955	780305	True
Populus_tremula	Populus_tremula__Potra2n8c17590.1	Chr8	6522295	6522736	True
Populus_tremula	Populus_tremula__Potra2n8c17663.1	Chr8	7055796	7059587	False
Populus_tremula	Populus_tremula__Potra2n8c17714.1	Chr8	7414519	7418915	True
Populus_tremula	Populus_tremula__Potra2n9c18683.1	Chr9	365369	367177	True
Populus_tremula	Populus_tremula__Potra2n9c18685.1	Chr9	381866	388643	True
Populus_tremula	Populus_tremula__Potra2n9c18937.1	Chr9	2160977	2162502	True
Populus_tremula	Populus_tremula__Potra2n9c19016.1	Chr9	2646807	2649614	True
Populus_tremula	Populus_tremula__Potra2n9c19233.1	Chr9	4200495	4203426	True
Populus_tremula	Populus_tremula__Potra2n9c19575.1	Chr9	6967373	6968273	True
Populus_tremula	Populus_tremula__chr9_exon1	Chr9	6971307	6973765	False
Populus_tremula	Populus_tremula__Potra2n369s35436.1	Scaffold_000208	25491	27820	False
Populus_tremula	Populus_tremula__Potra2n673s36378.3	Scaffold_000484	88188	91586	False
Populus_trichocarpa	Populus_trichocarpa__Potri.001G020200.1.v4.1	Chr1	1549293	1550097	False
Populus_trichocarpa	Populus_trichocarpa__Potri.001G029800.11.v4.1	Chr1	2235405	2242342	True
Populus_trichocarpa	Populus_trichocarpa__Potri.001G077900.3.v4.1	Chr1	5855544	5858413	True
Populus_trichocarpa	Populus_trichocarpa__Potri.001G136000.2.v4.1	Chr1	11078427	11084336	True
Populus_trichocarpa	Populus_trichocarpa__Potri.001G220700.2.v4.1	Chr1	23025148	23027487	False
Populus_trichocarpa	Populus_trichocarpa__Potri.001G371300.1.v4.1	Chr1	38897311	38898337	True
Populus_trichocarpa	Populus_trichocarpa__Potri.001G374200.2.v4.1	Chr1	39234546	39236145	True
Populus_trichocarpa	Populus_trichocarpa__Potri.010G004200.1.v4.1	Chr10	391425	393975	True
Populus_trichocarpa	Populus_trichocarpa__Potri.010G135200.2.v4.1	Chr10	15065385	15066066	True
Populus_trichocarpa	Populus_trichocarpa__Potri.010G142900.1.v4.1	Chr10	15576759	15577194	True
Populus_trichocarpa	Populus_trichocarpa__Potri.010G242800.3.v4.1	Chr10	21959783	21962304	True
Populus_trichocarpa	Populus_trichocarpa__Potri.010G248100.1.v4.1	Chr10	22227936	22229734	True
Populus_trichocarpa	Populus_trichocarpa__Potri.010G248300.2.v4.1	Chr10	22239246	22241493	True
Populus_trichocarpa	Populus_trichocarpa__Potri.013G040700.1.v4.1	Chr13	2781766	2786027	True
Populus_trichocarpa	Populus_trichocarpa__Potri.013G091400.1.v4.1	Chr13	9364064	9367450	True
Populus_trichocarpa	Populus_trichocarpa__Potri.013G124400.1.v4.1	Chr13	13271534	13274043	True
Populus_trichocarpa	Populus_trichocarpa__Potri.013G156900.1.v4.1	Chr13	15184710	15187376	True
Populus_trichocarpa	Populus_trichocarpa__Potri.014G007100.2.v4.1	Chr14	587260	587857	True
Populus_trichocarpa	Populus_trichocarpa__Potri.014G013400.1.v4.1	Chr14	779797	780235	True
Populus_trichocarpa	Populus_trichocarpa__Potri.014G028200.2.v4.1	Chr14	1768183	1770973	True
Populus_trichocarpa	Populus_trichocarpa__Potri.014G094200.7.v4.1	Chr14	6116137	6120270	True
Populus_trichocarpa	Populus_trichocarpa__Potri.014G120800.1.v4.1	Chr14	8107809	8108232	True
Populus_trichocarpa	Populus_trichocarpa__Potri.015G047700.1.v4.1	Chr15	4809907	4810540	True
Populus_trichocarpa	Populus_trichocarpa__Potri.015G147800.1.v4.1	Chr15	15168148	15169507	True
Populus_trichocarpa	Populus_trichocarpa__Potri.016G024000.1.v4.1	Chr16	1344600	1346314	True
Populus_trichocarpa	Populus_trichocarpa__Potri.016G032400.1.v4.1	Chr16	1820471	1823363	True
Populus_trichocarpa	Populus_trichocarpa__Potri.016G036500.1.v4.1	Chr16	2167542	2172025	True
Populus_trichocarpa	Populus_trichocarpa__Potri.016G049200.2.v4.1	Chr16	3194949	3200148	True
Populus_trichocarpa	Populus_trichocarpa__Chr16_exon1_exon3_exon2_exon4	Chr16	12629119	12631235	False
Populus_trichocarpa	Populus_trichocarpa__Potri.017G027400.1.v4.1	Chr17	1790500	1794283	True
Populus_trichocarpa	Populus_trichocarpa__Potri.017G106700.2.v4.1	Chr17	11597789	11598374	True
Populus_trichocarpa	Populus_trichocarpa__Potri.018G029500.1.v4.1	Chr18	2186836	2188754	True
Populus_trichocarpa	Populus_trichocarpa__Potri.019G091900.1.v4.1	Chr19	12970742	12973230	True
Populus_trichocarpa	Populus_trichocarpa__Potri.019G130000.1.v4.1	Chr19	15274944	15277735	True
Populus_trichocarpa	Populus_trichocarpa__Potri.002G018400.2.v4.1	Chr2	1106329	1107362	True
Populus_trichocarpa	Populus_trichocarpa__Potri.002G031900.1.v4.1	Chr2	2094075	2094549	True
Populus_trichocarpa	Populus_trichocarpa__Potri.002G045800.1.v4.1	Chr2	2967888	2971026	True
Populus_trichocarpa	Populus_trichocarpa__Potri.002G067400.2.v4.1	Chr2	4653036	4655485	True
Populus_trichocarpa	Populus_trichocarpa__Potri.002G069500.1.v4.1	Chr2	4834375	4838919	True
Populus_trichocarpa	Populus_trichocarpa__Potri.002G090700.5.v4.1	Chr2	6559981	6563011	True
Populus_trichocarpa	Populus_trichocarpa__Potri.002G090800.1.v4.1	Chr2	6575376	6576806	False
Populus_trichocarpa	Populus_trichocarpa__Potri.002G115900.1.v4.1	Chr2	8810623	8811070	True
Populus_trichocarpa	Populus_trichocarpa__Potri.002G125400.1.v4.1	Chr2	9544362	9548192	True
Populus_trichocarpa	Populus_trichocarpa__Potri.002G167100.2.v4.1	Chr2	12790621	12793724	True
Populus_trichocarpa	Populus_trichocarpa__Potri.002G196200.1.v4.1	Chr2	15895087	15895525	True
Populus_trichocarpa	Populus_trichocarpa__Potri.003G014800.3.v4.1	Chr3	1649483	1652105	False
Populus_trichocarpa	Populus_trichocarpa__Potri.003G097600.1.v4.1	Chr3	12334335	12340011	True
Populus_trichocarpa	Populus_trichocarpa__Potri.003G194600.12.v4.1	Chr3	19714794	19720731	False
Populus_trichocarpa	Populus_trichocarpa__Potri.003G204400.3.v4.1	Chr3	20335697	20336414	True
Populus_trichocarpa	Populus_trichocarpa__Potri.004G111100.1.v4.1	Chr4	10146439	10147033	True
Populus_trichocarpa	Populus_trichocarpa__Potri.004G140600.12.v4.1	Chr4	16299059	16301896	True
Populus_trichocarpa	Populus_trichocarpa__Potri.004G158200.1.v4.1	Chr4	17902234	17902705	True
Populus_trichocarpa	Populus_trichocarpa__Potri.004G163800.1.v4.1	Chr4	18352499	18355025	True
Populus_trichocarpa	Populus_trichocarpa__Potri.004G175200.4.v4.1	Chr4	19053074	19054436	True
Populus_trichocarpa	Populus_trichocarpa__Potri.004G203400.7.v4.1	Chr4	21239568	21245633	False
Populus_trichocarpa	Populus_trichocarpa__Potri.004G219100.1.v4.1	Chr4	22486609	22491916	True
Populus_trichocarpa	Populus_trichocarpa__Potri.005G053200.1.v4.1	Chr5	3361525	3366230	False
Populus_trichocarpa	Populus_trichocarpa__Potri.005G082000.10.v4.1	Chr5	5591909	5595325	True
Populus_trichocarpa	Populus_trichocarpa__Potri.005G109500.2.v4.1	Chr5	7957652	7958658	True
Populus_trichocarpa	Populus_trichocarpa__Potri.005G119300.1.v4.1	Chr5	8767630	8768122	True
Populus_trichocarpa	Populus_trichocarpa__Potri.005G126000.4.v4.1	Chr5	9401815	9404805	True
Populus_trichocarpa	Populus_trichocarpa__Potri.005G170500.1.v4.1	Chr5	17465248	17468292	True
Populus_trichocarpa	Populus_trichocarpa__Potri.005G190700.1.v4.1	Chr5	19816953	19820592	True
Populus_trichocarpa	Populus_trichocarpa__Potri.005G192900.1.v4.1	Chr5	20046839	20051128	True
Populus_trichocarpa	Populus_trichocarpa__Potri.005G217500.1.v4.1	Chr5	22057031	22060132	True
Populus_trichocarpa	Populus_trichocarpa__Potri.005G231300.1.v4.1	Chr5	23060167	23060638	True
Populus_trichocarpa	Populus_trichocarpa__Potri.005G243400.3.v4.1	Chr5	23935274	23936162	True
Populus_trichocarpa	Populus_trichocarpa__Potri.005G257900.2.v4.1	Chr5	24823559	24825254	True
Populus_trichocarpa	Populus_trichocarpa__Potri.006G025800.2.v4.1	Chr6	1696678	1698438	True
Populus_trichocarpa	Populus_trichocarpa__Potri.006G034500.1.v4.1	Chr6	2180904	2183980	True
Populus_trichocarpa	Populus_trichocarpa__Potri.006G039000.1.v4.1	Chr6	2585220	2590765	True
Populus_trichocarpa	Populus_trichocarpa__Potri.006G058800.4.v4.1	Chr6	4138017	4143434	True
Populus_trichocarpa	Populus_trichocarpa__Potri.006G083000.1.v4.1	Chr6	6161232	6163199	True
Populus_trichocarpa	Populus_trichocarpa__Potri.006G114600.1.v4.1	Chr6	8895542	8898367	True
Populus_trichocarpa	Populus_trichocarpa__Potri.006G251800.2.v4.1	Chr6	25048095	25050290	True
Populus_trichocarpa	Populus_trichocarpa__Potri.006G277800.6.v4.1	Chr6	26854928	26856662	True
Populus_trichocarpa	Populus_trichocarpa__Potri.007G006900.2.v4.1	Chr7	472097	472769	True
Populus_trichocarpa	Populus_trichocarpa__Potri.007G019900.1.v4.1	Chr7	1519702	1520200	True
Populus_trichocarpa	Populus_trichocarpa__Potri.007G029400.2.v4.1	Chr7	2237243	2240317	False
Populus_trichocarpa	Populus_trichocarpa__Potri.007G085700.2.v4.1	Chr7	11023288	11026735	False
Populus_trichocarpa	Populus_trichocarpa__Potri.007G130800.4.v4.1	Chr7	14462675	14466354	False
Populus_trichocarpa	Populus_trichocarpa__Potri.008G010800.1.v4.1	Chr8	535738	537808	False
Populus_trichocarpa	Populus_trichocarpa__Potri.008G018400.2.v4.1	Chr8	920738	923132	False
Populus_trichocarpa	Populus_trichocarpa__Potri.008G106700.1.v4.1	Chr8	6734743	6735178	True
Populus_trichocarpa	Populus_trichocarpa__Potri.008G113400.1.v4.1	Chr8	7221616	7222222	False
Populus_trichocarpa	Populus_trichocarpa__Potri.008G118300.1.v4.1	Chr8	7590541	7594946	True
Populus_trichocarpa	Populus_trichocarpa__Potri.009G018500.1.v4.1	Chr9	3072310	3074642	True
Populus_trichocarpa	Populus_trichocarpa__Potri.009G074900.1.v4.1	Chr9	7291537	7292440	True
Populus_trichocarpa	Populus_trichocarpa__Potri.009G075000.2.v4.1	Chr9	7296324	7298852	False
Populus_trichocarpa	Populus_trichocarpa__Potri.009G101200.2.v4.1	Chr9	8946513	8949437	True
Populus_trichocarpa	Populus_trichocarpa__Potri.009G119700.1.v4.1	Chr9	10044338	10044809	True
Populus_trichocarpa	Populus_trichocarpa__Potri.009G125400.1.v4.1	Chr9	10426425	10429259	True
Populus_trichocarpa	Populus_trichocarpa__Potri.009G134900.1.v4.1	Chr9	10922410	10923769	True
Populus_trichocarpa	Populus_trichocarpa__Potri.009G164300.4.v4.1	Chr9	12606876	12613722	True
Populus_trichocarpa	Populus_trichocarpa__Potri.009G164500.4.v4.1	Chr9	12628876	12630722	False
Populus_wuana	Populus_wuana__Powua00234.t1	Chr1	2000601	2001402	True
Populus_wuana	Populus_wuana__Powua00320.t1	Chr1	2687110	2694089	True
Populus_wuana	Populus_wuana__Powua00746.t1	Chr1	6725370	6728078	True
Populus_wuana	Populus_wuana__Powua01322.t1	Chr1	11801640	11807618	True
Populus_wuana	Populus_wuana__Powua01619.t1	Chr1	14925678	14926125	True
Populus_wuana	Populus_wuana__Powua02169.t2	Chr1	24530109	24531029	False
Populus_wuana	Populus_wuana__Powua03704.t1	Chr1	42058758	42059781	False
Populus_wuana	Populus_wuana__Powua03736.t1	Chr1	42446885	42448477	False
Populus_wuana	Populus_wuana__Powua23658.t1	Chr10	10699980	10700385	False
Populus_wuana	Populus_wuana__Powua23901.t7	Chr10	12815385	12819546	True
Populus_wuana	Populus_wuana__Powua24444.t1	Chr10	17229044	17231803	True
Populus_wuana	Populus_wuana__Powua24583.t1	Chr10	18307921	18308356	True
Populus_wuana	Populus_wuana__Powua24601.t1	Chr10	18495894	18496578	False
Populus_wuana	Populus_wuana__Powua25225.t1	Chr11	333803	336586	True
Populus_wuana	Populus_wuana__Powua25524.t1	Chr11	3868770	3871274	True
Populus_wuana	Populus_wuana__Powua26029.t3	Chr12	502665	505360	True
Populus_wuana	Populus_wuana__Powua26268.t1	Chr12	2782459	2785004	True
Populus_wuana	Populus_wuana__Powua26591.t3	Chr12	6766992	6770375	True
Populus_wuana	Populus_wuana__Powua27109.t1	Chr12	14467304	14471882	True
Populus_wuana	Populus_wuana__Powua27806.t1	Chr13	2340764	2342660	True
Populus_wuana	Populus_wuana__Powua29098.t1	Chr14	1309838	1313494	False
Populus_wuana	Populus_wuana__Powua29524.t1	Chr14	5194937	5198417	False
Populus_wuana	Populus_wuana__Powua30230.t1	Chr14	15829647	15830142	True
Populus_wuana	Populus_wuana__Powua30352.t1	Chr14	16899722	16900460	True
Populus_wuana	Populus_wuana__Powua30604.t1	Chr15	2115403	2119144	True
Populus_wuana	Populus_wuana__Powua32789.t1	Chr16	11802451	11803081	True
Populus_wuana	Populus_wuana__Powua33427.t1	Chr17	1627080	1628854	True
Populus_wuana	Populus_wuana__Powua33493.t1	Chr17	2126439	2129328	True
Populus_wuana	Populus_wuana__Powua33538.t1	Chr17	2482612	2487099	True
Populus_wuana	Populus_wuana__Powua33653.t1	Chr17	3591472	3596657	True
Populus_wuana	Populus_wuana__LG17_exon2_exon5_exon3_exon4_exon6	Chr17	13315225	13317791	True
Populus_wuana	Populus_wuana__Powua36068.t1	Chr19	3477955	3480285	True
Populus_wuana	Populus_wuana__Powua36598.t1	Chr19	7886460	7887352	True
Populus_wuana	Populus_wuana__Powua36599.t1	Chr19	7891782	7894337	True
Populus_wuana	Populus_wuana__Powua36853.t6	Chr19	9595704	9598041	True
Populus_wuana	Populus_wuana__Powua37036.t1	Chr19	10795498	10795966	True
Populus_wuana	Populus_wuana__Powua37092.t1	Chr19	11211528	11214344	True
Populus_wuana	Populus_wuana__Powua37184.t1	Chr19	11756776	11758132	True
Populus_wuana	Populus_wuana__Powua37459.t1	Chr19	13534616	13541431	True
Populus_wuana	Populus_wuana__Powua37461.t3	Chr19	13556073	13557920	True
Populus_wuana	Populus_wuana__LG02_exon4_exon2_exon1_exon3_exon5_exon6	Chr2	206560	208284	True
Populus_wuana	Populus_wuana__Powua04804.t2	Chr2	2058169	2059270	True
Populus_wuana	Populus_wuana__Powua06175.t1	Chr2	19330330	19333024	True
Populus_wuana	Populus_wuana__Powua06456.t1	Chr2	22553728	22555698	True
Populus_wuana	Populus_wuana__Powua06688.t1	Chr2	24619537	24624856	True
Populus_wuana	Populus_wuana__Powua06889.t1	Chr2	26312224	26317781	True
Populus_wuana	Populus_wuana__Powua06928.t1	Chr2	26724634	26727694	True
Populus_wuana	Populus_wuana__Powua06988.t1	Chr2	27108663	27110389	False
Populus_wuana	Populus_wuana__Powua07518.t1	Chr3	2195176	2195647	True
Populus_wuana	Populus_wuana__Powua07653.t1	Chr3	3107003	3110075	True
Populus_wuana	Populus_wuana__Powua07863.t2	Chr3	4817960	4820390	True
Populus_wuana	Populus_wuana__Powua07885.t1	Chr3	5008833	5013374	True
Populus_wuana	Populus_wuana__Powua08091.t1	Chr3	6850138	6853161	True
Populus_wuana	Populus_wuana__Powua08092.t1	Chr3	6865704	6867156	False
Populus_wuana	Populus_wuana__Powua08341.t1	Chr3	9137289	9137733	True
Populus_wuana	Populus_wuana__Powua08441.t3	Chr3	9870608	9873193	True
Populus_wuana	Populus_wuana__Powua08844.t1	Chr3	13239796	13243281	True
Populus_wuana	Populus_wuana__Powua09142.t1	Chr3	16657640	16658075	True
Populus_wuana	Populus_wuana__Powua09986.t1	Chr4	1547595	1555179	True
Populus_wuana	Populus_wuana__Powua10146.t1	Chr4	2904137	2910339	True
Populus_wuana	Populus_wuana__Powua10419.t1	Chr4	5497155	5498520	True
Populus_wuana	Populus_wuana__Powua10516.t1	Chr4	6281290	6283801	True
Populus_wuana	Populus_wuana__Powua10572.t1	Chr4	6756924	6757392	True
Populus_wuana	Populus_wuana__Powua10727.t1	Chr4	8367797	8370626	True
Populus_wuana	Populus_wuana__Powua11083.t1	Chr4	14842048	14842639	True
Populus_wuana	Populus_wuana__Powua12146.t1	Chr5	180343	182033	False
Populus_wuana	Populus_wuana__Powua12284.t1	Chr5	1110565	1111583	False
Populus_wuana	Populus_wuana__Powua12410.t1	Chr5	2029462	2030236	True
Populus_wuana	Populus_wuana__Powua12550.t1	Chr5	3272612	3275707	False
Populus_wuana	Populus_wuana__Powua12772.t1	Chr5	5385553	5389837	True
Populus_wuana	Populus_wuana__Powua12788.t1	Chr5	5615010	5618705	True
Populus_wuana	Populus_wuana__Powua12999.t2	Chr5	8153806	8156846	True
Populus_wuana	Populus_wuana__Powua13429.t2	Chr5	15727593	15730571	True
Populus_wuana	Populus_wuana__Powua13489.t1	Chr5	16379135	16379624	True
Populus_wuana	Populus_wuana__Powua13584.t1	Chr5	17279117	17279726	False
Populus_wuana	Populus_wuana__Powua13859.t1	Chr5	19862138	19865551	True
Populus_wuana	Populus_wuana__Powua15544.t1	Chr6	12928759	12934503	True
Populus_wuana	Populus_wuana__Powua16470.t3	Chr6	20825700	20831595	False
Populus_wuana	Populus_wuana__Powua16572.t2	Chr6	21786574	21787288	True
Populus_wuana	Populus_wuana__Powua16828.t1	Chr7	490541	492781	True
Populus_wuana	Populus_wuana__Powua16832.t1	Chr7	502724	504519	True
Populus_wuana	Populus_wuana__Powua16886.t1	Chr7	799592	802109	True
Populus_wuana	Populus_wuana__Powua17795.t1	Chr7	7274654	7275086	False
Populus_wuana	Populus_wuana__Powua17868.t1	Chr7	7821501	7822104	True
Populus_wuana	Populus_wuana__Powua19169.t1	Chr7	22624839	22627390	True
Populus_wuana	Populus_wuana__Powua19298.t1	Chr8	507215	509356	True
Populus_wuana	Populus_wuana__Powua19372.t1	Chr8	867573	869963	False
Populus_wuana	Populus_wuana__Powua20225.t1	Chr8	6957603	6958035	True
Populus_wuana	Populus_wuana__Powua20292.t1	Chr8	7460819	7461422	False
Populus_wuana	Populus_wuana__Powua20340.t1	Chr8	7839076	7843910	True
Populus_yunnanensis	Populus_yunnanensis__Poyun00200.t1	Chr1	1869282	1870083	False
Populus_yunnanensis	Populus_yunnanensis__Poyun00301.t1	Chr1	2504422	2511402	True
Populus_yunnanensis	Populus_yunnanensis__Poyun00734.t1	Chr1	6617606	6620336	True
Populus_yunnanensis	Populus_yunnanensis__Poyun01361.t1	Chr1	12387129	12393112	True
Populus_yunnanensis	Populus_yunnanensis__Poyun01675.t1	Chr1	15546989	15547444	True
Populus_yunnanensis	Populus_yunnanensis__Poyun02263.t1	Chr1	25544614	25547098	True
Populus_yunnanensis	Populus_yunnanensis__Poyun03826.t1	Chr1	42621039	42622058	False
Populus_yunnanensis	Populus_yunnanensis__Poyun03859.t1	Chr1	42981773	42983365	False
Populus_yunnanensis	Populus_yunnanensis__Poyun24421.t1	Chr10	4202680	4207196	True
Populus_yunnanensis	Populus_yunnanensis__Poyun24924.t2	Chr10	11669909	11673062	True
Populus_yunnanensis	Populus_yunnanensis__Poyun25249.t1	Chr10	16334560	16337106	True
Populus_yunnanensis	Populus_yunnanensis__Poyun25523.t3	Chr10	18936143	18938845	True
Populus_yunnanensis	Populus_yunnanensis__Poyun26435.t1	Chr11	11101680	11102100	True
Populus_yunnanensis	Populus_yunnanensis__Poyun26694.t1	Chr11	13184607	13188583	True
Populus_yunnanensis	Populus_yunnanensis__Poyun27271.t1	Chr11	17678262	17681040	True
Populus_yunnanensis	Populus_yunnanensis__Poyun27415.t1	Chr11	18728942	18729377	True
Populus_yunnanensis	Populus_yunnanensis__Poyun27436.t1	Chr11	18901457	18902144	False
Populus_yunnanensis	Populus_yunnanensis__Poyun28588.t1	Chr12	15952212	15954674	True
Populus_yunnanensis	Populus_yunnanensis__Poyun28840.t2	Chr12	18795561	18798347	True
Populus_yunnanensis	Populus_yunnanensis__Poyun29030.t1	Chr13	1325000	1328668	False
Populus_yunnanensis	Populus_yunnanensis__Poyun29452.t1	Chr13	5093857	5097333	False
Populus_yunnanensis	Populus_yunnanensis__Poyun30125.t1	Chr13	15846382	15857801	True
Populus_yunnanensis	Populus_yunnanensis__Poyun30225.t1	Chr13	16631234	16631729	True
Populus_yunnanensis	Populus_yunnanensis__Poyun30358.t1	Chr13	17908930	17909638	True
Populus_yunnanensis	Populus_yunnanensis__Poyun31446.t1	Chr14	11985262	11985892	True
Populus_yunnanensis	Populus_yunnanensis__Poyun32129.t1	Chr15	2698208	2701914	True
Populus_yunnanensis	Populus_yunnanensis__Poyun32925.t1	Chr15	13723916	13724498	True
Populus_yunnanensis	Populus_yunnanensis__Poyun33708.t1	Chr16	3213353	3215324	True
Populus_yunnanensis	Populus_yunnanensis__Poyun35137.t1	Chr17	2818453	2820964	True
Populus_yunnanensis	Populus_yunnanensis__Poyun35903.t1	Chr17	12924332	12929535	True
Populus_yunnanensis	Populus_yunnanensis__Poyun36026.t1	Chr17	14071426	14075910	True
Populus_yunnanensis	Populus_yunnanensis__Poyun36071.t1	Chr17	14421049	14423939	True
Populus_yunnanensis	Populus_yunnanensis__Poyun36138.t1	Chr17	14902206	14903971	True
Populus_yunnanensis	Populus_yunnanensis__Poyun37989.t1	Chr19	3563558	3565889	True
Populus_yunnanensis	Populus_yunnanensis__Poyun38538.t1	Chr19	8059825	8062362	True
Populus_yunnanensis	Populus_yunnanensis__Poyun38798.t6	Chr19	9881535	9883874	True
Populus_yunnanensis	Populus_yunnanensis__Poyun38985.t1	Chr19	11049702	11050170	True
Populus_yunnanensis	Populus_yunnanensis__Poyun39046.t1	Chr19	11447040	11449855	True
Populus_yunnanensis	Populus_yunnanensis__Poyun39134.t1	Chr19	11959498	11960854	True
Populus_yunnanensis	Populus_yunnanensis__Poyun39401.t1	Chr19	13884836	13891637	True
Populus_yunnanensis	Populus_yunnanensis__Poyun39403.t1	Chr19	13906155	13908017	False
Populus_yunnanensis	Populus_yunnanensis__Poyun04825.t1	Chr2	189058	191881	True
Populus_yunnanensis	Populus_yunnanensis__Poyun05076.t1	Chr2	2450856	2452847	True
Populus_yunnanensis	Populus_yunnanensis__Poyun06490.t1	Chr2	20012599	20015302	True
Populus_yunnanensis	Populus_yunnanensis__Poyun06798.t1	Chr2	22800396	22802339	True
Populus_yunnanensis	Populus_yunnanensis__Poyun07052.t1	Chr2	24912811	24918169	True
Populus_yunnanensis	Populus_yunnanensis__Poyun07264.t1	Chr2	26645182	26650739	True
Populus_yunnanensis	Populus_yunnanensis__Poyun07305.t1	Chr2	27054257	27057307	False
Populus_yunnanensis	Populus_yunnanensis__Poyun07742.t1	Chr3	2289424	2294721	True
Populus_yunnanensis	Populus_yunnanensis__Poyun07906.t1	Chr3	3760939	3767180	False
Populus_yunnanensis	Populus_yunnanensis__Poyun08220.t1	Chr3	6618917	6620282	True
Populus_yunnanensis	Populus_yunnanensis__Poyun08321.t1	Chr3	7452471	7454988	True
Populus_yunnanensis	Populus_yunnanensis__Poyun08374.t1	Chr3	7921436	7921904	True
Populus_yunnanensis	Populus_yunnanensis__Poyun08543.t1	Chr3	9528408	9531239	True
Populus_yunnanensis	Populus_yunnanensis__Poyun08872.t1	Chr3	15639822	15640413	True
Populus_yunnanensis	Populus_yunnanensis__Poyun10788.t1	Chr4	9750936	9751371	True
Populus_yunnanensis	Populus_yunnanensis__Poyun11068.t1	Chr4	12877842	12881331	True
Populus_yunnanensis	Populus_yunnanensis__Poyun11514.t2	Chr4	16481777	16485593	True
Populus_yunnanensis	Populus_yunnanensis__Poyun11621.t1	Chr4	17233695	17234124	True
Populus_yunnanensis	Populus_yunnanensis__Poyun11874.t1	Chr4	19547035	19548462	False
Populus_yunnanensis	Populus_yunnanensis__Poyun11875.t1	Chr4	19561003	19564023	True
Populus_yunnanensis	Populus_yunnanensis__Poyun12099.t1	Chr4	21366729	21371265	True
Populus_yunnanensis	Populus_yunnanensis__Poyun12121.t2	Chr4	21556536	21558967	False
Populus_yunnanensis	Populus_yunnanensis__Poyun12351.t1	Chr4	23310924	23314050	True
Populus_yunnanensis	Populus_yunnanensis__Poyun12489.t1	Chr4	24209498	24209969	True
Populus_yunnanensis	Populus_yunnanensis__LG04_exon1	Chr4	25180844	25181750	True
Populus_yunnanensis	Populus_yunnanensis__Poyun12633.t3	Chr4	25181204	25181870	True
Populus_yunnanensis	Populus_yunnanensis__Poyun12828.t1	Chr5	177228	178908	True
Populus_yunnanensis	Populus_yunnanensis__Poyun12974.t1	Chr5	1081182	1082200	True
Populus_yunnanensis	Populus_yunnanensis__Poyun13101.t1	Chr5	1966528	1966996	True
Populus_yunnanensis	Populus_yunnanensis__Poyun13237.t1	Chr5	3031565	3034659	False
Populus_yunnanensis	Populus_yunnanensis__Poyun13472.t1	Chr5	5106875	5111234	True
Populus_yunnanensis	Populus_yunnanensis__Poyun13489.t1	Chr5	5345474	5349169	True
Populus_yunnanensis	Populus_yunnanensis__Poyun13690.t1	Chr5	7994709	7997749	True
Populus_yunnanensis	Populus_yunnanensis__Poyun14122.t1	Chr5	16060575	16063558	True
Populus_yunnanensis	Populus_yunnanensis__Poyun14185.t1	Chr5	16697942	16698431	True
Populus_yunnanensis	Populus_yunnanensis__Poyun14279.t1	Chr5	17565751	17566360	True
Populus_yunnanensis	Populus_yunnanensis__Poyun14544.t1	Chr5	20273012	20276431	True
Populus_yunnanensis	Populus_yunnanensis__Poyun14834.t1	Chr5	22560746	22561704	False
Populus_yunnanensis	Populus_yunnanensis__Poyun15313.t1	Chr6	439738	442270	True
Populus_yunnanensis	Populus_yunnanensis__Poyun16619.t1	Chr6	15058270	15059079	False
Populus_yunnanensis	Populus_yunnanensis__Poyun16690.t1	Chr6	15601074	15601506	True
Populus_yunnanensis	Populus_yunnanensis__Poyun17659.t3	Chr6	22136239	22138753	True
Populus_yunnanensis	Populus_yunnanensis__Poyun17726.t1	Chr6	22446800	22448596	True
Populus_yunnanensis	Populus_yunnanensis__Poyun17730.t1	Chr6	22458567	22460804	True
Populus_yunnanensis	Populus_yunnanensis__Poyun17940.t1	Chr7	1483676	1486284	True
Populus_yunnanensis	Populus_yunnanensis__Poyun18737.t1	Chr7	12847185	12852856	True
Populus_yunnanensis	Populus_yunnanensis__Poyun19681.t1	Chr7	20531736	20538739	False
Populus_yunnanensis	Populus_yunnanensis__Poyun19771.t1	Chr7	21181279	21181993	False
Populus_yunnanensis	Populus_yunnanensis__Poyun21647.t1	Chr9	506497	508636	True
Populus_yunnanensis	Populus_yunnanensis__Poyun21720.t1	Chr9	884550	886940	False
Populus_yunnanensis	Populus_yunnanensis__Poyun22607.t1	Chr9	6782566	6782998	True
Populus_yunnanensis	Populus_yunnanensis__Poyun22677.t1	Chr9	7284747	7285350	False
Populus_yunnanensis	Populus_yunnanensis__Poyun22730.t1	Chr9	7668699	7673527	True
