te_id	species	chrom	te_start	te_end	te_class	te_subclass
Populus_adenopoda|Chr1:10733079-10733241|LTR_592-LTR	Populus_adenopoda	Chr1	10733079	10733241	LTR	LTR/Copia
Populus_adenopoda|Chr1:35250273-35250981|LTR_1014-int	Populus_adenopoda	Chr1	35250273	35250981	LTR	LTR/Copia
Populus_adenopoda|Chr11:15002836-15002943|LTR_181-LTR	Populus_adenopoda	Chr11	15002836	15002943	LTR	LTR/Gypsy
Populus_adenopoda|Chr13:10264444-10264617|Homology_Non_LTR_1	Populus_adenopoda	Chr13	10264444	10264617	non-LTR	SINE/tRNA
Populus_adenopoda|Chr16:2818676-2820034|LTR_1077-int	Populus_adenopoda	Chr16	2818676	2820034	LTR	LTR/Copia
Populus_adenopoda|Chr17:1576181-1576234|LTR_954-int	Populus_adenopoda	Chr17	1576181	1576234	LTR	LTR/Copia
Populus_adenopoda|Chr17:1576368-1576446|LTR_954-int	Populus_adenopoda	Chr17	1576368	1576446	LTR	LTR/Copia
Populus_adenopoda|Chr17:1581133-1581253|LTR_230-LTR	Populus_adenopoda	Chr17	1581133	1581253	LTR	LTR/Gypsy
Populus_adenopoda|Chr19:2534938-2535005|LTR_313-LTR	Populus_adenopoda	Chr19	2534938	2535005	LTR	LTR/Gypsy
Populus_adenopoda|Chr19:2534959-2535005|LTR_526-LTR	Populus_adenopoda	Chr19	2534959	2535005	LTR	LTR/Copia
Populus_adenopoda|Chr19:5666264-5666342|LTR_954-int	Populus_adenopoda	Chr19	5666264	5666342	LTR	LTR/Copia
Populus_adenopoda|Chr19:5666477-5666555|LTR_954-int	Populus_adenopoda	Chr19	5666477	5666555	LTR	LTR/Copia
Populus_adenopoda|Chr2:1900240-1900692|LTR_388-LTR	Populus_adenopoda	Chr2	1900240	1900692	LTR	LTR/Gypsy
Populus_adenopoda|Chr2:6443961-6444223|LTR_1022-int	Populus_adenopoda	Chr2	6443961	6444223	LTR	LTR/Copia
Populus_adenopoda|Chr2:6445058-6445222|LTR_1000-int	Populus_adenopoda	Chr2	6445058	6445222	LTR	LTR/Copia
Populus_adenopoda|Chr2:6446538-6446681|LTR_122-LTR	Populus_adenopoda	Chr2	6446538	6446681	LTR	LTR/Copia
Populus_adenopoda|Chr2:9068919-9069091|Homology_Non_LTR_0	Populus_adenopoda	Chr2	9068919	9069091	non-LTR	SINE/tRNA
Populus_adenopoda|Chr2:24980971-24981083|LTR_740-int	Populus_adenopoda	Chr2	24980971	24981083	LTR	LTR/Gypsy
Populus_adenopoda|Chr2:24981477-24981856|LTR_1059-int	Populus_adenopoda	Chr2	24981477	24981856	LTR	LTR/Gypsy
Populus_adenopoda|Chr3:7825616-7825759|LTR_731-int	Populus_adenopoda	Chr3	7825616	7825759	LTR	LTR/Gypsy
Populus_adenopoda|Chr3:14443482-14443624|LTR_392-LTR	Populus_adenopoda	Chr3	14443482	14443624	LTR	LTR/Copia
Populus_adenopoda|Chr3:22084894-22084946|LTR_1079-int	Populus_adenopoda	Chr3	22084894	22084946	LTR	LTR/Copia
Populus_adenopoda|Chr4:1676071-1676110|LTR_344-LTR	Populus_adenopoda	Chr4	1676071	1676110	LTR	LTR/Gypsy
Populus_adenopoda|Chr4:5610881-5611534|LTR_771-int	Populus_adenopoda	Chr4	5610881	5611534	LTR	LTR/Copia
Populus_adenopoda|Chr4:5610953-5613618|LTR_1078-int	Populus_adenopoda	Chr4	5610953	5613618	LTR	LTR/Copia
Populus_adenopoda|Chr4:13315266-13315309|LTR_641-LTR	Populus_adenopoda	Chr4	13315266	13315309	LTR	LTR/Copia
Populus_adenopoda|Chr4:13315590-13316080|LTR_320-LTR	Populus_adenopoda	Chr4	13315590	13316080	LTR	LTR/Copia
Populus_adenopoda|Chr5:4857107-4857287|Homology_Non_LTR_1	Populus_adenopoda	Chr5	4857107	4857287	non-LTR	SINE/tRNA
Populus_adenopoda|Chr5:4864745-4865114|LTR_1002-int	Populus_adenopoda	Chr5	4864745	4865114	LTR	LTR/Gypsy
Populus_adenopoda|Chr5:5082067-5082243|LTR_392-LTR	Populus_adenopoda	Chr5	5082067	5082243	LTR	LTR/Copia
Populus_adenopoda|Chr6:10033140-10033256|LTR_1066-int	Populus_adenopoda	Chr6	10033140	10033256	TIR	DNA/TcMar
Populus_adenopoda|Chr6:10033159-10033362|LTR_392-LTR	Populus_adenopoda	Chr6	10033159	10033362	LTR	LTR/Copia
Populus_adenopoda|Chr7:20011322-20011437|LTR_49-LTR	Populus_adenopoda	Chr7	20011322	20011437	LTR	LTR/Copia
Populus_adenopoda|Chr7:20011434-20011474|LTR_49-LTR	Populus_adenopoda	Chr7	20011434	20011474	LTR	LTR/Copia
Populus_adenopoda|Chr7:20011474-20015723|LTR_671-int	Populus_adenopoda	Chr7	20011474	20015723	LTR	LTR/Copia
Populus_adenopoda|Chr8:468623-468751|LTR_392-LTR	Populus_adenopoda	Chr8	468623	468751	LTR	LTR/Copia
Populus_adenopoda|Chr8:741382-741494|LTR_392-LTR	Populus_adenopoda	Chr8	741382	741494	LTR	LTR/Copia
Populus_alba|Chr1:3057662-3057741|TIR_72	Populus_alba	Chr1	3057662	3057741	TIR	DNA/other
Populus_alba|Chr1:3060544-3060761|LTR_886-int	Populus_alba	Chr1	3060544	3060761	LTR	LTR/Copia
Populus_alba|Chr1:7325122-7325565|LTR_1038-int	Populus_alba	Chr1	7325122	7325565	LTR	LTR/Copia
Populus_alba|Chr1:12478965-12479098|LTR_1038-int	Populus_alba	Chr1	12478965	12479098	LTR	LTR/Copia
Populus_alba|Chr1:12479172-12479522|TIR_112	Populus_alba	Chr1	12479172	12479522	TIR	DNA/TcMar
Populus_alba|Chr1:12486044-12486170|TIR_58	Populus_alba	Chr1	12486044	12486170	TIR	DNA/PIF-Harbinger
Populus_alba|Chr1:12488308-12490368|TIR_116	Populus_alba	Chr1	12488308	12490368	TIR	DNA/hAT
Populus_alba|Chr1:25879238-25879645|TIR_147	Populus_alba	Chr1	25879238	25879645	TIR	DNA/PIF-Harbinger
Populus_alba|Chr1:25879456-25880099|TIR_12	Populus_alba	Chr1	25879456	25880099	TIR	DNA/hAT
Populus_alba|Chr1:41772980-41773078|LTR_1038-int	Populus_alba	Chr1	41772980	41773078	LTR	LTR/Copia
Populus_alba|Chr1:41773611-41773790|LTR_741-LTR	Populus_alba	Chr1	41773611	41773790	LTR	LTR/Gypsy
Populus_alba|Chr1:42117269-42118519|TIR_141	Populus_alba	Chr1	42117269	42118519	TIR	DNA/CMC-EnSpm
Populus_alba|Chr1:42122888-42123094|TIR_112	Populus_alba	Chr1	42122888	42123094	TIR	DNA/TcMar
Populus_alba|Chr1:42123134-42123550|LTR_1038-int	Populus_alba	Chr1	42123134	42123550	LTR	LTR/Copia
Populus_alba|Chr10:387791-387944|TIR_113	Populus_alba	Chr10	387791	387944	TIR	DNA/TcMar
Populus_alba|Chr10:387875-387968|TIR_74	Populus_alba	Chr10	387875	387968	TIR	DNA/CMC-EnSpm
Populus_alba|Chr10:387974-388290|TIR_33	Populus_alba	Chr10	387974	388290	TIR	DNA/hAT
Populus_alba|Chr10:388292-388433|TIR_113	Populus_alba	Chr10	388292	388433	TIR	DNA/TcMar
Populus_alba|Chr10:388295-388644|TIR_113	Populus_alba	Chr10	388295	388644	TIR	DNA/TcMar
Populus_alba|Chr10:390314-390478|TIR_112	Populus_alba	Chr10	390314	390478	TIR	DNA/TcMar
Populus_alba|Chr10:390631-390898|LTR_1038-int	Populus_alba	Chr10	390631	390898	LTR	LTR/Copia
Populus_alba|Chr10:390808-391090|TIR_112	Populus_alba	Chr10	390808	391090	TIR	DNA/TcMar
Populus_alba|Chr10:391194-391568|Denovo_Non_LTR_35	Populus_alba	Chr10	391194	391568	non-LTR	LINE/L1
Populus_alba|Chr10:392842-393046|LTR_1023-int	Populus_alba	Chr10	392842	393046	LTR	LTR/Copia
Populus_alba|Chr10:392883-393033|TIR_46	Populus_alba	Chr10	392883	393033	TIR	DNA/TcMar
Populus_alba|Chr10:393033-393051|TIR_10	Populus_alba	Chr10	393033	393051	TIR	DNA/other
Populus_alba|Chr10:393681-393872|Denovo_Non_LTR_11	Populus_alba	Chr10	393681	393872	non-LTR	SINE/tRNA
Populus_alba|Chr10:13892152-13892295|TIR_16	Populus_alba	Chr10	13892152	13892295	non-LTR	SINE/tRNA
Populus_alba|Chr10:14932761-14932896|TIR_16	Populus_alba	Chr10	14932761	14932896	non-LTR	SINE/tRNA
Populus_alba|Chr10:21315030-21315163|TIR_58	Populus_alba	Chr10	21315030	21315163	TIR	DNA/PIF-Harbinger
Populus_alba|Chr10:21321013-21321155|TIR_16	Populus_alba	Chr10	21321013	21321155	non-LTR	SINE/tRNA
Populus_alba|Chr10:21577946-21578105|LTR_886-int	Populus_alba	Chr10	21577946	21578105	LTR	LTR/Copia
Populus_alba|Chr10:21581104-21581244|TIR_16	Populus_alba	Chr10	21581104	21581244	non-LTR	SINE/tRNA
Populus_alba|Chr10:21581244-21581281|LTR_886-int	Populus_alba	Chr10	21581244	21581281	LTR	LTR/Copia
Populus_alba|Chr13:3281731-3281873|LTR_886-int	Populus_alba	Chr13	3281731	3281873	LTR	LTR/Copia
Populus_alba|Chr13:3289312-3289466|TIR_16	Populus_alba	Chr13	3289312	3289466	non-LTR	SINE/tRNA
Populus_alba|Chr13:3289519-3289711|TIR_4	Populus_alba	Chr13	3289519	3289711	TIR	DNA/hAT
Populus_alba|Chr13:3289773-3289929|TIR_16	Populus_alba	Chr13	3289773	3289929	non-LTR	SINE/tRNA
Populus_alba|Chr13:13400148-13400348|Denovo_Non_LTR_1	Populus_alba	Chr13	13400148	13400348	non-LTR	SINE/tRNA
Populus_alba|Chr13:13402902-13404176|LTR_1223-int	Populus_alba	Chr13	13402902	13404176	LTR	LTR/Copia
Populus_alba|Chr13:13562012-13563290|LTR_1223-int	Populus_alba	Chr13	13562012	13563290	LTR	LTR/Copia
Populus_alba|Chr13:13565828-13566032|Denovo_Non_LTR_1	Populus_alba	Chr13	13565828	13566032	non-LTR	SINE/tRNA
Populus_alba|Chr13:13570047-13570357|TIR_72	Populus_alba	Chr13	13570047	13570357	TIR	DNA/other
Populus_alba|Chr13:16213736-16213911|TIR_16	Populus_alba	Chr13	16213736	16213911	non-LTR	SINE/tRNA
Populus_alba|Chr14:958284-958487|LTR_886-int	Populus_alba	Chr14	958284	958487	LTR	LTR/Copia
Populus_alba|Chr14:1184948-1185138|Denovo_Non_LTR_0	Populus_alba	Chr14	1184948	1185138	non-LTR	SINE/tRNA
Populus_alba|Chr14:2152500-2152803|TIR_122	Populus_alba	Chr14	2152500	2152803	TIR	DNA/hAT
Populus_alba|Chr14:2158480-2158633|TIR_16	Populus_alba	Chr14	2158480	2158633	non-LTR	SINE/tRNA
Populus_alba|Chr14:7270399-7270605|LTR_1175-int	Populus_alba	Chr14	7270399	7270605	LTR	LTR/Gypsy
Populus_alba|Chr14:7270961-7271115|TIR_13	Populus_alba	Chr14	7270961	7271115	TIR	DNA/PIF-Harbinger
Populus_alba|Chr14:7274766-7274946|TIR_16	Populus_alba	Chr14	7274766	7274946	non-LTR	SINE/tRNA
Populus_alba|Chr14:9267590-9267604|TIR_46	Populus_alba	Chr14	9267590	9267604	TIR	DNA/TcMar
Populus_alba|Chr14:9267604-9267623|TIR_16	Populus_alba	Chr14	9267604	9267623	non-LTR	SINE/tRNA
Populus_alba|Chr14:9267663-9267755|TIR_46	Populus_alba	Chr14	9267663	9267755	TIR	DNA/TcMar
Populus_alba|Chr14:9267755-9267780|TIR_16	Populus_alba	Chr14	9267755	9267780	non-LTR	SINE/tRNA
Populus_alba|Chr14:9268565-9268751|Denovo_Non_LTR_0	Populus_alba	Chr14	9268565	9268751	non-LTR	SINE/tRNA
Populus_alba|Chr14:9270794-9270827|LTR_1023-int	Populus_alba	Chr14	9270794	9270827	LTR	LTR/Copia
Populus_alba|Chr14:9270827-9270979|TIR_16	Populus_alba	Chr14	9270827	9270979	non-LTR	SINE/tRNA
Populus_alba|Chr14:11656925-11657052|TIR_4	Populus_alba	Chr14	11656925	11657052	TIR	DNA/hAT
Populus_alba|Chr14:11657052-11657068|TIR_16	Populus_alba	Chr14	11657052	11657068	non-LTR	SINE/tRNA
Populus_alba|Chr14:11674373-11674583|TIR_140	Populus_alba	Chr14	11674373	11674583	TIR	DNA/hAT
Populus_alba|Chr14:11674992-11675369|TIR_147	Populus_alba	Chr14	11674992	11675369	TIR	DNA/PIF-Harbinger
Populus_alba|Chr14:11675121-11675371|TIR_140	Populus_alba	Chr14	11675121	11675371	TIR	DNA/hAT
Populus_alba|Chr14:12469344-12469516|TIR_16	Populus_alba	Chr14	12469344	12469516	non-LTR	SINE/tRNA
Populus_alba|Chr14:12469893-12470206|LTR_1038-int	Populus_alba	Chr14	12469893	12470206	LTR	LTR/Copia
Populus_alba|Chr14:12668449-12668465|LTR_1038-int	Populus_alba	Chr14	12668449	12668465	LTR	LTR/Copia
Populus_alba|Chr14:12668465-12669013|LTR_14-LTR	Populus_alba	Chr14	12668465	12669013	LTR	LTR/Gypsy
Populus_alba|Chr14:12668982-12669050|LTR_468-LTR	Populus_alba	Chr14	12668982	12669050	LTR	LTR/Gypsy
Populus_alba|Chr14:12669094-12669120|LTR_427-LTR	Populus_alba	Chr14	12669094	12669120	LTR	LTR/Gypsy
Populus_alba|Chr14:12669120-12669197|LTR_172-LTR	Populus_alba	Chr14	12669120	12669197	LTR	LTR/Gypsy
Populus_alba|Chr15:9773839-9773903|LTR_1277-int	Populus_alba	Chr15	9773839	9773903	LTR	LTR/Copia
Populus_alba|Chr15:9773900-9773989|LTR_1277-int	Populus_alba	Chr15	9773900	9773989	LTR	LTR/Copia
Populus_alba|Chr15:9774128-9774353|LTR_1175-int	Populus_alba	Chr15	9774128	9774353	LTR	LTR/Gypsy
Populus_alba|Chr15:9774364-9774536|LTR_1277-int	Populus_alba	Chr15	9774364	9774536	LTR	LTR/Copia
Populus_alba|Chr15:9774627-9774860|LTR_1175-int	Populus_alba	Chr15	9774627	9774860	LTR	LTR/Gypsy
Populus_alba|Chr15:9777193-9777368|Homology_Non_LTR_1	Populus_alba	Chr15	9777193	9777368	non-LTR	SINE/tRNA
Populus_alba|Chr16:1858496-1858742|TIR_72	Populus_alba	Chr16	1858496	1858742	TIR	DNA/other
Populus_alba|Chr16:1862504-1862594|TIR_72	Populus_alba	Chr16	1862504	1862594	TIR	DNA/other
Populus_alba|Chr16:1863102-1863221|LTR_209-LTR	Populus_alba	Chr16	1863102	1863221	LTR	LTR/Gypsy
Populus_alba|Chr16:2398861-2399222|TIR_106	Populus_alba	Chr16	2398861	2399222	TIR	DNA/hAT
Populus_alba|Chr16:2399253-2399447|TIR_106	Populus_alba	Chr16	2399253	2399447	TIR	DNA/hAT
Populus_alba|Chr16:4691196-4692003|TIR_42	Populus_alba	Chr16	4691196	4692003	TIR	DNA/PIF-Harbinger
Populus_alba|Chr16:13784175-13784932|TIR_13	Populus_alba	Chr16	13784175	13784932	TIR	DNA/PIF-Harbinger
Populus_alba|Chr18:2438548-2438953|LTR_1038-int	Populus_alba	Chr18	2438548	2438953	LTR	LTR/Copia
Populus_alba|Chr18:2438697-2439362|TIR_112	Populus_alba	Chr18	2438697	2439362	TIR	DNA/TcMar
Populus_alba|Chr18:2443776-2443960|TIR_5	Populus_alba	Chr18	2443776	2443960	TIR	DNA/PIF-Harbinger
Populus_alba|Chr18:2443960-2443986|TIR_58	Populus_alba	Chr18	2443960	2443986	TIR	DNA/PIF-Harbinger
Populus_alba|Chr18:2444342-2444806|LTR_1175-int	Populus_alba	Chr18	2444342	2444806	LTR	LTR/Gypsy
Populus_alba|Chr19:19037683-19037790|LTR_985-int	Populus_alba	Chr19	19037683	19037790	LTR	LTR/Gypsy
Populus_alba|Chr19:22176956-22177047|Denovo_Non_LTR_1	Populus_alba	Chr19	22176956	22177047	non-LTR	SINE/tRNA
Populus_alba|Chr19:22177543-22177662|LTR_886-int	Populus_alba	Chr19	22177543	22177662	LTR	LTR/Copia
Populus_alba|Chr19:22177555-22177734|TIR_16	Populus_alba	Chr19	22177555	22177734	non-LTR	SINE/tRNA
Populus_alba|Chr2:1295191-1295216|LTR_408-LTR	Populus_alba	Chr2	1295191	1295216	LTR	LTR/Gypsy
Populus_alba|Chr2:1295216-1295382|LTR_1074-int	Populus_alba	Chr2	1295216	1295382	LTR	LTR/Gypsy
Populus_alba|Chr2:1295268-1295540|LTR_273-LTR	Populus_alba	Chr2	1295268	1295540	LTR	LTR/Gypsy
Populus_alba|Chr2:3382772-3382942|TIR_55	Populus_alba	Chr2	3382772	3382942	TIR	DNA/hAT
Populus_alba|Chr2:5071782-5071944|TIR_16	Populus_alba	Chr2	5071782	5071944	non-LTR	SINE/tRNA
Populus_alba|Chr2:5760685-5760958|TIR_22	Populus_alba	Chr2	5760685	5760958	TIR	DNA/other
Populus_alba|Chr2:5769127-5769168|TIR_13	Populus_alba	Chr2	5769127	5769168	TIR	DNA/PIF-Harbinger
Populus_alba|Chr2:5769168-5769331|TIR_42	Populus_alba	Chr2	5769168	5769331	TIR	DNA/PIF-Harbinger
Populus_alba|Chr2:8984507-8984708|TIR_16	Populus_alba	Chr2	8984507	8984708	non-LTR	SINE/tRNA
Populus_alba|Chr2:12104653-12104826|TIR_16	Populus_alba	Chr2	12104653	12104826	non-LTR	SINE/tRNA
Populus_alba|Chr3:13373423-13373495|TIR_19	Populus_alba	Chr3	13373423	13373495	TIR	DNA/PIF-Harbinger
Populus_alba|Chr3:13374653-13374894|LTR_886-int	Populus_alba	Chr3	13374653	13374894	LTR	LTR/Copia
Populus_alba|Chr3:13381793-13381969|Homology_Non_LTR_1	Populus_alba	Chr3	13381793	13381969	non-LTR	SINE/tRNA
Populus_alba|Chr3:20688076-20688258|TIR_22	Populus_alba	Chr3	20688076	20688258	TIR	DNA/other
Populus_alba|Chr4:10415059-10415196|LTR_607-LTR	Populus_alba	Chr4	10415059	10415196	LTR	LTR/Copia
Populus_alba|Chr4:10415275-10415388|TIR_5	Populus_alba	Chr4	10415275	10415388	TIR	DNA/PIF-Harbinger
Populus_alba|Chr4:10415292-10415448|TIR_46	Populus_alba	Chr4	10415292	10415448	TIR	DNA/TcMar
Populus_alba|Chr4:16367311-16367379|TIR_145	Populus_alba	Chr4	16367311	16367379	TIR	DNA/TcMar
Populus_alba|Chr4:17107134-17107165|TIR_5	Populus_alba	Chr4	17107134	17107165	TIR	DNA/PIF-Harbinger
Populus_alba|Chr4:17107165-17107316|TIR_46	Populus_alba	Chr4	17107165	17107316	TIR	DNA/TcMar
Populus_alba|Chr4:17107486-17107632|TIR_46	Populus_alba	Chr4	17107486	17107632	TIR	DNA/TcMar
Populus_alba|Chr4:17110858-17110917|LTR_886-int	Populus_alba	Chr4	17110858	17110917	LTR	LTR/Copia
Populus_alba|Chr4:17110920-17111072|TIR_16	Populus_alba	Chr4	17110920	17111072	non-LTR	SINE/tRNA
Populus_alba|Chr4:17601679-17601796|TIR_4	Populus_alba	Chr4	17601679	17601796	TIR	DNA/hAT
Populus_alba|Chr4:17606721-17606878|TIR_16	Populus_alba	Chr4	17606721	17606878	non-LTR	SINE/tRNA
Populus_alba|Chr4:17607294-17607447|LTR_1038-int	Populus_alba	Chr4	17607294	17607447	LTR	LTR/Copia
Populus_alba|Chr4:18458590-18458967|LTR_1059-int	Populus_alba	Chr4	18458590	18458967	LTR	LTR/Copia
Populus_alba|Chr4:21841002-21841199|Denovo_Non_LTR_12	Populus_alba	Chr4	21841002	21841199	non-LTR	SINE/tRNA
Populus_alba|Chr5:3818479-3818540|LTR_136-LTR	Populus_alba	Chr5	3818479	3818540	LTR	LTR/Copia
Populus_alba|Chr5:6138276-6138335|TIR_16	Populus_alba	Chr5	6138276	6138335	non-LTR	SINE/tRNA
Populus_alba|Chr5:9782576-9782604|TIR_12	Populus_alba	Chr5	9782576	9782604	TIR	DNA/hAT
Populus_alba|Chr5:9782604-9782776|TIR_147	Populus_alba	Chr5	9782604	9782776	TIR	DNA/PIF-Harbinger
Populus_alba|Chr5:9782897-9783194|TIR_22	Populus_alba	Chr5	9782897	9783194	TIR	DNA/other
Populus_alba|Chr5:9783817-9784029|TIR_16	Populus_alba	Chr5	9783817	9784029	non-LTR	SINE/tRNA
Populus_alba|Chr5:16172064-16172807|LTR_1051-int	Populus_alba	Chr5	16172064	16172807	LTR	LTR/Gypsy
Populus_alba|Chr5:21355746-21355853|LTR_1038-int	Populus_alba	Chr5	21355746	21355853	LTR	LTR/Copia
Populus_alba|Chr5:21359077-21359223|TIR_16	Populus_alba	Chr5	21359077	21359223	non-LTR	SINE/tRNA
Populus_alba|Chr5:21359939-21359950|TIR_58	Populus_alba	Chr5	21359939	21359950	TIR	DNA/PIF-Harbinger
Populus_alba|Chr5:21359992-21360057|TIR_4	Populus_alba	Chr5	21359992	21360057	TIR	DNA/hAT
Populus_alba|Chr5:21360057-21360079|TIR_58	Populus_alba	Chr5	21360057	21360079	TIR	DNA/PIF-Harbinger
Populus_alba|Chr5:22201046-22201178|TIR_46	Populus_alba	Chr5	22201046	22201178	TIR	DNA/TcMar
Populus_alba|Chr5:22203989-22204209|TIR_58	Populus_alba	Chr5	22203989	22204209	TIR	DNA/PIF-Harbinger
Populus_alba|Chr5:22204458-22204518|TIR_6	Populus_alba	Chr5	22204458	22204518	TIR	DNA/PIF-Harbinger
Populus_alba|Chr5:22204852-22205558|TIR_97	Populus_alba	Chr5	22204852	22205558	TIR	DNA/PIF-Harbinger
Populus_alba|Chr5:23067711-23067879|TIR_73	Populus_alba	Chr5	23067711	23067879	TIR	DNA/PIF-Harbinger
Populus_alba|Chr5:23070607-23070712|TIR_108	Populus_alba	Chr5	23070607	23070712	TIR	DNA/hAT
Populus_alba|Chr5:23071300-23071517|TIR_123	Populus_alba	Chr5	23071300	23071517	TIR	DNA/TcMar
Populus_alba|Chr6:2134231-2134682|LTR_64-LTR	Populus_alba	Chr6	2134231	2134682	LTR	LTR/Gypsy
Populus_alba|Chr6:2504180-2504294|TIR_16	Populus_alba	Chr6	2504180	2504294	non-LTR	SINE/tRNA
Populus_alba|Chr6:2504294-2504323|TIR_46	Populus_alba	Chr6	2504294	2504323	TIR	DNA/TcMar
Populus_alba|Chr6:4590287-4590479|TIR_10	Populus_alba	Chr6	4590287	4590479	TIR	DNA/other
Populus_alba|Chr6:4592014-4592387|TIR_57	Populus_alba	Chr6	4592014	4592387	Helitron	RC/Helitron
Populus_alba|Chr6:4592387-4593041|TIR_18	Populus_alba	Chr6	4592387	4593041	Helitron	RC/Helitron
Populus_alba|Chr6:4598192-4598947|TIR_32	Populus_alba	Chr6	4598192	4598947	TIR	DNA/hAT
Populus_alba|Chr6:4599804-4600813|TIR_13	Populus_alba	Chr6	4599804	4600813	TIR	DNA/PIF-Harbinger
Populus_alba|Chr6:4601060-4601190|TIR_46	Populus_alba	Chr6	4601060	4601190	TIR	DNA/TcMar
Populus_alba|Chr6:4601076-4601190|TIR_4	Populus_alba	Chr6	4601076	4601190	TIR	DNA/hAT
Populus_alba|Chr6:4601190-4601207|TIR_16	Populus_alba	Chr6	4601190	4601207	non-LTR	SINE/tRNA
Populus_alba|Chr6:4608600-4608915|TIR_65	Populus_alba	Chr6	4608600	4608915	TIR	DNA/CMC-EnSpm
Populus_alba|Chr6:6894307-6894569|LTR_866-int	Populus_alba	Chr6	6894307	6894569	LTR	LTR/Copia
Populus_alba|Chr6:22600452-22600617|TIR_4	Populus_alba	Chr6	22600452	22600617	TIR	DNA/hAT
Populus_alba|Chr6:22604668-22604856|LTR_886-int	Populus_alba	Chr6	22604668	22604856	LTR	LTR/Copia
Populus_alba|Chr6:25182896-25183003|LTR_1254-int	Populus_alba	Chr6	25182896	25183003	LTR	LTR/Gypsy
Populus_alba|Chr6:25183392-25183779|LTR_1254-int	Populus_alba	Chr6	25183392	25183779	LTR	LTR/Gypsy
Populus_alba|Chr7:2540083-2540218|LTR_1038-int	Populus_alba	Chr7	2540083	2540218	LTR	LTR/Copia
Populus_alba|Chr7:2541142-2541302|TIR_16	Populus_alba	Chr7	2541142	2541302	non-LTR	SINE/tRNA
Populus_alba|Chr7:2544072-2544199|Homology_Non_LTR_1	Populus_alba	Chr7	2544072	2544199	non-LTR	SINE/tRNA
Populus_alba|Chr8:468990-469698|TIR_73	Populus_alba	Chr8	468990	469698	TIR	DNA/PIF-Harbinger
Populus_alba|Chr8:469730-469921|TIR_73	Populus_alba	Chr8	469730	469921	TIR	DNA/PIF-Harbinger
Populus_alba|Chr8:474776-474834|TIR_108	Populus_alba	Chr8	474776	474834	TIR	DNA/hAT
Populus_alba|Chr8:829897-830047|LTR_944-int	Populus_alba	Chr8	829897	830047	LTR	LTR/Copia
Populus_alba|Chr8:829899-830062|LTR_1074-int	Populus_alba	Chr8	829899	830062	LTR	LTR/Gypsy
Populus_alba|Chr8:6933438-6933703|TIR_22	Populus_alba	Chr8	6933438	6933703	TIR	DNA/other
Populus_alba|Chr8:7844122-7844280|TIR_16	Populus_alba	Chr8	7844122	7844280	non-LTR	SINE/tRNA
Populus_alba|Chr9:5921552-5921756|TIR_58	Populus_alba	Chr9	5921552	5921756	TIR	DNA/PIF-Harbinger
Populus_alba|Chr9:5924934-5925126|TIR_113	Populus_alba	Chr9	5924934	5925126	TIR	DNA/TcMar
Populus_alba|Chr9:9936528-9936703|TIR_4	Populus_alba	Chr9	9936528	9936703	TIR	DNA/hAT
Populus_alba|Chr9:9936775-9936885|TIR_4	Populus_alba	Chr9	9936775	9936885	TIR	DNA/hAT
Populus_alba|Chr9:10337988-10338093|TIR_16	Populus_alba	Chr9	10337988	10338093	non-LTR	SINE/tRNA
Populus_alba|Chr9:10341371-10341419|LTR_445-LTR	Populus_alba	Chr9	10341371	10341419	LTR	LTR/other
Populus_alba|Chr9:12799334-12799493|TIR_46	Populus_alba	Chr9	12799334	12799493	TIR	DNA/TcMar
Populus_alba_var._pyramidalis|Chr1:13095331-13095445|TIR_19	Populus_alba_var._pyramidalis	Chr1	13095331	13095445	TIR	DNA/hAT
Populus_alba_var._pyramidalis|Chr1:13095495-13095588|TIR_19	Populus_alba_var._pyramidalis	Chr1	13095495	13095588	TIR	DNA/hAT
Populus_alba_var._pyramidalis|Chr1:30254842-30255482|TIR_14	Populus_alba_var._pyramidalis	Chr1	30254842	30255482	Helitron	RC/Helitron
Populus_alba_var._pyramidalis|Chr1:30255291-30255703|TIR_69	Populus_alba_var._pyramidalis	Chr1	30255291	30255703	TIR	DNA/PIF-Harbinger
Populus_alba_var._pyramidalis|Chr1:30255522-30255726|TIR_88	Populus_alba_var._pyramidalis	Chr1	30255522	30255726	TIR	DNA/hAT
Populus_alba_var._pyramidalis|Chr1:43236402-43236436|LTR_1020-int	Populus_alba_var._pyramidalis	Chr1	43236402	43236436	LTR	LTR/Gypsy
Populus_alba_var._pyramidalis|Chr1:43236487-43236588|TIR_61	Populus_alba_var._pyramidalis	Chr1	43236487	43236588	TIR	DNA/other
Populus_alba_var._pyramidalis|Chr1:43238666-43238745|TIR_52	Populus_alba_var._pyramidalis	Chr1	43238666	43238745	TIR	DNA/other
Populus_alba_var._pyramidalis|Chr1:48392901-48393170|LTR_633-LTR	Populus_alba_var._pyramidalis	Chr1	48392901	48393170	LTR	LTR/Gypsy
Populus_alba_var._pyramidalis|Chr1:48393122-48394248|LTR_1050-int	Populus_alba_var._pyramidalis	Chr1	48393122	48394248	LTR	LTR/Copia
Populus_alba_var._pyramidalis|Chr1:48394247-48394516|LTR_633-LTR	Populus_alba_var._pyramidalis	Chr1	48394247	48394516	LTR	LTR/Gypsy
Populus_alba_var._pyramidalis|Chr1:48394468-48394636|LTR_1050-int	Populus_alba_var._pyramidalis	Chr1	48394468	48394636	LTR	LTR/Copia
Populus_alba_var._pyramidalis|Chr1:51647198-51649341|TIR_159	Populus_alba_var._pyramidalis	Chr1	51647198	51649341	TIR	DNA/hAT
Populus_alba_var._pyramidalis|Chr1:51651403-51651422|Denovo_Non_LTR_12	Populus_alba_var._pyramidalis	Chr1	51651403	51651422	LTR	LTR/other
Populus_alba_var._pyramidalis|Chr1:51651422-51651542|TIR_61	Populus_alba_var._pyramidalis	Chr1	51651422	51651542	TIR	DNA/other
Populus_alba_var._pyramidalis|Chr1:51653270-51653370|LTR_998-int	Populus_alba_var._pyramidalis	Chr1	51653270	51653370	LTR	LTR/Gypsy
Populus_alba_var._pyramidalis|Chr1:53123449-53123681|TIR_6	Populus_alba_var._pyramidalis	Chr1	53123449	53123681	TIR	DNA/PIF-Harbinger
Populus_alba_var._pyramidalis|Chr1:53126813-53126989|LTR_650-LTR	Populus_alba_var._pyramidalis	Chr1	53126813	53126989	LTR	LTR/Gypsy
Populus_alba_var._pyramidalis|Chr10:7696019-7696218|Denovo_Non_LTR_3	Populus_alba_var._pyramidalis	Chr10	7696019	7696218	non-LTR	SINE/tRNA
Populus_alba_var._pyramidalis|Chr10:13274829-13274931|TIR_61	Populus_alba_var._pyramidalis	Chr10	13274829	13274931	TIR	DNA/other
Populus_alba_var._pyramidalis|Chr10:13278383-13278471|LTR_854-int	Populus_alba_var._pyramidalis	Chr10	13278383	13278471	LTR	LTR/Copia
Populus_alba_var._pyramidalis|Chr11:125158-125305|LTR_425-LTR	Populus_alba_var._pyramidalis	Chr11	125158	125305	LTR	LTR/Gypsy
Populus_alba_var._pyramidalis|Chr11:1886929-1887938|TIR_41	Populus_alba_var._pyramidalis	Chr11	1886929	1887938	TIR	DNA/PIF-Harbinger
Populus_alba_var._pyramidalis|Chr11:4894990-4895150|TIR_61	Populus_alba_var._pyramidalis	Chr11	4894990	4895150	TIR	DNA/other
Populus_alba_var._pyramidalis|Chr11:4899759-4899972|TIR_43	Populus_alba_var._pyramidalis	Chr11	4899759	4899972	TIR	DNA/PIF-Harbinger
Populus_alba_var._pyramidalis|Chr11:4900023-4900188|TIR_61	Populus_alba_var._pyramidalis	Chr11	4900023	4900188	TIR	DNA/other
Populus_alba_var._pyramidalis|Chr11:4900188-4900221|Denovo_Non_LTR_12	Populus_alba_var._pyramidalis	Chr11	4900188	4900221	LTR	LTR/other
Populus_alba_var._pyramidalis|Chr11:4900370-4900520|TIR_61	Populus_alba_var._pyramidalis	Chr11	4900370	4900520	TIR	DNA/other
Populus_alba_var._pyramidalis|Chr11:4901872-4901989|TIR_56	Populus_alba_var._pyramidalis	Chr11	4901872	4901989	TIR	DNA/hAT
Populus_alba_var._pyramidalis|Chr11:4901989-4902447|TIR_132	Populus_alba_var._pyramidalis	Chr11	4901989	4902447	TIR	DNA/MULE
Populus_alba_var._pyramidalis|Chr11:4902045-4902419|LTR_415-LTR	Populus_alba_var._pyramidalis	Chr11	4902045	4902419	LTR	LTR/Copia
Populus_alba_var._pyramidalis|Chr11:4902419-4902756|TIR_132	Populus_alba_var._pyramidalis	Chr11	4902419	4902756	TIR	DNA/MULE
Populus_alba_var._pyramidalis|Chr11:4902756-4902803|LTR_415-LTR	Populus_alba_var._pyramidalis	Chr11	4902756	4902803	LTR	LTR/Copia
Populus_alba_var._pyramidalis|Chr11:4906772-4906907|TIR_61	Populus_alba_var._pyramidalis	Chr11	4906772	4906907	TIR	DNA/other
Populus_alba_var._pyramidalis|Chr11:5489284-5489414|TIR_61	Populus_alba_var._pyramidalis	Chr11	5489284	5489414	TIR	DNA/other
Populus_alba_var._pyramidalis|Chr11:5489576-5490002|LTR_720-int	Populus_alba_var._pyramidalis	Chr11	5489576	5490002	LTR	LTR/Copia
Populus_alba_var._pyramidalis|Chr11:5489600-5490059|LTR_497-LTR	Populus_alba_var._pyramidalis	Chr11	5489600	5490059	LTR	LTR/Gypsy
Populus_alba_var._pyramidalis|Chr11:6352597-6352758|TIR_61	Populus_alba_var._pyramidalis	Chr11	6352597	6352758	TIR	DNA/other
Populus_alba_var._pyramidalis|Chr11:8928930-8929553|TIR_41	Populus_alba_var._pyramidalis	Chr11	8928930	8929553	TIR	DNA/PIF-Harbinger
Populus_alba_var._pyramidalis|Chr11:9116580-9116740|TIR_128	Populus_alba_var._pyramidalis	Chr11	9116580	9116740	TIR	DNA/PIF-Harbinger
Populus_alba_var._pyramidalis|Chr11:12732091-12732240|TIR_61	Populus_alba_var._pyramidalis	Chr11	12732091	12732240	TIR	DNA/other
Populus_alba_var._pyramidalis|Chr11:12732540-12732659|TIR_61	Populus_alba_var._pyramidalis	Chr11	12732540	12732659	TIR	DNA/other
Populus_alba_var._pyramidalis|Chr11:12732581-12732676|TIR_43	Populus_alba_var._pyramidalis	Chr11	12732581	12732676	TIR	DNA/PIF-Harbinger
Populus_alba_var._pyramidalis|Chr11:12734486-12734769|LTR_142-LTR	Populus_alba_var._pyramidalis	Chr11	12734486	12734769	LTR	LTR/Copia
Populus_alba_var._pyramidalis|Chr11:12734769-12734808|LTR_61-LTR	Populus_alba_var._pyramidalis	Chr11	12734769	12734808	LTR	LTR/Copia
Populus_alba_var._pyramidalis|Chr11:12735383-12735432|LTR_649-LTR	Populus_alba_var._pyramidalis	Chr11	12735383	12735432	LTR	LTR/Gypsy
Populus_alba_var._pyramidalis|Chr11:12735637-12737530|LTR_755-int	Populus_alba_var._pyramidalis	Chr11	12735637	12737530	LTR	LTR/Copia
Populus_alba_var._pyramidalis|Chr11:12735661-12738816|LTR_552-LTR	Populus_alba_var._pyramidalis	Chr11	12735661	12738816	LTR	LTR/Gypsy
Populus_alba_var._pyramidalis|Chr12:1937941-1938297|TIR_67	Populus_alba_var._pyramidalis	Chr12	1937941	1938297	TIR	DNA/hAT
Populus_alba_var._pyramidalis|Chr12:15690815-15690883|LTR_1067-int	Populus_alba_var._pyramidalis	Chr12	15690815	15690883	LTR	LTR/Copia
Populus_alba_var._pyramidalis|Chr13:444939-445032|TIR_61	Populus_alba_var._pyramidalis	Chr13	444939	445032	TIR	DNA/other
Populus_alba_var._pyramidalis|Chr13:2877193-2877221|TIR_26	Populus_alba_var._pyramidalis	Chr13	2877193	2877221	TIR	DNA/TcMar
Populus_alba_var._pyramidalis|Chr13:2877221-2877266|TIR_131	Populus_alba_var._pyramidalis	Chr13	2877221	2877266	TIR	DNA/hAT
Populus_alba_var._pyramidalis|Chr13:2877266-2877284|TIR_172	Populus_alba_var._pyramidalis	Chr13	2877266	2877284	TIR	DNA/hAT
Populus_alba_var._pyramidalis|Chr13:2877350-2877570|TIR_172	Populus_alba_var._pyramidalis	Chr13	2877350	2877570	TIR	DNA/hAT
Populus_alba_var._pyramidalis|Chr13:2877684-2877847|TIR_172	Populus_alba_var._pyramidalis	Chr13	2877684	2877847	TIR	DNA/hAT
Populus_alba_var._pyramidalis|Chr13:2877836-2878085|TIR_172	Populus_alba_var._pyramidalis	Chr13	2877836	2878085	TIR	DNA/hAT
Populus_alba_var._pyramidalis|Chr13:4955612-4955749|TIR_61	Populus_alba_var._pyramidalis	Chr13	4955612	4955749	TIR	DNA/other
Populus_alba_var._pyramidalis|Chr13:4957242-4957473|TIR_54	Populus_alba_var._pyramidalis	Chr13	4957242	4957473	TIR	DNA/hAT
Populus_alba_var._pyramidalis|Chr13:4957966-4958134|Denovo_Non_LTR_12	Populus_alba_var._pyramidalis	Chr13	4957966	4958134	LTR	LTR/other
Populus_alba_var._pyramidalis|Chr13:4958134-4958157|TIR_80	Populus_alba_var._pyramidalis	Chr13	4958134	4958157	TIR	DNA/PIF-Harbinger
Populus_alba_var._pyramidalis|Chr13:4958511-4958607|TIR_54	Populus_alba_var._pyramidalis	Chr13	4958511	4958607	TIR	DNA/hAT
Populus_alba_var._pyramidalis|Chr13:6836042-6836885|TIR_41	Populus_alba_var._pyramidalis	Chr13	6836042	6836885	TIR	DNA/PIF-Harbinger
Populus_alba_var._pyramidalis|Chr13:6836809-6836969|TIR_6	Populus_alba_var._pyramidalis	Chr13	6836809	6836969	TIR	DNA/PIF-Harbinger
Populus_alba_var._pyramidalis|Chr13:6840357-6840705|TIR_10	Populus_alba_var._pyramidalis	Chr13	6840357	6840705	TIR	DNA/hAT
Populus_alba_var._pyramidalis|Chr13:10266780-10267001|TIR_26	Populus_alba_var._pyramidalis	Chr13	10266780	10267001	TIR	DNA/TcMar
Populus_alba_var._pyramidalis|Chr13:10267001-10267043|TIR_160	Populus_alba_var._pyramidalis	Chr13	10267001	10267043	TIR	DNA/hAT
Populus_alba_var._pyramidalis|Chr13:10267758-10268113|TIR_26	Populus_alba_var._pyramidalis	Chr13	10267758	10268113	TIR	DNA/TcMar
Populus_alba_var._pyramidalis|Chr13:11716653-11716737|Denovo_Non_LTR_8	Populus_alba_var._pyramidalis	Chr13	11716653	11716737	non-LTR	SINE/tRNA
Populus_alba_var._pyramidalis|Chr13:11717483-11718005|TIR_4	Populus_alba_var._pyramidalis	Chr13	11717483	11718005	TIR	DNA/PIF-Harbinger
Populus_alba_var._pyramidalis|Chr13:11718887-11719032|Homology_Non_LTR_1	Populus_alba_var._pyramidalis	Chr13	11718887	11719032	non-LTR	SINE/tRNA
Populus_alba_var._pyramidalis|Chr13:11719939-11720184|TIR_6	Populus_alba_var._pyramidalis	Chr13	11719939	11720184	TIR	DNA/PIF-Harbinger
Populus_alba_var._pyramidalis|Chr13:11720158-11720408|LTR_1109-int	Populus_alba_var._pyramidalis	Chr13	11720158	11720408	LTR	LTR/Copia
Populus_alba_var._pyramidalis|Chr13:11720304-11720426|LTR_802-int	Populus_alba_var._pyramidalis	Chr13	11720304	11720426	LTR	LTR/Gypsy
Populus_alba_var._pyramidalis|Chr13:11720482-11720560|LTR_1109-int	Populus_alba_var._pyramidalis	Chr13	11720482	11720560	LTR	LTR/Copia
Populus_alba_var._pyramidalis|Chr13:11720576-11720752|TIR_27	Populus_alba_var._pyramidalis	Chr13	11720576	11720752	TIR	DNA/other
Populus_alba_var._pyramidalis|Chr14:536511-536715|Denovo_Non_LTR_15	Populus_alba_var._pyramidalis	Chr14	536511	536715	non-LTR	SINE/tRNA
Populus_alba_var._pyramidalis|Chr14:542262-542427|TIR_137	Populus_alba_var._pyramidalis	Chr14	542262	542427	TIR	DNA/CMC-EnSpm
Populus_alba_var._pyramidalis|Chr14:547276-547374|TIR_61	Populus_alba_var._pyramidalis	Chr14	547276	547374	TIR	DNA/other
Populus_alba_var._pyramidalis|Chr14:548053-548210|TIR_67	Populus_alba_var._pyramidalis	Chr14	548053	548210	TIR	DNA/hAT
Populus_alba_var._pyramidalis|Chr14:2806591-2806647|Denovo_Non_LTR_2	Populus_alba_var._pyramidalis	Chr14	2806591	2806647	non-LTR	SINE/tRNA
Populus_alba_var._pyramidalis|Chr14:2807897-2808060|TIR_61	Populus_alba_var._pyramidalis	Chr14	2807897	2808060	TIR	DNA/other
Populus_alba_var._pyramidalis|Chr14:2809054-2809429|LTR_573-LTR	Populus_alba_var._pyramidalis	Chr14	2809054	2809429	LTR	LTR/Gypsy
Populus_alba_var._pyramidalis|Chr14:2809055-2809497|LTR_303-LTR	Populus_alba_var._pyramidalis	Chr14	2809055	2809497	TIR	DNA/TcMar
Populus_alba_var._pyramidalis|Chr14:10143583-10144441|TIR_10	Populus_alba_var._pyramidalis	Chr14	10143583	10144441	TIR	DNA/hAT
Populus_alba_var._pyramidalis|Chr14:10632512-10633487|TIR_86	Populus_alba_var._pyramidalis	Chr14	10632512	10633487	TIR	DNA/hAT
Populus_alba_var._pyramidalis|Chr14:10633519-10633630|TIR_75	Populus_alba_var._pyramidalis	Chr14	10633519	10633630	TIR	DNA/hAT
Populus_alba_var._pyramidalis|Chr14:13049561-13049749|TIR_31	Populus_alba_var._pyramidalis	Chr14	13049561	13049749	TIR	DNA/hAT
Populus_alba_var._pyramidalis|Chr14:13049833-13049985|TIR_54	Populus_alba_var._pyramidalis	Chr14	13049833	13049985	TIR	DNA/hAT
Populus_alba_var._pyramidalis|Chr14:13053966-13054283|LTR_157-LTR	Populus_alba_var._pyramidalis	Chr14	13053966	13054283	LTR	LTR/Gypsy
Populus_alba_var._pyramidalis|Chr15:2301112-2301124|LTR_10-LTR	Populus_alba_var._pyramidalis	Chr15	2301112	2301124	LTR	LTR/Copia
Populus_alba_var._pyramidalis|Chr15:2301124-2301406|TIR_52	Populus_alba_var._pyramidalis	Chr15	2301124	2301406	TIR	DNA/other
Populus_alba_var._pyramidalis|Chr15:2301978-2302151|Homology_Non_LTR_1	Populus_alba_var._pyramidalis	Chr15	2301978	2302151	non-LTR	SINE/tRNA
Populus_alba_var._pyramidalis|Chr15:2302738-2302805|TIR_77	Populus_alba_var._pyramidalis	Chr15	2302738	2302805	TIR	DNA/hAT
Populus_alba_var._pyramidalis|Chr15:2302806-2302901|TIR_77	Populus_alba_var._pyramidalis	Chr15	2302806	2302901	TIR	DNA/hAT
Populus_alba_var._pyramidalis|Chr15:2302952-2303587|TIR_77	Populus_alba_var._pyramidalis	Chr15	2302952	2303587	TIR	DNA/hAT
Populus_alba_var._pyramidalis|Chr15:2303771-2303865|TIR_137	Populus_alba_var._pyramidalis	Chr15	2303771	2303865	TIR	DNA/CMC-EnSpm
Populus_alba_var._pyramidalis|Chr15:2303888-2303992|TIR_137	Populus_alba_var._pyramidalis	Chr15	2303888	2303992	TIR	DNA/CMC-EnSpm
Populus_alba_var._pyramidalis|Chr15:2303992-2304103|TIR_142	Populus_alba_var._pyramidalis	Chr15	2303992	2304103	TIR	DNA/hAT
Populus_alba_var._pyramidalis|Chr15:2304409-2304510|TIR_61	Populus_alba_var._pyramidalis	Chr15	2304409	2304510	TIR	DNA/other
Populus_alba_var._pyramidalis|Chr15:2820517-2820800|TIR_41	Populus_alba_var._pyramidalis	Chr15	2820517	2820800	TIR	DNA/PIF-Harbinger
Populus_alba_var._pyramidalis|Chr15:2826100-2826302|TIR_43	Populus_alba_var._pyramidalis	Chr15	2826100	2826302	TIR	DNA/PIF-Harbinger
Populus_alba_var._pyramidalis|Chr15:13545138-13545320|Denovo_Non_LTR_5	Populus_alba_var._pyramidalis	Chr15	13545138	13545320	non-LTR	SINE/tRNA
Populus_alba_var._pyramidalis|Chr16:1019603-1019752|TIR_0	Populus_alba_var._pyramidalis	Chr16	1019603	1019752	TIR	DNA/CMC-EnSpm
Populus_alba_var._pyramidalis|Chr16:1019609-1021669|TIR_37	Populus_alba_var._pyramidalis	Chr16	1019609	1021669	TIR	DNA/CMC-EnSpm
Populus_alba_var._pyramidalis|Chr16:1021653-1021971|TIR_0	Populus_alba_var._pyramidalis	Chr16	1021653	1021971	TIR	DNA/CMC-EnSpm
Populus_alba_var._pyramidalis|Chr16:1021971-1022132|TIR_30	Populus_alba_var._pyramidalis	Chr16	1021971	1022132	TIR	DNA/CMC-EnSpm
Populus_alba_var._pyramidalis|Chr16:1022045-1022193|TIR_48	Populus_alba_var._pyramidalis	Chr16	1022045	1022193	TIR	DNA/CMC-EnSpm
Populus_alba_var._pyramidalis|Chr16:1024350-1025875|TIR_48	Populus_alba_var._pyramidalis	Chr16	1024350	1025875	TIR	DNA/CMC-EnSpm
Populus_alba_var._pyramidalis|Chr19:1432238-1432451|TIR_61	Populus_alba_var._pyramidalis	Chr19	1432238	1432451	TIR	DNA/other
Populus_alba_var._pyramidalis|Chr19:1851307-1851462|TIR_61	Populus_alba_var._pyramidalis	Chr19	1851307	1851462	TIR	DNA/other
Populus_alba_var._pyramidalis|Chr19:1852844-1853439|TIR_41	Populus_alba_var._pyramidalis	Chr19	1852844	1853439	TIR	DNA/PIF-Harbinger
Populus_alba_var._pyramidalis|Chr19:1853439-1853687|TIR_6	Populus_alba_var._pyramidalis	Chr19	1853439	1853687	TIR	DNA/PIF-Harbinger
Populus_alba_var._pyramidalis|Chr19:1984153-1984213|TIR_49	Populus_alba_var._pyramidalis	Chr19	1984153	1984213	Helitron	RC/Helitron
Populus_alba_var._pyramidalis|Chr19:1987548-1987887|LTR_126-LTR	Populus_alba_var._pyramidalis	Chr19	1987548	1987887	LTR	LTR/Copia
Populus_alba_var._pyramidalis|Chr19:11925615-11925762|TIR_32	Populus_alba_var._pyramidalis	Chr19	11925615	11925762	TIR	DNA/other
Populus_alba_var._pyramidalis|Chr19:11931675-11931856|TIR_61	Populus_alba_var._pyramidalis	Chr19	11931675	11931856	TIR	DNA/other
Populus_alba_var._pyramidalis|Chr2:1874527-1874983|LTR_546-LTR	Populus_alba_var._pyramidalis	Chr2	1874527	1874983	LTR	LTR/Gypsy
Populus_alba_var._pyramidalis|Chr2:4397287-4397402|TIR_61	Populus_alba_var._pyramidalis	Chr2	4397287	4397402	TIR	DNA/other
Populus_alba_var._pyramidalis|Chr2:4404293-4406306|LTR_468-LTR	Populus_alba_var._pyramidalis	Chr2	4404293	4406306	LTR	LTR/Gypsy
Populus_alba_var._pyramidalis|Chr2:6451969-6452231|LTR_1075-int	Populus_alba_var._pyramidalis	Chr2	6451969	6452231	LTR	LTR/Copia
Populus_alba_var._pyramidalis|Chr2:22906421-22906577|TIR_61	Populus_alba_var._pyramidalis	Chr2	22906421	22906577	TIR	DNA/other
Populus_alba_var._pyramidalis|Chr2:22906569-22906655|TIR_61	Populus_alba_var._pyramidalis	Chr2	22906569	22906655	TIR	DNA/other
Populus_alba_var._pyramidalis|Chr2:22910666-22910838|TIR_80	Populus_alba_var._pyramidalis	Chr2	22910666	22910838	TIR	DNA/PIF-Harbinger
Populus_alba_var._pyramidalis|Chr2:25094234-25094346|LTR_897-int	Populus_alba_var._pyramidalis	Chr2	25094234	25094346	LTR	LTR/Gypsy
Populus_alba_var._pyramidalis|Chr2:25094737-25095114|LTR_1113-int	Populus_alba_var._pyramidalis	Chr2	25094737	25095114	LTR	LTR/Gypsy
Populus_alba_var._pyramidalis|Chr3:619926-620345|LTR_349-LTR	Populus_alba_var._pyramidalis	Chr3	619926	620345	LTR	LTR/Gypsy
Populus_alba_var._pyramidalis|Chr3:620360-620698|LTR_349-LTR	Populus_alba_var._pyramidalis	Chr3	620360	620698	LTR	LTR/Gypsy
Populus_alba_var._pyramidalis|Chr3:620698-621143|LTR_873-int	Populus_alba_var._pyramidalis	Chr3	620698	621143	TIR	DNA/TcMar
Populus_alba_var._pyramidalis|Chr3:621196-623664|LTR_873-int	Populus_alba_var._pyramidalis	Chr3	621196	623664	TIR	DNA/TcMar
Populus_alba_var._pyramidalis|Chr3:623664-624084|LTR_349-LTR	Populus_alba_var._pyramidalis	Chr3	623664	624084	LTR	LTR/Gypsy
Populus_alba_var._pyramidalis|Chr3:624549-624566|Denovo_Non_LTR_12	Populus_alba_var._pyramidalis	Chr3	624549	624566	LTR	LTR/other
Populus_alba_var._pyramidalis|Chr3:624566-624741|TIR_39	Populus_alba_var._pyramidalis	Chr3	624566	624741	TIR	DNA/other
Populus_alba_var._pyramidalis|Chr3:1911760-1911908|TIR_46	Populus_alba_var._pyramidalis	Chr3	1911760	1911908	TIR	DNA/CMC-EnSpm
Populus_alba_var._pyramidalis|Chr3:1911895-1912167|TIR_46	Populus_alba_var._pyramidalis	Chr3	1911895	1912167	TIR	DNA/CMC-EnSpm
Populus_alba_var._pyramidalis|Chr3:8588147-8588302|TIR_7	Populus_alba_var._pyramidalis	Chr3	8588147	8588302	TIR	DNA/PIF-Harbinger
Populus_alba_var._pyramidalis|Chr4:10842454-10842695|TIR_41	Populus_alba_var._pyramidalis	Chr4	10842454	10842695	TIR	DNA/PIF-Harbinger
Populus_alba_var._pyramidalis|Chr4:10845131-10845628|LTR_357-LTR	Populus_alba_var._pyramidalis	Chr4	10845131	10845628	LTR	LTR/Copia
Populus_alba_var._pyramidalis|Chr4:10845628-10849983|LTR_1075-int	Populus_alba_var._pyramidalis	Chr4	10845628	10849983	LTR	LTR/Copia
Populus_alba_var._pyramidalis|Chr4:10849983-10850480|LTR_357-LTR	Populus_alba_var._pyramidalis	Chr4	10849983	10850480	LTR	LTR/Copia
Populus_alba_var._pyramidalis|Chr4:10851363-10851649|TIR_52	Populus_alba_var._pyramidalis	Chr4	10851363	10851649	TIR	DNA/other
Populus_alba_var._pyramidalis|Chr4:10851573-10851658|TIR_148	Populus_alba_var._pyramidalis	Chr4	10851573	10851658	TIR	DNA/hAT
Populus_alba_var._pyramidalis|Chr4:22913428-22913627|TIR_70	Populus_alba_var._pyramidalis	Chr4	22913428	22913627	TIR	DNA/other
Populus_alba_var._pyramidalis|Chr5:1351402-1352391|LTR_929-int	Populus_alba_var._pyramidalis	Chr5	1351402	1352391	LTR	LTR/Copia
Populus_alba_var._pyramidalis|Chr5:1353107-1353295|TIR_61	Populus_alba_var._pyramidalis	Chr5	1353107	1353295	TIR	DNA/other
Populus_alba_var._pyramidalis|Chr5:1355740-1355952|TIR_80	Populus_alba_var._pyramidalis	Chr5	1355740	1355952	TIR	DNA/PIF-Harbinger
Populus_alba_var._pyramidalis|Chr5:16495967-16496552|LTR_901-int	Populus_alba_var._pyramidalis	Chr5	16495967	16496552	LTR	LTR/Gypsy
Populus_alba_var._pyramidalis|Chr5:16496594-16496771|LTR_228-LTR	Populus_alba_var._pyramidalis	Chr5	16496594	16496771	LTR	LTR/Gypsy
Populus_alba_var._pyramidalis|Chr5:16496771-16496810|LTR_720-int	Populus_alba_var._pyramidalis	Chr5	16496771	16496810	LTR	LTR/Copia
Populus_alba_var._pyramidalis|Chr5:16499351-16500140|TIR_41	Populus_alba_var._pyramidalis	Chr5	16499351	16500140	TIR	DNA/PIF-Harbinger
Populus_alba_var._pyramidalis|Chr5:16501439-16501461|TIR_32	Populus_alba_var._pyramidalis	Chr5	16501439	16501461	TIR	DNA/other
Populus_alba_var._pyramidalis|Chr5:16501461-16501607|TIR_61	Populus_alba_var._pyramidalis	Chr5	16501461	16501607	TIR	DNA/other
Populus_alba_var._pyramidalis|Chr5:17981156-17981376|TIR_6	Populus_alba_var._pyramidalis	Chr5	17981156	17981376	TIR	DNA/PIF-Harbinger
Populus_alba_var._pyramidalis|Chr5:17982312-17982444|TIR_61	Populus_alba_var._pyramidalis	Chr5	17982312	17982444	TIR	DNA/other
Populus_alba_var._pyramidalis|Chr5:17984095-17984283|TIR_21	Populus_alba_var._pyramidalis	Chr5	17984095	17984283	TIR	DNA/TcMar
Populus_alba_var._pyramidalis|Chr5:17984826-17984973|TIR_61	Populus_alba_var._pyramidalis	Chr5	17984826	17984973	TIR	DNA/other
Populus_alba_var._pyramidalis|Chr6:2950162-2950491|LTR_126-LTR	Populus_alba_var._pyramidalis	Chr6	2950162	2950491	LTR	LTR/Copia
Populus_alba_var._pyramidalis|Chr6:2950891-2950986|TIR_52	Populus_alba_var._pyramidalis	Chr6	2950891	2950986	TIR	DNA/other
Populus_alba_var._pyramidalis|Chr6:4305747-4305954|TIR_80	Populus_alba_var._pyramidalis	Chr6	4305747	4305954	TIR	DNA/PIF-Harbinger
Populus_alba_var._pyramidalis|Chr6:4306307-4306434|TIR_61	Populus_alba_var._pyramidalis	Chr6	4306307	4306434	TIR	DNA/other
Populus_alba_var._pyramidalis|Chr6:4696621-4696959|LTR_415-LTR	Populus_alba_var._pyramidalis	Chr6	4696621	4696959	LTR	LTR/Copia
Populus_alba_var._pyramidalis|Chr6:4704900-4705161|TIR_21	Populus_alba_var._pyramidalis	Chr6	4704900	4705161	TIR	DNA/TcMar
Populus_alba_var._pyramidalis|Chr6:4705481-4705563|TIR_61	Populus_alba_var._pyramidalis	Chr6	4705481	4705563	TIR	DNA/other
Populus_alba_var._pyramidalis|Chr6:4816577-4816789|TIR_32	Populus_alba_var._pyramidalis	Chr6	4816577	4816789	TIR	DNA/other
Populus_alba_var._pyramidalis|Chr6:8359213-8360017|LTR_1046-int	Populus_alba_var._pyramidalis	Chr6	8359213	8360017	LTR	LTR/Gypsy
Populus_alba_var._pyramidalis|Chr6:8361054-8361390|TIR_170	Populus_alba_var._pyramidalis	Chr6	8361054	8361390	TIR	DNA/hAT
Populus_alba_var._pyramidalis|Chr6:8361914-8362066|TIR_144	Populus_alba_var._pyramidalis	Chr6	8361914	8362066	TIR	DNA/hAT
Populus_alba_var._pyramidalis|Chr6:14399109-14399401|TIR_40	Populus_alba_var._pyramidalis	Chr6	14399109	14399401	TIR	DNA/hAT
Populus_alba_var._pyramidalis|Chr6:14399946-14400158|Denovo_Non_LTR_13	Populus_alba_var._pyramidalis	Chr6	14399946	14400158	non-LTR	SINE/tRNA
Populus_alba_var._pyramidalis|Chr6:19592140-19592258|TIR_61	Populus_alba_var._pyramidalis	Chr6	19592140	19592258	TIR	DNA/other
Populus_alba_var._pyramidalis|Chr7:11610267-11610425|TIR_61	Populus_alba_var._pyramidalis	Chr7	11610267	11610425	TIR	DNA/other
Populus_alba_var._pyramidalis|Chr7:11610653-11611633|TIR_41	Populus_alba_var._pyramidalis	Chr7	11610653	11611633	TIR	DNA/PIF-Harbinger
Populus_alba_var._pyramidalis|Chr7:18957972-18958155|TIR_165	Populus_alba_var._pyramidalis	Chr7	18957972	18958155	TIR	DNA/PIF-Harbinger
Populus_alba_var._pyramidalis|Chr7:20528601-20528748|TIR_55	Populus_alba_var._pyramidalis	Chr7	20528601	20528748	TIR	DNA/PIF-Harbinger
Populus_alba_var._pyramidalis|Chr7:20528979-20529165|TIR_32	Populus_alba_var._pyramidalis	Chr7	20528979	20529165	TIR	DNA/other
Populus_alba_var._pyramidalis|Chr7:20530455-20530827|Denovo_Non_LTR_16	Populus_alba_var._pyramidalis	Chr7	20530455	20530827	non-LTR	LINE/L1
Populus_alba_var._pyramidalis|Chr7:20533745-20533908|TIR_165	Populus_alba_var._pyramidalis	Chr7	20533745	20533908	TIR	DNA/PIF-Harbinger
Populus_alba_var._pyramidalis|Chr7:20533906-20533997|TIR_162	Populus_alba_var._pyramidalis	Chr7	20533906	20533997	TIR	DNA/hAT
Populus_alba_var._pyramidalis|Chr7:20533997-20534052|TIR_146	Populus_alba_var._pyramidalis	Chr7	20533997	20534052	TIR	DNA/hAT
Populus_alba_var._pyramidalis|Chr8:810650-810826|TIR_61	Populus_alba_var._pyramidalis	Chr8	810650	810826	TIR	DNA/other
Populus_alba_var._pyramidalis|Chr8:810826-810845|TIR_32	Populus_alba_var._pyramidalis	Chr8	810826	810845	TIR	DNA/other
Populus_alba_var._pyramidalis|Chr8:2411967-2412249|TIR_11	Populus_alba_var._pyramidalis	Chr8	2411967	2412249	TIR	DNA/other
Populus_alba_var._pyramidalis|Chr8:2969114-2970530|TIR_47	Populus_alba_var._pyramidalis	Chr8	2969114	2970530	Helitron	RC/Helitron
Populus_alba_var._pyramidalis|Chr8:2970567-2970706|TIR_74	Populus_alba_var._pyramidalis	Chr8	2970567	2970706	TIR	DNA/TcMar
Populus_alba_var._pyramidalis|Chr8:2970847-2970983|TIR_61	Populus_alba_var._pyramidalis	Chr8	2970847	2970983	TIR	DNA/other
Populus_alba_var._pyramidalis|Chr8:2972974-2973117|TIR_61	Populus_alba_var._pyramidalis	Chr8	2972974	2973117	TIR	DNA/other
Populus_alba_var._pyramidalis|Chr8:2973117-2973135|TIR_32	Populus_alba_var._pyramidalis	Chr8	2973117	2973135	TIR	DNA/other
Populus_alba_var._pyramidalis|Chr8:2973343-2974521|LTR_28-LTR	Populus_alba_var._pyramidalis	Chr8	2973343	2974521	LTR	LTR/Gypsy
Populus_alba_var._pyramidalis|Chr8:2974587-2976217|LTR_28-LTR	Populus_alba_var._pyramidalis	Chr8	2974587	2976217	LTR	LTR/Gypsy
Populus_alba_var._pyramidalis|Chr8:3987548-3987585|TIR_80	Populus_alba_var._pyramidalis	Chr8	3987548	3987585	TIR	DNA/PIF-Harbinger
Populus_alba_var._pyramidalis|Chr8:3987585-3987729|TIR_39	Populus_alba_var._pyramidalis	Chr8	3987585	3987729	TIR	DNA/other
Populus_alba_var._pyramidalis|Chr8:3987729-3987745|TIR_80	Populus_alba_var._pyramidalis	Chr8	3987729	3987745	TIR	DNA/PIF-Harbinger
Populus_alba_var._pyramidalis|Chr8:7927543-7927730|TIR_61	Populus_alba_var._pyramidalis	Chr8	7927543	7927730	TIR	DNA/other
Populus_alba_var._pyramidalis|Chr8:7959594-7960368|TIR_98	Populus_alba_var._pyramidalis	Chr8	7959594	7960368	TIR	DNA/hAT
Populus_alba_var._pyramidalis|Chr8:7960051-7960393|TIR_90	Populus_alba_var._pyramidalis	Chr8	7960051	7960393	TIR	DNA/PIF-Harbinger
Populus_alba_var._pyramidalis|Chr9:12527714-12527787|TIR_162	Populus_alba_var._pyramidalis	Chr9	12527714	12527787	TIR	DNA/hAT
Populus_alba_var._pyramidalis|Chr9:12527835-12528013|TIR_31	Populus_alba_var._pyramidalis	Chr9	12527835	12528013	TIR	DNA/hAT
Populus_alba_var._pyramidalis|Chr9:13792755-13792902|TIR_32	Populus_alba_var._pyramidalis	Chr9	13792755	13792902	TIR	DNA/other
Populus_alba_var._pyramidalis|Chr9:13793862-13793959|TIR_61	Populus_alba_var._pyramidalis	Chr9	13793862	13793959	TIR	DNA/other
Populus_alba_var._pyramidalis|Chr9:13794407-13794523|TIR_61	Populus_alba_var._pyramidalis	Chr9	13794407	13794523	TIR	DNA/other
Populus_alba_var._pyramidalis|Chr9:13796427-13796448|TIR_32	Populus_alba_var._pyramidalis	Chr9	13796427	13796448	TIR	DNA/other
Populus_alba_var._pyramidalis|Chr9:13796448-13796621|TIR_39	Populus_alba_var._pyramidalis	Chr9	13796448	13796621	TIR	DNA/other
Populus_alba_var._pyramidalis|Chr9:13797396-13797552|TIR_18	Populus_alba_var._pyramidalis	Chr9	13797396	13797552	TIR	DNA/Crypton
Populus_alba_var._pyramidalis|Chr9:13797426-13797591|TIR_61	Populus_alba_var._pyramidalis	Chr9	13797426	13797591	TIR	DNA/other
Populus_davidiana|Chr1:529035-529145|TIR_28	Populus_davidiana	Chr1	529035	529145	TIR	DNA/hAT
Populus_davidiana|Chr1:3953904-3953979|TIR_31	Populus_davidiana	Chr1	3953904	3953979	TIR	DNA/other
Populus_davidiana|Chr1:3957293-3957376|LTR_820-int	Populus_davidiana	Chr1	3957293	3957376	LTR	LTR/Gypsy
Populus_davidiana|Chr1:8205641-8206683|TIR_23	Populus_davidiana	Chr1	8205641	8206683	TIR	DNA/TcMar
Populus_davidiana|Chr1:13325871-13325916|TIR_51	Populus_davidiana	Chr1	13325871	13325916	TIR	DNA/PIF-Harbinger
Populus_davidiana|Chr1:13325916-13326042|TIR_37	Populus_davidiana	Chr1	13325916	13326042	TIR	DNA/PIF-Harbinger
Populus_davidiana|Chr1:45822426-45822489|LTR_298-LTR	Populus_davidiana	Chr1	45822426	45822489	LTR	LTR/Gypsy
Populus_davidiana|Chr10:18856465-18856572|LTR_634-LTR	Populus_davidiana	Chr10	18856465	18856572	LTR	LTR/other
Populus_davidiana|Chr10:18860603-18861404|TIR_23	Populus_davidiana	Chr10	18860603	18861404	TIR	DNA/TcMar
Populus_davidiana|Chr10:21862466-21862627|TIR_18	Populus_davidiana	Chr10	21862466	21862627	TIR	DNA/TcMar
Populus_davidiana|Chr10:21862491-21862650|TIR_28	Populus_davidiana	Chr10	21862491	21862650	TIR	DNA/hAT
Populus_davidiana|Chr10:21862719-21862973|Denovo_Non_LTR_8	Populus_davidiana	Chr10	21862719	21862973	non-LTR	SINE/tRNA
Populus_davidiana|Chr11:944067-944352|TIR_15	Populus_davidiana	Chr11	944067	944352	TIR	DNA/hAT
Populus_davidiana|Chr11:944189-944375|TIR_86	Populus_davidiana	Chr11	944189	944375	TIR	DNA/PIF-Harbinger
Populus_davidiana|Chr11:944599-944741|TIR_135	Populus_davidiana	Chr11	944599	944741	TIR	DNA/CMC-EnSpm
Populus_davidiana|Chr11:944806-944932|TIR_81	Populus_davidiana	Chr11	944806	944932	TIR	DNA/TcMar
Populus_davidiana|Chr11:947281-947396|Denovo_Non_LTR_20	Populus_davidiana	Chr11	947281	947396	non-LTR	LINE/L1
Populus_davidiana|Chr11:949158-949179|TIR_37	Populus_davidiana	Chr11	949158	949179	TIR	DNA/PIF-Harbinger
Populus_davidiana|Chr11:949179-949312|TIR_24	Populus_davidiana	Chr11	949179	949312	TIR	DNA/TcMar
Populus_davidiana|Chr11:949313-950055|TIR_29	Populus_davidiana	Chr11	949313	950055	TIR	DNA/hAT
Populus_davidiana|Chr11:949651-950123|TIR_10	Populus_davidiana	Chr11	949651	950123	TIR	DNA/TcMar
Populus_davidiana|Chr11:950506-950787|TIR_10	Populus_davidiana	Chr11	950506	950787	TIR	DNA/TcMar
Populus_davidiana|Chr11:950751-950850|TIR_29	Populus_davidiana	Chr11	950751	950850	TIR	DNA/hAT
Populus_davidiana|Chr11:950917-951028|TIR_72	Populus_davidiana	Chr11	950917	951028	TIR	DNA/hAT
Populus_davidiana|Chr11:14316563-14316715|TIR_23	Populus_davidiana	Chr11	14316563	14316715	TIR	DNA/TcMar
Populus_davidiana|Chr11:14316824-14317228|TIR_23	Populus_davidiana	Chr11	14316824	14317228	TIR	DNA/TcMar
Populus_davidiana|Chr11:14829805-14829899|LTR_721-int	Populus_davidiana	Chr11	14829805	14829899	LTR	LTR/Gypsy
Populus_davidiana|Chr11:21116925-21117067|TIR_37	Populus_davidiana	Chr11	21116925	21117067	TIR	DNA/PIF-Harbinger
Populus_davidiana|Chr11:21410641-21410787|TIR_24	Populus_davidiana	Chr11	21410641	21410787	TIR	DNA/TcMar
Populus_davidiana|Chr11:21410787-21410822|TIR_37	Populus_davidiana	Chr11	21410787	21410822	TIR	DNA/PIF-Harbinger
Populus_davidiana|Chr11:21415473-21415609|LTR_721-int	Populus_davidiana	Chr11	21415473	21415609	LTR	LTR/Gypsy
Populus_davidiana|Chr11:21416498-21416810|TIR_10	Populus_davidiana	Chr11	21416498	21416810	TIR	DNA/TcMar
Populus_davidiana|Chr11:21416854-21417177|TIR_10	Populus_davidiana	Chr11	21416854	21417177	TIR	DNA/TcMar
Populus_davidiana|Chr11:21422570-21422636|TIR_105	Populus_davidiana	Chr11	21422570	21422636	TIR	DNA/PIF-Harbinger
Populus_davidiana|Chr12:10302359-10302532|TIR_24	Populus_davidiana	Chr12	10302359	10302532	TIR	DNA/TcMar
Populus_davidiana|Chr12:10309002-10309139|TIR_46	Populus_davidiana	Chr12	10309002	10309139	TIR	DNA/hAT
Populus_davidiana|Chr12:10661137-10661424|TIR_31	Populus_davidiana	Chr12	10661137	10661424	TIR	DNA/other
Populus_davidiana|Chr12:10661829-10662174|LTR_187-LTR	Populus_davidiana	Chr12	10661829	10662174	LTR	LTR/Gypsy
Populus_davidiana|Chr12:10662220-10663656|LTR_187-LTR	Populus_davidiana	Chr12	10662220	10663656	LTR	LTR/Gypsy
Populus_davidiana|Chr12:17086262-17086337|LTR_721-int	Populus_davidiana	Chr12	17086262	17086337	LTR	LTR/Gypsy
Populus_davidiana|Chr12:17092082-17092208|LTR_537-LTR	Populus_davidiana	Chr12	17092082	17092208	LTR	LTR/Gypsy
Populus_davidiana|Chr12:17092660-17092825|TIR_97	Populus_davidiana	Chr12	17092660	17092825	TIR	DNA/hAT
Populus_davidiana|Chr12:17451509-17451695|TIR_25	Populus_davidiana	Chr12	17451509	17451695	TIR	DNA/hAT
Populus_davidiana|Chr13:13746759-13746960|TIR_2	Populus_davidiana	Chr13	13746759	13746960	TIR	DNA/other
Populus_davidiana|Chr13:13747083-13747276|Denovo_Non_LTR_4	Populus_davidiana	Chr13	13747083	13747276	non-LTR	SINE/tRNA
Populus_davidiana|Chr13:13747729-13747809|TIR_24	Populus_davidiana	Chr13	13747729	13747809	TIR	DNA/TcMar
Populus_davidiana|Chr14:456426-456446|TIR_37	Populus_davidiana	Chr14	456426	456446	TIR	DNA/PIF-Harbinger
Populus_davidiana|Chr14:456446-456604|TIR_24	Populus_davidiana	Chr14	456446	456604	TIR	DNA/TcMar
Populus_davidiana|Chr14:456667-457162|TIR_31	Populus_davidiana	Chr14	456667	457162	TIR	DNA/other
Populus_davidiana|Chr14:459818-459912|Denovo_Non_LTR_4	Populus_davidiana	Chr14	459818	459912	non-LTR	SINE/tRNA
Populus_davidiana|Chr14:1618437-1618544|TIR_55	Populus_davidiana	Chr14	1618437	1618544	TIR	DNA/CMC-EnSpm
Populus_davidiana|Chr15:10866447-10866616|LTR_721-int	Populus_davidiana	Chr15	10866447	10866616	LTR	LTR/Gypsy
Populus_davidiana|Chr15:10866466-10866644|Homology_Non_LTR_1	Populus_davidiana	Chr15	10866466	10866644	non-LTR	SINE/tRNA
Populus_davidiana|Chr15:10869390-10869467|TIR_112	Populus_davidiana	Chr15	10869390	10869467	TIR	DNA/TcMar
Populus_davidiana|Chr15:10869756-10869820|TIR_10	Populus_davidiana	Chr15	10869756	10869820	TIR	DNA/TcMar
Populus_davidiana|Chr15:10869824-10869907|TIR_112	Populus_davidiana	Chr15	10869824	10869907	TIR	DNA/TcMar
Populus_davidiana|Chr16:2933092-2933307|TIR_24	Populus_davidiana	Chr16	2933092	2933307	TIR	DNA/TcMar
Populus_davidiana|Chr16:2933371-2933556|TIR_28	Populus_davidiana	Chr16	2933371	2933556	TIR	DNA/hAT
Populus_davidiana|Chr16:12018874-12019869|LTR_718-int	Populus_davidiana	Chr16	12018874	12019869	LTR	LTR/Copia
Populus_davidiana|Chr16:12019869-12020018|LTR_737-int	Populus_davidiana	Chr16	12019869	12020018	LTR	LTR/Copia
Populus_davidiana|Chr16:14260222-14260410|TIR_24	Populus_davidiana	Chr16	14260222	14260410	TIR	DNA/TcMar
Populus_davidiana|Chr17:10686174-10686269|TIR_40	Populus_davidiana	Chr17	10686174	10686269	TIR	DNA/CMC-EnSpm
Populus_davidiana|Chr17:10686862-10687259|TIR_114	Populus_davidiana	Chr17	10686862	10687259	TIR	DNA/TcMar
Populus_davidiana|Chr17:10693721-10694544|TIR_23	Populus_davidiana	Chr17	10693721	10694544	TIR	DNA/TcMar
Populus_davidiana|Chr17:12459026-12459148|TIR_55	Populus_davidiana	Chr17	12459026	12459148	TIR	DNA/CMC-EnSpm
Populus_davidiana|Chr17:12809330-12809536|TIR_51	Populus_davidiana	Chr17	12809330	12809536	TIR	DNA/PIF-Harbinger
Populus_davidiana|Chr17:12814510-12814585|TIR_122	Populus_davidiana	Chr17	12814510	12814585	TIR	DNA/TcMar
Populus_davidiana|Chr17:13222789-13222910|LTR_536-LTR	Populus_davidiana	Chr17	13222789	13222910	LTR	LTR/Gypsy
Populus_davidiana|Chr17:13223404-13223557|Denovo_Non_LTR_4	Populus_davidiana	Chr17	13223404	13223557	non-LTR	SINE/tRNA
Populus_davidiana|Chr17:13223732-13223868|TIR_31	Populus_davidiana	Chr17	13223732	13223868	TIR	DNA/other
Populus_davidiana|Chr17:13223798-13223885|LTR_825-int	Populus_davidiana	Chr17	13223798	13223885	LTR	LTR/Copia
Populus_davidiana|Chr17:13227179-13227290|TIR_28	Populus_davidiana	Chr17	13227179	13227290	TIR	DNA/hAT
Populus_davidiana|Chr17:13227649-13227938|TIR_31	Populus_davidiana	Chr17	13227649	13227938	TIR	DNA/other
Populus_davidiana|Chr19:1368702-1368756|LTR_704-int	Populus_davidiana	Chr19	1368702	1368756	LTR	LTR/Copia
Populus_davidiana|Chr19:1368743-1368775|LTR_704-int	Populus_davidiana	Chr19	1368743	1368775	LTR	LTR/Copia
Populus_davidiana|Chr19:1369061-1369181|Denovo_Non_LTR_15	Populus_davidiana	Chr19	1369061	1369181	non-LTR	LINE/L1
Populus_davidiana|Chr19:1371295-1371476|TIR_24	Populus_davidiana	Chr19	1371295	1371476	TIR	DNA/TcMar
Populus_davidiana|Chr19:10123434-10123597|TIR_2	Populus_davidiana	Chr19	10123434	10123597	TIR	DNA/other
Populus_davidiana|Chr19:10123442-10123600|TIR_28	Populus_davidiana	Chr19	10123442	10123600	TIR	DNA/hAT
Populus_davidiana|Chr19:10123666-10123797|TIR_127	Populus_davidiana	Chr19	10123666	10123797	TIR	DNA/hAT
Populus_davidiana|Chr19:10123889-10123942|TIR_40	Populus_davidiana	Chr19	10123889	10123942	TIR	DNA/CMC-EnSpm
Populus_davidiana|Chr19:10532633-10533100|TIR_29	Populus_davidiana	Chr19	10532633	10533100	TIR	DNA/hAT
Populus_davidiana|Chr19:10532928-10533132|TIR_10	Populus_davidiana	Chr19	10532928	10533132	TIR	DNA/TcMar
Populus_davidiana|Chr19:10533153-10533261|TIR_10	Populus_davidiana	Chr19	10533153	10533261	TIR	DNA/TcMar
Populus_davidiana|Chr19:10533211-10533281|TIR_10	Populus_davidiana	Chr19	10533211	10533281	TIR	DNA/TcMar
Populus_davidiana|Chr19:11019389-11019573|TIR_24	Populus_davidiana	Chr19	11019389	11019573	TIR	DNA/TcMar
Populus_davidiana|Chr19:12755803-12755893|Denovo_Non_LTR_11	Populus_davidiana	Chr19	12755803	12755893	non-LTR	SINE/tRNA
Populus_davidiana|Chr19:12767977-12768042|TIR_51	Populus_davidiana	Chr19	12767977	12768042	TIR	DNA/PIF-Harbinger
Populus_davidiana|Chr19:12768042-12768132|TIR_24	Populus_davidiana	Chr19	12768042	12768132	TIR	DNA/TcMar
Populus_davidiana|Chr19:12768316-12768534|TIR_2	Populus_davidiana	Chr19	12768316	12768534	TIR	DNA/other
Populus_davidiana|Chr2:2329201-2329325|TIR_114	Populus_davidiana	Chr2	2329201	2329325	TIR	DNA/TcMar
Populus_davidiana|Chr2:2963106-2963295|TIR_19	Populus_davidiana	Chr2	2963106	2963295	TIR	DNA/other
Populus_davidiana|Chr2:11940448-11940600|Homology_Non_LTR_1	Populus_davidiana	Chr2	11940448	11940600	non-LTR	SINE/tRNA
Populus_davidiana|Chr2:11940519-11940620|Denovo_Non_LTR_4	Populus_davidiana	Chr2	11940519	11940620	non-LTR	SINE/tRNA
Populus_davidiana|Chr2:11947536-11947734|TIR_6	Populus_davidiana	Chr2	11947536	11947734	TIR	DNA/PIF-Harbinger
Populus_davidiana|Chr2:11948897-11948966|TIR_58	Populus_davidiana	Chr2	11948897	11948966	TIR	DNA/PIF-Harbinger
Populus_davidiana|Chr2:25306351-25306541|TIR_51	Populus_davidiana	Chr2	25306351	25306541	TIR	DNA/PIF-Harbinger
Populus_davidiana|Chr3:457767-457789|Denovo_Non_LTR_27	Populus_davidiana	Chr3	457767	457789	TIR	DNA/TcMar
Populus_davidiana|Chr3:457789-457932|Denovo_Non_LTR_0	Populus_davidiana	Chr3	457789	457932	LTR	LTR/other
Populus_davidiana|Chr3:458238-458473|LTR_712-int	Populus_davidiana	Chr3	458238	458473	LTR	LTR/Gypsy
Populus_davidiana|Chr3:458468-458579|Denovo_Non_LTR_6	Populus_davidiana	Chr3	458468	458579	non-LTR	SINE/tRNA
Populus_davidiana|Chr3:458586-458603|LTR_712-int	Populus_davidiana	Chr3	458586	458603	LTR	LTR/Gypsy
Populus_davidiana|Chr3:458603-458702|LTR_859-int	Populus_davidiana	Chr3	458603	458702	LTR	LTR/Gypsy
Populus_davidiana|Chr3:2798102-2798264|LTR_721-int	Populus_davidiana	Chr3	2798102	2798264	LTR	LTR/Gypsy
Populus_davidiana|Chr3:2802324-2802344|TIR_2	Populus_davidiana	Chr3	2802324	2802344	TIR	DNA/other
Populus_davidiana|Chr3:2802344-2802502|TIR_28	Populus_davidiana	Chr3	2802344	2802502	TIR	DNA/hAT
Populus_davidiana|Chr3:2803464-2803580|TIR_18	Populus_davidiana	Chr3	2803464	2803580	TIR	DNA/TcMar
Populus_davidiana|Chr3:17121655-17121832|TIR_24	Populus_davidiana	Chr3	17121655	17121832	TIR	DNA/TcMar
Populus_davidiana|Chr3:19781562-19781644|LTR_975-int	Populus_davidiana	Chr3	19781562	19781644	LTR	LTR/Copia
Populus_davidiana|Chr3:19781644-19781947|LTR_786-int	Populus_davidiana	Chr3	19781644	19781947	LTR	LTR/Copia
Populus_davidiana|Chr3:19782053-19782202|LTR_786-int	Populus_davidiana	Chr3	19782053	19782202	LTR	LTR/Copia
Populus_davidiana|Chr3:19782554-19782811|LTR_959-int	Populus_davidiana	Chr3	19782554	19782811	LTR	LTR/Copia
Populus_davidiana|Chr3:23072332-23072642|TIR_40	Populus_davidiana	Chr3	23072332	23072642	TIR	DNA/CMC-EnSpm
Populus_davidiana|Chr3:23080028-23080164|TIR_28	Populus_davidiana	Chr3	23080028	23080164	TIR	DNA/hAT
Populus_davidiana|Chr3:24638367-24638524|TIR_32	Populus_davidiana	Chr3	24638367	24638524	TIR	DNA/TcMar
Populus_davidiana|Chr3:25040348-25040657|LTR_398-LTR	Populus_davidiana	Chr3	25040348	25040657	LTR	LTR/Gypsy
Populus_davidiana|Chr3:25040657-25045151|LTR_1080-int	Populus_davidiana	Chr3	25040657	25045151	LTR	LTR/Gypsy
Populus_davidiana|Chr3:25401768-25401851|TIR_14	Populus_davidiana	Chr3	25401768	25401851	TIR	DNA/hAT
Populus_davidiana|Chr3:25402781-25403213|LTR_644-LTR	Populus_davidiana	Chr3	25402781	25403213	LTR	LTR/Gypsy
Populus_davidiana|Chr5:2976096-2976285|TIR_9	Populus_davidiana	Chr5	2976096	2976285	TIR	DNA/hAT
Populus_davidiana|Chr5:2977482-2977650|TIR_9	Populus_davidiana	Chr5	2977482	2977650	TIR	DNA/hAT
Populus_davidiana|Chr5:4624361-4624555|TIR_24	Populus_davidiana	Chr5	4624361	4624555	TIR	DNA/TcMar
Populus_davidiana|Chr5:4806562-4806759|TIR_51	Populus_davidiana	Chr5	4806562	4806759	TIR	DNA/PIF-Harbinger
Populus_davidiana|Chr5:4807274-4807309|LTR_315-LTR	Populus_davidiana	Chr5	4807274	4807309	LTR	LTR/Copia
Populus_davidiana|Chr5:6459526-6459663|TIR_28	Populus_davidiana	Chr5	6459526	6459663	TIR	DNA/hAT
Populus_davidiana|Chr5:6476558-6477300|TIR_139	Populus_davidiana	Chr5	6476558	6477300	TIR	DNA/hAT
Populus_davidiana|Chr5:6477299-6477661|TIR_139	Populus_davidiana	Chr5	6477299	6477661	TIR	DNA/hAT
Populus_davidiana|Chr5:6477654-6477804|TIR_139	Populus_davidiana	Chr5	6477654	6477804	TIR	DNA/hAT
Populus_davidiana|Chr5:8605060-8605211|TIR_24	Populus_davidiana	Chr5	8605060	8605211	TIR	DNA/TcMar
Populus_davidiana|Chr5:9259746-9259912|TIR_23	Populus_davidiana	Chr5	9259746	9259912	TIR	DNA/TcMar
Populus_davidiana|Chr5:12521173-12521382|LTR_303-LTR	Populus_davidiana	Chr5	12521173	12521382	LTR	LTR/Gypsy
Populus_davidiana|Chr5:12521463-12521630|TIR_24	Populus_davidiana	Chr5	12521463	12521630	TIR	DNA/TcMar
Populus_davidiana|Chr5:15816453-15816613|TIR_24	Populus_davidiana	Chr5	15816453	15816613	TIR	DNA/TcMar
Populus_davidiana|Chr6:1552737-1553631|TIR_77	Populus_davidiana	Chr6	1552737	1553631	TIR	DNA/hAT
Populus_davidiana|Chr6:1554524-1554783|TIR_31	Populus_davidiana	Chr6	1554524	1554783	TIR	DNA/other
Populus_davidiana|Chr6:5690412-5690583|TIR_24	Populus_davidiana	Chr6	5690412	5690583	TIR	DNA/TcMar
Populus_davidiana|Chr6:5693492-5693548|LTR_1040-int	Populus_davidiana	Chr6	5693492	5693548	LTR	LTR/Gypsy
Populus_davidiana|Chr6:5694651-5694773|LTR_721-int	Populus_davidiana	Chr6	5694651	5694773	LTR	LTR/Gypsy
Populus_davidiana|Chr6:5695494-5695628|TIR_24	Populus_davidiana	Chr6	5695494	5695628	TIR	DNA/TcMar
Populus_davidiana|Chr6:6131327-6131618|TIR_12	Populus_davidiana	Chr6	6131327	6131618	TIR	DNA/PIF-Harbinger
Populus_davidiana|Chr6:6131332-6131729|TIR_58	Populus_davidiana	Chr6	6131332	6131729	TIR	DNA/PIF-Harbinger
Populus_davidiana|Chr6:6131656-6131817|TIR_58	Populus_davidiana	Chr6	6131656	6131817	TIR	DNA/PIF-Harbinger
Populus_davidiana|Chr6:6131748-6131894|LTR_821-int	Populus_davidiana	Chr6	6131748	6131894	LTR	LTR/Gypsy
Populus_davidiana|Chr6:6131900-6132051|TIR_24	Populus_davidiana	Chr6	6131900	6132051	TIR	DNA/TcMar
Populus_davidiana|Chr6:6135291-6135400|TIR_24	Populus_davidiana	Chr6	6135291	6135400	TIR	DNA/TcMar
Populus_davidiana|Chr6:7735706-7736129|TIR_114	Populus_davidiana	Chr6	7735706	7736129	TIR	DNA/TcMar
Populus_davidiana|Chr6:12148238-12148398|TIR_28	Populus_davidiana	Chr6	12148238	12148398	TIR	DNA/hAT
Populus_davidiana|Chr7:126268-126393|TIR_112	Populus_davidiana	Chr7	126268	126393	TIR	DNA/TcMar
Populus_davidiana|Chr7:126434-126534|TIR_112	Populus_davidiana	Chr7	126434	126534	TIR	DNA/TcMar
Populus_davidiana|Chr7:126707-126797|TIR_112	Populus_davidiana	Chr7	126707	126797	TIR	DNA/TcMar
Populus_davidiana|Chr7:126986-127059|TIR_112	Populus_davidiana	Chr7	126986	127059	TIR	DNA/TcMar
Populus_davidiana|Chr7:127193-127311|TIR_112	Populus_davidiana	Chr7	127193	127311	TIR	DNA/TcMar
Populus_davidiana|Chr7:127416-127508|TIR_10	Populus_davidiana	Chr7	127416	127508	TIR	DNA/TcMar
Populus_davidiana|Chr7:973492-973960|TIR_4	Populus_davidiana	Chr7	973492	973960	TIR	DNA/TcMar
Populus_davidiana|Chr7:1834962-1835039|LTR_721-int	Populus_davidiana	Chr7	1834962	1835039	LTR	LTR/Gypsy
Populus_davidiana|Chr7:1835774-1835889|TIR_127	Populus_davidiana	Chr7	1835774	1835889	TIR	DNA/hAT
Populus_davidiana|Chr7:1838401-1838566|TIR_24	Populus_davidiana	Chr7	1838401	1838566	TIR	DNA/TcMar
Populus_davidiana|Chr7:5002090-5002503|TIR_108	Populus_davidiana	Chr7	5002090	5002503	TIR	DNA/hAT
Populus_davidiana|Chr7:5009224-5009363|LTR_303-LTR	Populus_davidiana	Chr7	5009224	5009363	LTR	LTR/Gypsy
Populus_davidiana|Chr7:5009369-5009838|LTR_1068-int	Populus_davidiana	Chr7	5009369	5009838	LTR	LTR/Gypsy
Populus_davidiana|Chr7:5216545-5216735|TIR_2	Populus_davidiana	Chr7	5216545	5216735	TIR	DNA/other
Populus_davidiana|Chr7:5221442-5221550|LTR_268-LTR	Populus_davidiana	Chr7	5221442	5221550	LTR	LTR/Gypsy
Populus_davidiana|Chr7:7529418-7529589|TIR_79	Populus_davidiana	Chr7	7529418	7529589	TIR	DNA/hAT
Populus_davidiana|Chr7:7529589-7529988|LTR_58-LTR	Populus_davidiana	Chr7	7529589	7529988	LTR	LTR/Gypsy
Populus_davidiana|Chr7:7529988-7530143|TIR_134	Populus_davidiana	Chr7	7529988	7530143	LTR	LTR/Gypsy
Populus_davidiana|Chr7:13157511-13157924|LTR_786-int	Populus_davidiana	Chr7	13157511	13157924	LTR	LTR/Copia
Populus_davidiana|Chr7:13158345-13159062|LTR_786-int	Populus_davidiana	Chr7	13158345	13159062	LTR	LTR/Copia
Populus_davidiana|Chr7:13666482-13666628|TIR_28	Populus_davidiana	Chr7	13666482	13666628	TIR	DNA/hAT
Populus_davidiana|Chr7:13667227-13667510|TIR_19	Populus_davidiana	Chr7	13667227	13667510	TIR	DNA/other
Populus_davidiana|Chr7:13667670-13667928|TIR_94	Populus_davidiana	Chr7	13667670	13667928	TIR	DNA/hAT
Populus_davidiana|Chr7:13667673-13667962|TIR_47	Populus_davidiana	Chr7	13667673	13667962	TIR	DNA/PIF-Harbinger
Populus_davidiana|Chr7:17003204-17003275|TIR_24	Populus_davidiana	Chr7	17003204	17003275	TIR	DNA/TcMar
Populus_davidiana|Chr7:19464124-19464261|Denovo_Non_LTR_4	Populus_davidiana	Chr7	19464124	19464261	non-LTR	SINE/tRNA
Populus_davidiana|Chr9:11665768-11665897|TIR_24	Populus_davidiana	Chr9	11665768	11665897	TIR	DNA/TcMar
Populus_davidiana|Chr9:11668662-11668798|TIR_114	Populus_davidiana	Chr9	11668662	11668798	TIR	DNA/TcMar
Populus_davidiana|Chr9:13654241-13654358|TIR_18	Populus_davidiana	Chr9	13654241	13654358	TIR	DNA/TcMar
Populus_davidiana|Chr9:13654543-13654939|TIR_39	Populus_davidiana	Chr9	13654543	13654939	TIR	DNA/PIF-Harbinger
Populus_davidiana|Chr9:13655313-13655451|TIR_24	Populus_davidiana	Chr9	13655313	13655451	TIR	DNA/TcMar
Populus_davidiana|Chr9:13659107-13659261|TIR_23	Populus_davidiana	Chr9	13659107	13659261	TIR	DNA/TcMar
Populus_davidiana|Chr9:13659633-13659853|LTR_821-int	Populus_davidiana	Chr9	13659633	13659853	LTR	LTR/Gypsy
Populus_davidiana|Chr9:18366714-18366864|TIR_114	Populus_davidiana	Chr9	18366714	18366864	TIR	DNA/TcMar
Populus_davidiana|Scaffold_000001:168224-168477|LTR_270-LTR	Populus_davidiana	Scaffold_000001	168224	168477	LTR	LTR/Copia
Populus_davidiana|Scaffold_000001:168673-168958|TIR_23	Populus_davidiana	Scaffold_000001	168673	168958	TIR	DNA/TcMar
Populus_deltoides|Chr1:1586374-1587088|TIR_36	Populus_deltoides	Chr1	1586374	1587088	Helitron	RC/Helitron
Populus_deltoides|Chr1:2328079-2328157|TIR_41	Populus_deltoides	Chr1	2328079	2328157	TIR	DNA/other
Populus_deltoides|Chr1:6427394-6427518|TIR_1	Populus_deltoides	Chr1	6427394	6427518	TIR	DNA/TcMar
Populus_deltoides|Chr1:14862435-14863155|LTR_555-int	Populus_deltoides	Chr1	14862435	14863155	LTR	LTR/Copia
Populus_deltoides|Chr1:23637000-23637329|LTR_458-LTR	Populus_deltoides	Chr1	23637000	23637329	LTR	LTR/Copia
Populus_deltoides|Chr10:384096-384759|LTR_248-LTR	Populus_deltoides	Chr10	384096	384759	LTR	LTR/Gypsy
Populus_deltoides|Chr10:384809-384965|TIR_0	Populus_deltoides	Chr10	384809	384965	TIR	DNA/CMC-EnSpm
Populus_deltoides|Chr10:384965-385157|TIR_41	Populus_deltoides	Chr10	384965	385157	TIR	DNA/other
Populus_deltoides|Chr10:385168-385249|LTR_275-LTR	Populus_deltoides	Chr10	385168	385249	LTR	LTR/Gypsy
Populus_deltoides|Chr10:386108-386206|TIR_41	Populus_deltoides	Chr10	386108	386206	TIR	DNA/other
Populus_deltoides|Chr10:21173026-21173142|TIR_1	Populus_deltoides	Chr10	21173026	21173142	TIR	DNA/TcMar
Populus_deltoides|Chr10:21440937-21441029|Denovo_Non_LTR_0	Populus_deltoides	Chr10	21440937	21441029	non-LTR	SINE/tRNA
Populus_deltoides|Chr10:21443979-21444125|Denovo_Non_LTR_0	Populus_deltoides	Chr10	21443979	21444125	non-LTR	SINE/tRNA
Populus_deltoides|Chr10:21445962-21446149|TIR_15	Populus_deltoides	Chr10	21445962	21446149	TIR	DNA/hAT
Populus_deltoides|Chr12:6947928-6948819|LTR_735-int	Populus_deltoides	Chr12	6947928	6948819	LTR	LTR/Gypsy
Populus_deltoides|Chr12:6948955-6949059|LTR_735-int	Populus_deltoides	Chr12	6948955	6949059	LTR	LTR/Gypsy
Populus_deltoides|Chr12:6949070-6949310|LTR_435-LTR	Populus_deltoides	Chr12	6949070	6949310	LTR	LTR/Gypsy
Populus_deltoides|Chr12:6949489-6950566|LTR_735-int	Populus_deltoides	Chr12	6949489	6950566	LTR	LTR/Gypsy
Populus_deltoides|Chr13:2941840-2941979|TIR_1	Populus_deltoides	Chr13	2941840	2941979	TIR	DNA/TcMar
Populus_deltoides|Chr13:2942054-2942194|Denovo_Non_LTR_0	Populus_deltoides	Chr13	2942054	2942194	non-LTR	SINE/tRNA
Populus_deltoides|Chr13:2942071-2942253|TIR_20	Populus_deltoides	Chr13	2942071	2942253	TIR	DNA/TcMar
Populus_deltoides|Chr13:2942315-2942511|TIR_44	Populus_deltoides	Chr13	2942315	2942511	TIR	DNA/Crypton
Populus_deltoides|Chr13:10019724-10019957|TIR_11	Populus_deltoides	Chr13	10019724	10019957	TIR	DNA/hAT
Populus_deltoides|Chr13:17149163-17149343|TIR_34	Populus_deltoides	Chr13	17149163	17149343	TIR	DNA/PIF-Harbinger
Populus_deltoides|Chr13:17149207-17149935|LTR_792-int	Populus_deltoides	Chr13	17149207	17149935	LTR	LTR/Copia
Populus_deltoides|Chr13:17149937-17150121|TIR_44	Populus_deltoides	Chr13	17149937	17150121	TIR	DNA/Crypton
Populus_deltoides|Chr13:17149972-17150124|Denovo_Non_LTR_0	Populus_deltoides	Chr13	17149972	17150124	non-LTR	SINE/tRNA
Populus_deltoides|Chr14:403401-403590|Denovo_Non_LTR_1	Populus_deltoides	Chr14	403401	403590	non-LTR	SINE/tRNA
Populus_deltoides|Chr14:974953-976899|LTR_678-int	Populus_deltoides	Chr14	974953	976899	LTR	LTR/other
Populus_deltoides|Chr14:976900-977404|LTR_489-LTR	Populus_deltoides	Chr14	976900	977404	LTR	LTR/Gypsy
Populus_deltoides|Chr14:979840-980018|TIR_44	Populus_deltoides	Chr14	979840	980018	TIR	DNA/Crypton
Populus_deltoides|Chr14:979882-980020|Denovo_Non_LTR_0	Populus_deltoides	Chr14	979882	980020	non-LTR	SINE/tRNA
Populus_deltoides|Chr14:1982007-1982168|TIR_44	Populus_deltoides	Chr14	1982007	1982168	TIR	DNA/Crypton
Populus_deltoides|Chr14:6881127-6881385|TIR_34	Populus_deltoides	Chr14	6881127	6881385	TIR	DNA/PIF-Harbinger
Populus_deltoides|Chr14:6881807-6881981|TIR_17	Populus_deltoides	Chr14	6881807	6881981	TIR	DNA/PIF-Harbinger
Populus_deltoides|Chr14:9186361-9186489|Denovo_Non_LTR_0	Populus_deltoides	Chr14	9186361	9186489	non-LTR	SINE/tRNA
Populus_deltoides|Chr15:5419123-5419409|LTR_644-int	Populus_deltoides	Chr15	5419123	5419409	LTR	LTR/Copia
Populus_deltoides|Chr15:5419407-5419798|LTR_735-int	Populus_deltoides	Chr15	5419407	5419798	LTR	LTR/Gypsy
Populus_deltoides|Chr15:5419524-5419631|LTR_381-LTR	Populus_deltoides	Chr15	5419524	5419631	LTR	LTR/Gypsy
Populus_deltoides|Chr15:5419631-5419859|LTR_644-int	Populus_deltoides	Chr15	5419631	5419859	LTR	LTR/Copia
Populus_deltoides|Chr15:5422553-5422724|Homology_Non_LTR_3	Populus_deltoides	Chr15	5422553	5422724	non-LTR	SINE/tRNA
Populus_deltoides|Chr15:15224847-15225214|TIR_60	Populus_deltoides	Chr15	15224847	15225214	TIR	DNA/hAT
Populus_deltoides|Chr15:15225563-15225710|TIR_60	Populus_deltoides	Chr15	15225563	15225710	TIR	DNA/hAT
Populus_deltoides|Chr15:15229132-15229261|LTR_86-LTR	Populus_deltoides	Chr15	15229132	15229261	LTR	LTR/Copia
Populus_deltoides|Chr15:15229727-15230032|LTR_619-int	Populus_deltoides	Chr15	15229727	15230032	LTR	LTR/Gypsy
Populus_deltoides|Chr16:1678966-1680327|TIR_37	Populus_deltoides	Chr16	1678966	1680327	Helitron	RC/Helitron
Populus_deltoides|Chr16:1680421-1681015|TIR_37	Populus_deltoides	Chr16	1680421	1681015	Helitron	RC/Helitron
Populus_deltoides|Chr16:1685568-1685851|TIR_41	Populus_deltoides	Chr16	1685568	1685851	TIR	DNA/other
Populus_deltoides|Chr16:2116956-2117052|TIR_44	Populus_deltoides	Chr16	2116956	2117052	TIR	DNA/Crypton
Populus_deltoides|Chr16:2117052-2117080|TIR_1	Populus_deltoides	Chr16	2117052	2117080	TIR	DNA/TcMar
Populus_deltoides|Chr16:2445499-2445618|TIR_20	Populus_deltoides	Chr16	2445499	2445618	TIR	DNA/TcMar
Populus_deltoides|Chr16:3550783-3551086|TIR_25	Populus_deltoides	Chr16	3550783	3551086	TIR	DNA/CMC-EnSpm
Populus_deltoides|Chr17:2541594-2541662|TIR_44	Populus_deltoides	Chr17	2541594	2541662	TIR	DNA/Crypton
Populus_deltoides|Chr17:2541662-2541719|TIR_20	Populus_deltoides	Chr17	2541662	2541719	TIR	DNA/TcMar
Populus_deltoides|Chr17:12120961-12121068|Denovo_Non_LTR_1	Populus_deltoides	Chr17	12120961	12121068	non-LTR	SINE/tRNA
Populus_deltoides|Chr17:12121226-12121338|Denovo_Non_LTR_1	Populus_deltoides	Chr17	12121226	12121338	non-LTR	SINE/tRNA
Populus_deltoides|Chr18:2398544-2398701|Denovo_Non_LTR_1	Populus_deltoides	Chr18	2398544	2398701	non-LTR	SINE/tRNA
Populus_deltoides|Chr18:2399107-2399220|LTR_458-LTR	Populus_deltoides	Chr18	2399107	2399220	LTR	LTR/Copia
Populus_deltoides|Chr18:2399247-2400036|LTR_458-LTR	Populus_deltoides	Chr18	2399247	2400036	LTR	LTR/Copia
Populus_deltoides|Chr19:11766564-11766653|LTR_275-LTR	Populus_deltoides	Chr19	11766564	11766653	LTR	LTR/Gypsy
Populus_deltoides|Chr19:11770872-11771055|TIR_6	Populus_deltoides	Chr19	11770872	11771055	non-LTR	SINE/tRNA
Populus_deltoides|Chr19:12269449-12269538|LTR_275-LTR	Populus_deltoides	Chr19	12269449	12269538	LTR	LTR/Gypsy
Populus_deltoides|Chr19:12273768-12273953|TIR_6	Populus_deltoides	Chr19	12273768	12273953	non-LTR	SINE/tRNA
Populus_deltoides|Chr19:15212587-15212673|Denovo_Non_LTR_1	Populus_deltoides	Chr19	15212587	15212673	non-LTR	SINE/tRNA
Populus_deltoides|Chr19:15213409-15213526|Denovo_Non_LTR_0	Populus_deltoides	Chr19	15213409	15213526	non-LTR	SINE/tRNA
Populus_deltoides|Chr19:15213526-15213581|TIR_44	Populus_deltoides	Chr19	15213526	15213581	TIR	DNA/Crypton
Populus_deltoides|Chr2:2311629-2311825|TIR_44	Populus_deltoides	Chr2	2311629	2311825	TIR	DNA/Crypton
Populus_deltoides|Chr2:5330695-5330837|Denovo_Non_LTR_0	Populus_deltoides	Chr2	5330695	5330837	non-LTR	SINE/tRNA
Populus_deltoides|Chr2:7144602-7145430|TIR_37	Populus_deltoides	Chr2	7144602	7145430	Helitron	RC/Helitron
Populus_deltoides|Chr2:7145727-7145863|TIR_1	Populus_deltoides	Chr2	7145727	7145863	TIR	DNA/TcMar
Populus_deltoides|Chr2:7145911-7145990|TIR_87	Populus_deltoides	Chr2	7145911	7145990	TIR	DNA/MULE
Populus_deltoides|Chr2:7145990-7146032|TIR_1	Populus_deltoides	Chr2	7145990	7146032	TIR	DNA/TcMar
Populus_deltoides|Chr2:7165275-7165550|Denovo_Non_LTR_14	Populus_deltoides	Chr2	7165275	7165550	non-LTR	LINE/L1
Populus_deltoides|Chr2:9603861-9603930|TIR_44	Populus_deltoides	Chr2	9603861	9603930	TIR	DNA/Crypton
Populus_deltoides|Chr2:9604266-9604408|Denovo_Non_LTR_0	Populus_deltoides	Chr2	9604266	9604408	non-LTR	SINE/tRNA
Populus_deltoides|Chr2:9604269-9604449|TIR_44	Populus_deltoides	Chr2	9604269	9604449	TIR	DNA/Crypton
Populus_deltoides|Chr2:10389809-10389911|TIR_75	Populus_deltoides	Chr2	10389809	10389911	TIR	DNA/hAT
Populus_deltoides|Chr2:10390042-10390217|TIR_43	Populus_deltoides	Chr2	10390042	10390217	TIR	DNA/hAT
Populus_deltoides|Chr2:14269117-14269311|TIR_44	Populus_deltoides	Chr2	14269117	14269311	TIR	DNA/Crypton
Populus_deltoides|Chr2:14269342-14269891|TIR_87	Populus_deltoides	Chr2	14269342	14269891	TIR	DNA/MULE
Populus_deltoides|Chr2:17986515-17986608|TIR_1	Populus_deltoides	Chr2	17986515	17986608	TIR	DNA/TcMar
Populus_deltoides|Chr3:1711863-1712013|TIR_15	Populus_deltoides	Chr3	1711863	1712013	TIR	DNA/hAT
Populus_deltoides|Chr3:12196138-12196288|Homology_Non_LTR_3	Populus_deltoides	Chr3	12196138	12196288	non-LTR	SINE/tRNA
Populus_deltoides|Chr4:11566192-11566824|LTR_199-LTR	Populus_deltoides	Chr4	11566192	11566824	LTR	LTR/Copia
Populus_deltoides|Chr4:17690339-17690350|Denovo_Non_LTR_0	Populus_deltoides	Chr4	17690339	17690350	non-LTR	SINE/tRNA
Populus_deltoides|Chr4:17690350-17690441|TIR_20	Populus_deltoides	Chr4	17690350	17690441	TIR	DNA/TcMar
Populus_deltoides|Chr4:17690427-17690441|TIR_87	Populus_deltoides	Chr4	17690427	17690441	TIR	DNA/MULE
Populus_deltoides|Chr4:17690984-17691109|TIR_1	Populus_deltoides	Chr4	17690984	17691109	TIR	DNA/TcMar
Populus_deltoides|Chr4:18209241-18209388|Homology_Non_LTR_3	Populus_deltoides	Chr4	18209241	18209388	non-LTR	SINE/tRNA
Populus_deltoides|Chr4:18209412-18209728|TIR_14	Populus_deltoides	Chr4	18209412	18209728	TIR	DNA/PIF-Harbinger
Populus_deltoides|Chr4:18213822-18213915|TIR_1	Populus_deltoides	Chr4	18213822	18213915	TIR	DNA/TcMar
Populus_deltoides|Chr4:18215291-18215375|Denovo_Non_LTR_0	Populus_deltoides	Chr4	18215291	18215375	non-LTR	SINE/tRNA
Populus_deltoides|Chr4:18867112-18867271|Homology_Non_LTR_3	Populus_deltoides	Chr4	18867112	18867271	non-LTR	SINE/tRNA
Populus_deltoides|Chr4:22617930-22618111|TIR_41	Populus_deltoides	Chr4	22617930	22618111	TIR	DNA/other
Populus_deltoides|Chr5:3919731-3920184|TIR_71	Populus_deltoides	Chr5	3919731	3920184	TIR	DNA/PIF-Harbinger
Populus_deltoides|Chr5:3920183-3920323|TIR_24	Populus_deltoides	Chr5	3920183	3920323	TIR	DNA/TcMar
Populus_deltoides|Chr5:3920184-3920238|TIR_28	Populus_deltoides	Chr5	3920184	3920238	TIR	DNA/hAT
Populus_deltoides|Chr5:9986921-9987205|TIR_4	Populus_deltoides	Chr5	9986921	9987205	TIR	DNA/PIF-Harbinger
Populus_deltoides|Chr5:9986973-9987214|TIR_60	Populus_deltoides	Chr5	9986973	9987214	TIR	DNA/hAT
Populus_deltoides|Chr5:9987377-9987578|TIR_12	Populus_deltoides	Chr5	9987377	9987578	non-LTR	SINE/tRNA
Populus_deltoides|Chr5:9988414-9988565|Denovo_Non_LTR_0	Populus_deltoides	Chr5	9988414	9988565	non-LTR	SINE/tRNA
Populus_deltoides|Chr5:9988420-9988601|TIR_44	Populus_deltoides	Chr5	9988420	9988601	TIR	DNA/Crypton
Populus_deltoides|Chr5:9989992-9990109|Denovo_Non_LTR_0	Populus_deltoides	Chr5	9989992	9990109	non-LTR	SINE/tRNA
Populus_deltoides|Chr5:9990791-9991950|TIR_37	Populus_deltoides	Chr5	9990791	9991950	Helitron	RC/Helitron
Populus_deltoides|Chr5:10665107-10666746|LTR_521-int	Populus_deltoides	Chr5	10665107	10666746	LTR	LTR/Copia
Populus_deltoides|Chr5:18574644-18574830|LTR_381-LTR	Populus_deltoides	Chr5	18574644	18574830	LTR	LTR/Gypsy
Populus_deltoides|Chr5:21162102-21162222|LTR_347-LTR	Populus_deltoides	Chr5	21162102	21162222	LTR	LTR/Copia
Populus_deltoides|Chr5:21169431-21169575|Homology_Non_LTR_3	Populus_deltoides	Chr5	21169431	21169575	non-LTR	SINE/tRNA
Populus_deltoides|Chr5:21169603-21169752|Homology_Non_LTR_3	Populus_deltoides	Chr5	21169603	21169752	non-LTR	SINE/tRNA
Populus_deltoides|Chr5:21390845-21391592|TIR_17	Populus_deltoides	Chr5	21390845	21391592	TIR	DNA/PIF-Harbinger
Populus_deltoides|Chr5:21391680-21391876|TIR_15	Populus_deltoides	Chr5	21391680	21391876	TIR	DNA/hAT
Populus_deltoides|Chr5:21398611-21398745|Homology_Non_LTR_3	Populus_deltoides	Chr5	21398611	21398745	non-LTR	SINE/tRNA
Populus_deltoides|Chr5:24525144-24525155|TIR_44	Populus_deltoides	Chr5	24525144	24525155	TIR	DNA/Crypton
Populus_deltoides|Chr5:24525155-24525296|TIR_1	Populus_deltoides	Chr5	24525155	24525296	TIR	DNA/TcMar
Populus_deltoides|Chr5:24525296-24525307|TIR_44	Populus_deltoides	Chr5	24525296	24525307	TIR	DNA/Crypton
Populus_deltoides|Chr5:24525429-24525567|TIR_1	Populus_deltoides	Chr5	24525429	24525567	TIR	DNA/TcMar
Populus_deltoides|Chr5:24527993-24528073|TIR_44	Populus_deltoides	Chr5	24527993	24528073	TIR	DNA/Crypton
Populus_deltoides|Chr5:24528626-24528828|TIR_15	Populus_deltoides	Chr5	24528626	24528828	TIR	DNA/hAT
Populus_deltoides|Chr5:25378028-25378749|TIR_68	Populus_deltoides	Chr5	25378028	25378749	TIR	DNA/PIF-Harbinger
Populus_deltoides|Chr5:26265734-26265887|TIR_37	Populus_deltoides	Chr5	26265734	26265887	Helitron	RC/Helitron
Populus_deltoides|Chr5:26266491-26266995|TIR_24	Populus_deltoides	Chr5	26266491	26266995	TIR	DNA/TcMar
Populus_deltoides|Chr5:26267025-26267159|TIR_40	Populus_deltoides	Chr5	26267025	26267159	TIR	DNA/hAT
Populus_deltoides|Chr6:1979256-1979435|TIR_15	Populus_deltoides	Chr6	1979256	1979435	TIR	DNA/hAT
Populus_deltoides|Chr6:1979874-1980032|TIR_3	Populus_deltoides	Chr6	1979874	1980032	TIR	DNA/hAT
Populus_deltoides|Chr6:2399113-2399251|TIR_26	Populus_deltoides	Chr6	2399113	2399251	TIR	DNA/PIF-Harbinger
Populus_deltoides|Chr6:2404466-2404563|TIR_33	Populus_deltoides	Chr6	2404466	2404563	TIR	DNA/hAT
Populus_deltoides|Chr6:4517247-4517534|TIR_41	Populus_deltoides	Chr6	4517247	4517534	TIR	DNA/other
Populus_deltoides|Chr6:4524881-4525186|TIR_16	Populus_deltoides	Chr6	4524881	4525186	TIR	DNA/CMC-EnSpm
Populus_deltoides|Chr6:4525419-4526445|TIR_29	Populus_deltoides	Chr6	4525419	4526445	TIR	DNA/CMC-EnSpm
Populus_deltoides|Chr6:6877517-6877637|TIR_1	Populus_deltoides	Chr6	6877517	6877637	TIR	DNA/TcMar
Populus_deltoides|Chr6:6877553-6877666|Denovo_Non_LTR_0	Populus_deltoides	Chr6	6877553	6877666	non-LTR	SINE/tRNA
Populus_deltoides|Chr6:6881979-6882097|TIR_59	Populus_deltoides	Chr6	6881979	6882097	TIR	DNA/other
Populus_deltoides|Chr6:9975807-9975892|TIR_52	Populus_deltoides	Chr6	9975807	9975892	TIR	DNA/TcMar
Populus_deltoides|Chr6:26280362-26280555|TIR_44	Populus_deltoides	Chr6	26280362	26280555	TIR	DNA/Crypton
Populus_deltoides|Chr6:26285320-26285513|TIR_44	Populus_deltoides	Chr6	26285320	26285513	TIR	DNA/Crypton
Populus_deltoides|Chr6:28012567-28012679|LTR_783-int	Populus_deltoides	Chr6	28012567	28012679	LTR	LTR/Gypsy
Populus_deltoides|Chr6:28012576-28013459|LTR_580-int	Populus_deltoides	Chr6	28012576	28013459	LTR	LTR/Gypsy
Populus_deltoides|Chr6:28013084-28013463|LTR_783-int	Populus_deltoides	Chr6	28013084	28013463	LTR	LTR/Gypsy
Populus_deltoides|Chr7:690863-691141|TIR_4	Populus_deltoides	Chr7	690863	691141	TIR	DNA/PIF-Harbinger
Populus_deltoides|Chr7:691613-691758|TIR_66	Populus_deltoides	Chr7	691613	691758	TIR	DNA/hAT
Populus_deltoides|Chr7:691850-692208|TIR_2	Populus_deltoides	Chr7	691850	692208	TIR	DNA/PIF-Harbinger
Populus_deltoides|Chr7:1692746-1692893|Denovo_Non_LTR_4	Populus_deltoides	Chr7	1692746	1692893	non-LTR	SINE/tRNA
Populus_deltoides|Chr7:15091443-15091652|TIR_15	Populus_deltoides	Chr7	15091443	15091652	TIR	DNA/hAT
Populus_deltoides|Chr8:1456689-1457086|LTR_458-LTR	Populus_deltoides	Chr8	1456689	1457086	LTR	LTR/Copia
Populus_deltoides|Chr8:8502981-8503193|TIR_12	Populus_deltoides	Chr8	8502981	8503193	non-LTR	SINE/tRNA
Populus_deltoides|Chr8:8502983-8503263|TIR_41	Populus_deltoides	Chr8	8502983	8503263	TIR	DNA/other
Populus_deltoides|Chr8:8505279-8505577|TIR_14	Populus_deltoides	Chr8	8505279	8505577	TIR	DNA/PIF-Harbinger
Populus_deltoides|Chr8:8507367-8508190|TIR_17	Populus_deltoides	Chr8	8507367	8508190	TIR	DNA/PIF-Harbinger
Populus_deltoides|Chr8:9462724-9462884|TIR_71	Populus_deltoides	Chr8	9462724	9462884	TIR	DNA/PIF-Harbinger
Populus_deltoides|Chr8:9462877-9463028|TIR_24	Populus_deltoides	Chr8	9462877	9463028	TIR	DNA/TcMar
Populus_deltoides|Chr8:9463092-9463193|TIR_26	Populus_deltoides	Chr8	9463092	9463193	TIR	DNA/PIF-Harbinger
Populus_deltoides|Chr8:9465653-9465791|TIR_20	Populus_deltoides	Chr8	9465653	9465791	TIR	DNA/TcMar
Populus_deltoides|Chr9:2737198-2737386|TIR_87	Populus_deltoides	Chr9	2737198	2737386	TIR	DNA/MULE
Populus_deltoides|Chr9:2742923-2742991|LTR_792-int	Populus_deltoides	Chr9	2742923	2742991	LTR	LTR/Copia
Populus_deltoides|Chr9:7292849-7292961|TIR_1	Populus_deltoides	Chr9	7292849	7292961	TIR	DNA/TcMar
Populus_deltoides|Chr9:9109716-9109879|TIR_44	Populus_deltoides	Chr9	9109716	9109879	TIR	DNA/Crypton
Populus_deltoides|Chr9:10354458-10354603|TIR_44	Populus_deltoides	Chr9	10354458	10354603	TIR	DNA/Crypton
Populus_deltoides|Chr9:10354721-10354778|TIR_7	Populus_deltoides	Chr9	10354721	10354778	TIR	DNA/CMC-EnSpm
Populus_deltoides|Chr9:10358190-10358346|TIR_44	Populus_deltoides	Chr9	10358190	10358346	TIR	DNA/Crypton
Populus_deltoides|Chr9:10358245-10358363|TIR_63	Populus_deltoides	Chr9	10358245	10358363	TIR	DNA/hAT
Populus_deltoides|Chr9:10736830-10737017|TIR_44	Populus_deltoides	Chr9	10736830	10737017	TIR	DNA/Crypton
Populus_deltoides|Chr9:10739979-10740025|LTR_0-LTR	Populus_deltoides	Chr9	10739979	10740025	LTR	LTR/Copia
Populus_deltoides|Chr9:11200227-11200243|TIR_44	Populus_deltoides	Chr9	11200227	11200243	TIR	DNA/Crypton
Populus_deltoides|Chr9:11200243-11200375|TIR_1	Populus_deltoides	Chr9	11200243	11200375	TIR	DNA/TcMar
Populus_deltoides|Chr9:11200255-11200269|TIR_87	Populus_deltoides	Chr9	11200255	11200269	TIR	DNA/MULE
Populus_deltoides|Chr9:11200269-11200375|Denovo_Non_LTR_0	Populus_deltoides	Chr9	11200269	11200375	non-LTR	SINE/tRNA
Populus_deltoides|Chr9:11200375-11200401|TIR_87	Populus_deltoides	Chr9	11200375	11200401	TIR	DNA/MULE
Populus_deltoides|Chr9:13036156-13036171|TIR_1	Populus_deltoides	Chr9	13036156	13036171	TIR	DNA/TcMar
Populus_deltoides|Scaffold_000060:0-199|TIR_15	Populus_deltoides	Scaffold_000060	0	199	TIR	DNA/hAT
Populus_deltoides|Scaffold_000060:200-356|TIR_3	Populus_deltoides	Scaffold_000060	200	356	TIR	DNA/hAT
Populus_deltoides|Scaffold_000060:3691-3777|TIR_22	Populus_deltoides	Scaffold_000060	3691	3777	TIR	DNA/hAT
Populus_deltoides|Scaffold_000224:16702-16978|TIR_41	Populus_deltoides	Scaffold_000224	16702	16978	TIR	DNA/other
Populus_deltoides|Scaffold_000224:21020-21300|TIR_41	Populus_deltoides	Scaffold_000224	21020	21300	TIR	DNA/other
Populus_deltoides|Scaffold_000224:21090-21302|TIR_12	Populus_deltoides	Scaffold_000224	21090	21302	non-LTR	SINE/tRNA
Populus_deltoides|Scaffold_000456:28404-28493|LTR_275-LTR	Populus_deltoides	Scaffold_000456	28404	28493	LTR	LTR/Gypsy
Populus_deltoides|Scaffold_000456:32710-32893|TIR_6	Populus_deltoides	Scaffold_000456	32710	32893	non-LTR	SINE/tRNA
Populus_deltoides|Scaffold_000505:19204-19261|Denovo_Non_LTR_1	Populus_deltoides	Scaffold_000505	19204	19261	non-LTR	SINE/tRNA
Populus_deltoides|Scaffold_000505:19755-19908|Denovo_Non_LTR_0	Populus_deltoides	Scaffold_000505	19755	19908	non-LTR	SINE/tRNA
Populus_deltoides|Scaffold_000505:19758-19943|TIR_44	Populus_deltoides	Scaffold_000505	19758	19943	TIR	DNA/Crypton
Populus_deltoides|Scaffold_000505:19945-20671|TIR_17	Populus_deltoides	Scaffold_000505	19945	20671	TIR	DNA/PIF-Harbinger
Populus_deltoides|Scaffold_000505:20487-20723|TIR_34	Populus_deltoides	Scaffold_000505	20487	20723	TIR	DNA/PIF-Harbinger
Populus_euphratica|Chr1:15075678-15076462|LTR_302-int	Populus_euphratica	Chr1	15075678	15076462	LTR	LTR/ERV
Populus_euphratica|Chr1:15076338-15076478|LTR_271-int	Populus_euphratica	Chr1	15076338	15076478	LTR	LTR/Gypsy
Populus_euphratica|Chr1:52544737-52545081|LTR_304-int	Populus_euphratica	Chr1	52544737	52545081	LTR	LTR/Copia
Populus_euphratica|Chr1:52545081-52545333|LTR_303-int	Populus_euphratica	Chr1	52545081	52545333	LTR	LTR/Copia
Populus_euphratica|Chr1:55938130-55939052|TIR_22	Populus_euphratica	Chr1	55938130	55939052	TIR	DNA/hAT
Populus_euphratica|Chr1:55941276-55941408|TIR_37	Populus_euphratica	Chr1	55941276	55941408	TIR	DNA/PIF-Harbinger
Populus_euphratica|Chr1:61101455-61101638|LTR_214-LTR	Populus_euphratica	Chr1	61101455	61101638	LTR	LTR/Gypsy
Populus_euphratica|Chr1:61101480-61102629|LTR_163-LTR	Populus_euphratica	Chr1	61101480	61102629	LTR	LTR/Gypsy
Populus_euphratica|Chr1:64532333-64536925|LTR_338-int	Populus_euphratica	Chr1	64532333	64536925	LTR	LTR/Gypsy
Populus_euphratica|Chr1:64536927-64537262|LTR_119-LTR	Populus_euphratica	Chr1	64536927	64537262	LTR	LTR/Gypsy
Populus_euphratica|Chr1:64539302-64539376|TIR_25	Populus_euphratica	Chr1	64539302	64539376	TIR	DNA/TcMar
Populus_euphratica|Chr1:65195980-65196125|TIR_37	Populus_euphratica	Chr1	65195980	65196125	TIR	DNA/PIF-Harbinger
Populus_euphratica|Chr1:65200728-65200924|Denovo_Non_LTR_12	Populus_euphratica	Chr1	65200728	65200924	non-LTR	SINE/tRNA
Populus_euphratica|Chr1:66293050-66293764|TIR_39	Populus_euphratica	Chr1	66293050	66293764	TIR	DNA/PIF-Harbinger
Populus_euphratica|Chr1:66295767-66295987|Denovo_Non_LTR_1	Populus_euphratica	Chr1	66295767	66295987	non-LTR	SINE/tRNA
Populus_euphratica|Chr10:1530361-1531300|LTR_13-LTR	Populus_euphratica	Chr10	1530361	1531300	LTR	LTR/Gypsy
Populus_euphratica|Chr10:3965374-3965586|Denovo_Non_LTR_8	Populus_euphratica	Chr10	3965374	3965586	non-LTR	SINE/tRNA
Populus_euphratica|Chr10:11972521-11972706|TIR_38	Populus_euphratica	Chr10	11972521	11972706	TIR	DNA/PIF-Harbinger
Populus_euphratica|Chr10:12688165-12688309|TIR_38	Populus_euphratica	Chr10	12688165	12688309	TIR	DNA/PIF-Harbinger
Populus_euphratica|Chr12:963951-964502|TIR_39	Populus_euphratica	Chr12	963951	964502	TIR	DNA/PIF-Harbinger
Populus_euphratica|Chr12:3117801-3118150|LTR_192-LTR	Populus_euphratica	Chr12	3117801	3118150	LTR	LTR/Copia
Populus_euphratica|Chr12:3118150-3121321|LTR_311-int	Populus_euphratica	Chr12	3118150	3121321	LTR	LTR/Copia
Populus_euphratica|Chr12:5832092-5832594|TIR_49	Populus_euphratica	Chr12	5832092	5832594	TIR	DNA/TcMar
Populus_euphratica|Chr12:10744268-10745797|LTR_241-int	Populus_euphratica	Chr12	10744268	10745797	LTR	LTR/Gypsy
Populus_euphratica|Chr12:10745797-10747380|LTR_233-int	Populus_euphratica	Chr12	10745797	10747380	LTR	LTR/Gypsy
Populus_euphratica|Chr13:2160399-2160764|TIR_49	Populus_euphratica	Chr13	2160399	2160764	TIR	DNA/TcMar
Populus_euphratica|Chr13:2161372-2161500|TIR_38	Populus_euphratica	Chr13	2161372	2161500	TIR	DNA/PIF-Harbinger
Populus_euphratica|Chr13:4081956-4082014|LTR_335-int	Populus_euphratica	Chr13	4081956	4082014	LTR	LTR/Copia
Populus_euphratica|Chr13:4084673-4084972|TIR_25	Populus_euphratica	Chr13	4084673	4084972	TIR	DNA/TcMar
Populus_euphratica|Chr13:4085252-4085791|LTR_63-LTR	Populus_euphratica	Chr13	4085252	4085791	LTR	LTR/Gypsy
Populus_euphratica|Chr13:8428232-8429355|LTR_25-LTR	Populus_euphratica	Chr13	8428232	8429355	LTR	LTR/ERV
Populus_euphratica|Chr13:8436076-8436119|LTR_280-int	Populus_euphratica	Chr13	8436076	8436119	LTR	LTR/Copia
Populus_euphratica|Chr13:8436306-8436416|TIR_37	Populus_euphratica	Chr13	8436306	8436416	TIR	DNA/PIF-Harbinger
Populus_euphratica|Chr13:8436906-8437871|LTR_280-int	Populus_euphratica	Chr13	8436906	8437871	LTR	LTR/Copia
Populus_euphratica|Chr13:16429202-16431225|LTR_338-int	Populus_euphratica	Chr13	16429202	16431225	LTR	LTR/Gypsy
Populus_euphratica|Chr13:20003308-20004109|LTR_246-int	Populus_euphratica	Chr13	20003308	20004109	TIR	DNA/TcMar
Populus_euphratica|Chr13:20003740-20004363|LTR_63-LTR	Populus_euphratica	Chr13	20003740	20004363	LTR	LTR/Gypsy
Populus_euphratica|Chr13:20009510-20011968|TIR_27	Populus_euphratica	Chr13	20009510	20011968	LTR	LTR/Gypsy
Populus_euphratica|Chr13:25301313-25301485|TIR_38	Populus_euphratica	Chr13	25301313	25301485	TIR	DNA/PIF-Harbinger
Populus_euphratica|Chr13:25302536-25302623|TIR_36	Populus_euphratica	Chr13	25302536	25302623	TIR	DNA/TcMar
Populus_euphratica|Chr13:25302555-25302799|TIR_24	Populus_euphratica	Chr13	25302555	25302799	TIR	DNA/other
Populus_euphratica|Chr13:25303611-25303936|TIR_42	Populus_euphratica	Chr13	25303611	25303936	TIR	DNA/hAT
Populus_euphratica|Chr14:18605567-18605770|TIR_44	Populus_euphratica	Chr14	18605567	18605770	TIR	DNA/PIF-Harbinger
Populus_euphratica|Chr15:2004620-2004742|TIR_53	Populus_euphratica	Chr15	2004620	2004742	TIR	DNA/MULE
Populus_euphratica|Chr15:2007724-2007995|LTR_332-int	Populus_euphratica	Chr15	2007724	2007995	LTR	LTR/Gypsy
Populus_euphratica|Chr15:2007995-2008232|LTR_332-int	Populus_euphratica	Chr15	2007995	2008232	LTR	LTR/Gypsy
Populus_euphratica|Chr15:2008232-2008783|LTR_332-int	Populus_euphratica	Chr15	2008232	2008783	LTR	LTR/Gypsy
Populus_euphratica|Chr15:7811130-7811297|TIR_38	Populus_euphratica	Chr15	7811130	7811297	TIR	DNA/PIF-Harbinger
Populus_euphratica|Chr15:7811858-7812562|TIR_39	Populus_euphratica	Chr15	7811858	7812562	TIR	DNA/PIF-Harbinger
Populus_euphratica|Chr15:7814646-7814865|LTR_260-int	Populus_euphratica	Chr15	7814646	7814865	TIR	DNA/TcMar
Populus_euphratica|Chr15:7814859-7815946|LTR_257-int	Populus_euphratica	Chr15	7814859	7815946	LTR	LTR/Gypsy
Populus_euphratica|Chr15:20904802-20905117|TIR_49	Populus_euphratica	Chr15	20904802	20905117	TIR	DNA/TcMar
Populus_euphratica|Chr15:20905379-20905759|TIR_2	Populus_euphratica	Chr15	20905379	20905759	TIR	DNA/PIF-Harbinger
Populus_euphratica|Chr16:1379760-1379885|TIR_8	Populus_euphratica	Chr16	1379760	1379885	TIR	DNA/hAT
Populus_euphratica|Chr16:2018047-2018209|TIR_38	Populus_euphratica	Chr16	2018047	2018209	TIR	DNA/PIF-Harbinger
Populus_euphratica|Chr16:2024173-2024361|Denovo_Non_LTR_5	Populus_euphratica	Chr16	2024173	2024361	non-LTR	SINE/tRNA
Populus_euphratica|Chr16:2026520-2026813|TIR_39	Populus_euphratica	Chr16	2026520	2026813	TIR	DNA/PIF-Harbinger
Populus_euphratica|Chr16:2027810-2028159|TIR_49	Populus_euphratica	Chr16	2027810	2028159	TIR	DNA/TcMar
Populus_euphratica|Chr16:13785863-13786280|TIR_49	Populus_euphratica	Chr16	13785863	13786280	TIR	DNA/TcMar
Populus_euphratica|Chr17:1643253-1643475|TIR_24	Populus_euphratica	Chr17	1643253	1643475	TIR	DNA/other
Populus_euphratica|Chr17:1644581-1645043|LTR_47-LTR	Populus_euphratica	Chr17	1644581	1645043	LTR	LTR/Copia
Populus_euphratica|Chr17:1645043-1649808|LTR_238-int	Populus_euphratica	Chr17	1645043	1649808	LTR	LTR/Copia
Populus_euphratica|Chr19:5215840-5216006|TIR_38	Populus_euphratica	Chr19	5215840	5216006	TIR	DNA/PIF-Harbinger
Populus_euphratica|Chr2:2018554-2018735|TIR_38	Populus_euphratica	Chr2	2018554	2018735	TIR	DNA/PIF-Harbinger
Populus_euphratica|Chr2:2019882-2019998|TIR_25	Populus_euphratica	Chr2	2019882	2019998	TIR	DNA/TcMar
Populus_euphratica|Chr2:17512986-17513158|LTR_164-LTR	Populus_euphratica	Chr2	17512986	17513158	LTR	LTR/Gypsy
Populus_euphratica|Chr3:21332724-21332876|TIR_38	Populus_euphratica	Chr3	21332724	21332876	TIR	DNA/PIF-Harbinger
Populus_euphratica|Chr4:7035087-7036726|LTR_31-LTR	Populus_euphratica	Chr4	7035087	7036726	LTR	LTR/Gypsy
Populus_euphratica|Chr4:7036726-7037305|LTR_297-int	Populus_euphratica	Chr4	7036726	7037305	LTR	LTR/Copia
Populus_euphratica|Chr4:7037583-7037783|LTR_329-int	Populus_euphratica	Chr4	7037583	7037783	LTR	LTR/Copia
Populus_euphratica|Chr4:33769166-33769922|TIR_39	Populus_euphratica	Chr4	33769166	33769922	TIR	DNA/PIF-Harbinger
Populus_euphratica|Chr4:35296362-35296553|Denovo_Non_LTR_5	Populus_euphratica	Chr4	35296362	35296553	non-LTR	SINE/tRNA
Populus_euphratica|Chr4:35296639-35297364|TIR_39	Populus_euphratica	Chr4	35296639	35297364	TIR	DNA/PIF-Harbinger
Populus_euphratica|Chr4:35298537-35298719|TIR_44	Populus_euphratica	Chr4	35298537	35298719	TIR	DNA/PIF-Harbinger
Populus_euphratica|Chr5:5818398-5818595|Denovo_Non_LTR_1	Populus_euphratica	Chr5	5818398	5818595	non-LTR	SINE/tRNA
Populus_euphratica|Chr5:5818500-5818614|LTR_322-int	Populus_euphratica	Chr5	5818500	5818614	non-LTR	LINE/L1
Populus_euphratica|Chr5:28909923-28910010|TIR_44	Populus_euphratica	Chr5	28909923	28910010	TIR	DNA/PIF-Harbinger
Populus_euphratica|Chr5:28910491-28910584|Denovo_Non_LTR_3	Populus_euphratica	Chr5	28910491	28910584	non-LTR	SINE/tRNA
Populus_euphratica|Chr6:3344277-3344541|LTR_51-LTR	Populus_euphratica	Chr6	3344277	3344541	LTR	LTR/Gypsy
Populus_euphratica|Chr6:3344716-3345342|LTR_51-LTR	Populus_euphratica	Chr6	3344716	3345342	LTR	LTR/Gypsy
Populus_euphratica|Chr6:3345991-3346345|TIR_1	Populus_euphratica	Chr6	3345991	3346345	TIR	DNA/hAT
Populus_euphratica|Chr6:5625304-5625450|TIR_38	Populus_euphratica	Chr6	5625304	5625450	TIR	DNA/PIF-Harbinger
Populus_euphratica|Chr7:2966148-2966695|LTR_332-int	Populus_euphratica	Chr7	2966148	2966695	LTR	LTR/Gypsy
Populus_euphratica|Chr7:2966790-2966944|TIR_22	Populus_euphratica	Chr7	2966790	2966944	TIR	DNA/hAT
Populus_euphratica|Chr7:4749229-4749298|LTR_69-LTR	Populus_euphratica	Chr7	4749229	4749298	LTR	LTR/Gypsy
Populus_euphratica|Chr7:4749327-4749499|LTR_69-LTR	Populus_euphratica	Chr7	4749327	4749499	LTR	LTR/Gypsy
Populus_euphratica|Chr7:16590299-16590412|LTR_250-int	Populus_euphratica	Chr7	16590299	16590412	LTR	LTR/Gypsy
Populus_euphratica|Chr7:21630752-21631135|TIR_2	Populus_euphratica	Chr7	21630752	21631135	TIR	DNA/PIF-Harbinger
Populus_euphratica|Chr7:21635663-21636477|TIR_19	Populus_euphratica	Chr7	21635663	21636477	TIR	DNA/hAT
Populus_euphratica|Chr8:8270588-8270903|TIR_45	Populus_euphratica	Chr8	8270588	8270903	TIR	DNA/TcMar
Populus_euphratica|Chr8:8271060-8271208|TIR_45	Populus_euphratica	Chr8	8271060	8271208	TIR	DNA/TcMar
Populus_euphratica|Chr8:11458609-11459168|TIR_22	Populus_euphratica	Chr8	11458609	11459168	TIR	DNA/hAT
Populus_euphratica|Chr8:11459164-11459980|TIR_39	Populus_euphratica	Chr8	11459164	11459980	TIR	DNA/PIF-Harbinger
Populus_euphratica|Chr8:11460007-11460473|TIR_22	Populus_euphratica	Chr8	11460007	11460473	TIR	DNA/hAT
Populus_euphratica|Chr8:11460605-11461214|TIR_22	Populus_euphratica	Chr8	11460605	11461214	TIR	DNA/hAT
Populus_euphratica|Chr9:2559792-2560373|TIR_39	Populus_euphratica	Chr9	2559792	2560373	TIR	DNA/PIF-Harbinger
Populus_euphratica|Chr9:6553331-6553612|LTR_241-int	Populus_euphratica	Chr9	6553331	6553612	LTR	LTR/Gypsy
Populus_euphratica|Chr9:8741293-8741484|TIR_44	Populus_euphratica	Chr9	8741293	8741484	TIR	DNA/PIF-Harbinger
Populus_euphratica|Chr9:8741529-8741732|TIR_38	Populus_euphratica	Chr9	8741529	8741732	TIR	DNA/PIF-Harbinger
Populus_euphratica|Chr9:19383143-19383269|TIR_38	Populus_euphratica	Chr9	19383143	19383269	TIR	DNA/PIF-Harbinger
Populus_euphratica|Chr9:19387194-19387321|TIR_2	Populus_euphratica	Chr9	19387194	19387321	TIR	DNA/PIF-Harbinger
Populus_euphratica|Scaffold_000581:15879-17517|LTR_267-int	Populus_euphratica	Scaffold_000581	15879	17517	LTR	LTR/Copia
Populus_ilicifolia|Chr1:362284-362497|TIR_17	Populus_ilicifolia	Chr1	362284	362497	TIR	DNA/PIF-Harbinger
Populus_ilicifolia|Chr1:363079-363292|TIR_17	Populus_ilicifolia	Chr1	363079	363292	TIR	DNA/PIF-Harbinger
Populus_ilicifolia|Chr1:363792-363968|TIR_4	Populus_ilicifolia	Chr1	363792	363968	TIR	DNA/TcMar
Populus_ilicifolia|Chr1:1548412-1548570|TIR_18	Populus_ilicifolia	Chr1	1548412	1548570	TIR	DNA/TcMar
Populus_ilicifolia|Chr1:2366615-2366689|LTR_187-int	Populus_ilicifolia	Chr1	2366615	2366689	LTR	LTR/Copia
Populus_ilicifolia|Chr1:10658185-10658209|LTR_186-int	Populus_ilicifolia	Chr1	10658185	10658209	LTR	LTR/Copia
Populus_ilicifolia|Chr1:10658209-10658332|TIR_17	Populus_ilicifolia	Chr1	10658209	10658332	TIR	DNA/PIF-Harbinger
Populus_ilicifolia|Chr1:13599787-13600265|LTR_194-int	Populus_ilicifolia	Chr1	13599787	13600265	LTR	LTR/Copia
Populus_ilicifolia|Chr1:37520178-37520303|TIR_41	Populus_ilicifolia	Chr1	37520178	37520303	LTR	LTR/Gypsy
Populus_ilicifolia|Chr10:397710-397808|TIR_9	Populus_ilicifolia	Chr10	397710	397808	TIR	DNA/CMC-EnSpm
Populus_ilicifolia|Chr10:403993-404137|TIR_38	Populus_ilicifolia	Chr10	403993	404137	LTR	LTR/Gypsy
Populus_ilicifolia|Chr10:404179-405600|TIR_48	Populus_ilicifolia	Chr10	404179	405600	LTR	LTR/Gypsy
Populus_ilicifolia|Chr10:13871277-13871455|Denovo_Non_LTR_7	Populus_ilicifolia	Chr10	13871277	13871455	non-LTR	SINE/tRNA
Populus_ilicifolia|Chr10:20312722-20312863|TIR_4	Populus_ilicifolia	Chr10	20312722	20312863	TIR	DNA/TcMar
Populus_ilicifolia|Chr10:20322592-20322806|Denovo_Non_LTR_7	Populus_ilicifolia	Chr10	20322592	20322806	non-LTR	SINE/tRNA
Populus_ilicifolia|Chr10:20327886-20328071|TIR_4	Populus_ilicifolia	Chr10	20327886	20328071	TIR	DNA/TcMar
Populus_ilicifolia|Chr13:2929222-2929399|TIR_4	Populus_ilicifolia	Chr13	2929222	2929399	TIR	DNA/TcMar
Populus_ilicifolia|Chr13:2929454-2929578|TIR_4	Populus_ilicifolia	Chr13	2929454	2929578	TIR	DNA/TcMar
Populus_ilicifolia|Chr13:8930547-8930670|TIR_3	Populus_ilicifolia	Chr13	8930547	8930670	TIR	DNA/hAT
Populus_ilicifolia|Chr13:8932974-8933277|TIR_39	Populus_ilicifolia	Chr13	8932974	8933277	TIR	DNA/MULE
Populus_ilicifolia|Chr13:15033852-15033991|TIR_4	Populus_ilicifolia	Chr13	15033852	15033991	TIR	DNA/TcMar
Populus_ilicifolia|Chr14:309854-310108|TIR_1	Populus_ilicifolia	Chr14	309854	310108	TIR	DNA/other
Populus_ilicifolia|Chr14:310501-310697|Denovo_Non_LTR_6	Populus_ilicifolia	Chr14	310501	310697	non-LTR	SINE/tRNA
Populus_ilicifolia|Chr14:5934647-5934810|TIR_15	Populus_ilicifolia	Chr14	5934647	5934810	TIR	DNA/PIF-Harbinger
Populus_ilicifolia|Chr14:5938659-5938782|TIR_31	Populus_ilicifolia	Chr14	5938659	5938782	TIR	DNA/hAT
Populus_ilicifolia|Chr14:5938683-5938873|LTR_186-int	Populus_ilicifolia	Chr14	5938683	5938873	LTR	LTR/Copia
Populus_ilicifolia|Chr14:5939037-5939209|TIR_4	Populus_ilicifolia	Chr14	5939037	5939209	TIR	DNA/TcMar
Populus_ilicifolia|Chr14:7957119-7957270|TIR_4	Populus_ilicifolia	Chr14	7957119	7957270	TIR	DNA/TcMar
Populus_ilicifolia|Chr14:7960367-7960531|TIR_4	Populus_ilicifolia	Chr14	7960367	7960531	TIR	DNA/TcMar
Populus_ilicifolia|Chr14:7960632-7960810|TIR_4	Populus_ilicifolia	Chr14	7960632	7960810	TIR	DNA/TcMar
Populus_ilicifolia|Chr15:5637509-5637798|TIR_20	Populus_ilicifolia	Chr15	5637509	5637798	LTR	LTR/ERV
Populus_ilicifolia|Chr16:1388641-1388732|LTR_187-int	Populus_ilicifolia	Chr16	1388641	1388732	LTR	LTR/Copia
Populus_ilicifolia|Chr16:1389201-1389354|LTR_64-LTR	Populus_ilicifolia	Chr16	1389201	1389354	LTR	LTR/Gypsy
Populus_ilicifolia|Chr18:1931711-1931852|TIR_4	Populus_ilicifolia	Chr18	1931711	1931852	TIR	DNA/TcMar
Populus_ilicifolia|Chr18:1932965-1933536|TIR_12	Populus_ilicifolia	Chr18	1932965	1933536	TIR	DNA/TcMar
Populus_ilicifolia|Chr2:1968507-1968695|TIR_4	Populus_ilicifolia	Chr2	1968507	1968695	TIR	DNA/TcMar
Populus_ilicifolia|Chr2:2845805-2845999|Denovo_Non_LTR_7	Populus_ilicifolia	Chr2	2845805	2845999	non-LTR	SINE/tRNA
Populus_ilicifolia|Chr2:6456973-6457032|TIR_29	Populus_ilicifolia	Chr2	6456973	6457032	TIR	DNA/TcMar
Populus_ilicifolia|Chr2:6457923-6458132|Denovo_Non_LTR_4	Populus_ilicifolia	Chr2	6457923	6458132	non-LTR	SINE/tRNA
Populus_ilicifolia|Chr2:6458198-6458331|LTR_186-int	Populus_ilicifolia	Chr2	6458198	6458331	LTR	LTR/Copia
Populus_ilicifolia|Chr2:6458331-6458347|TIR_4	Populus_ilicifolia	Chr2	6458331	6458347	TIR	DNA/TcMar
Populus_ilicifolia|Chr2:8689169-8689361|Denovo_Non_LTR_6	Populus_ilicifolia	Chr2	8689169	8689361	non-LTR	SINE/tRNA
Populus_ilicifolia|Chr2:8690387-8690500|TIR_4	Populus_ilicifolia	Chr2	8690387	8690500	TIR	DNA/TcMar
Populus_ilicifolia|Chr2:9372611-9372779|TIR_2	Populus_ilicifolia	Chr2	9372611	9372779	TIR	DNA/hAT
Populus_ilicifolia|Chr2:9372813-9372908|TIR_3	Populus_ilicifolia	Chr2	9372813	9372908	TIR	DNA/hAT
Populus_ilicifolia|Chr2:9372934-9373130|TIR_4	Populus_ilicifolia	Chr2	9372934	9373130	TIR	DNA/TcMar
Populus_ilicifolia|Chr2:12493515-12493605|TIR_12	Populus_ilicifolia	Chr2	12493515	12493605	TIR	DNA/TcMar
Populus_ilicifolia|Chr2:12493605-12493932|TIR_15	Populus_ilicifolia	Chr2	12493605	12493932	TIR	DNA/PIF-Harbinger
Populus_ilicifolia|Chr2:15383926-15384093|TIR_4	Populus_ilicifolia	Chr2	15383926	15384093	TIR	DNA/TcMar
Populus_ilicifolia|Chr2:15387181-15387379|Denovo_Non_LTR_6	Populus_ilicifolia	Chr2	15387181	15387379	non-LTR	SINE/tRNA
Populus_ilicifolia|Chr3:11121244-11121436|TIR_18	Populus_ilicifolia	Chr3	11121244	11121436	TIR	DNA/TcMar
Populus_ilicifolia|Chr3:19025521-19025718|TIR_4	Populus_ilicifolia	Chr3	19025521	19025718	TIR	DNA/TcMar
Populus_ilicifolia|Chr4:11016946-11017480|LTR_56-LTR	Populus_ilicifolia	Chr4	11016946	11017480	LTR	LTR/Copia
Populus_ilicifolia|Chr4:16375158-16375336|TIR_4	Populus_ilicifolia	Chr4	16375158	16375336	TIR	DNA/TcMar
Populus_ilicifolia|Chr4:16375336-16375386|LTR_186-int	Populus_ilicifolia	Chr4	16375336	16375386	LTR	LTR/Copia
Populus_ilicifolia|Chr4:18311442-18312055|TIR_12	Populus_ilicifolia	Chr4	18311442	18312055	TIR	DNA/TcMar
Populus_ilicifolia|Chr4:18817658-18817804|LTR_186-int	Populus_ilicifolia	Chr4	18817658	18817804	LTR	LTR/Copia
Populus_ilicifolia|Chr4:22752614-22752792|LTR_187-int	Populus_ilicifolia	Chr4	22752614	22752792	LTR	LTR/Copia
Populus_ilicifolia|Chr5:2735626-2735806|Denovo_Non_LTR_7	Populus_ilicifolia	Chr5	2735626	2735806	non-LTR	SINE/tRNA
Populus_ilicifolia|Chr5:2742055-2742745|LTR_56-LTR	Populus_ilicifolia	Chr5	2742055	2742745	LTR	LTR/Copia
Populus_ilicifolia|Chr5:4983505-4983689|Denovo_Non_LTR_7	Populus_ilicifolia	Chr5	4983505	4983689	non-LTR	SINE/tRNA
Populus_ilicifolia|Chr5:4986239-4986373|LTR_186-int	Populus_ilicifolia	Chr5	4986239	4986373	LTR	LTR/Copia
Populus_ilicifolia|Chr5:7928545-7928809|TIR_5	Populus_ilicifolia	Chr5	7928545	7928809	TIR	DNA/other
Populus_ilicifolia|Chr5:7931022-7931128|TIR_4	Populus_ilicifolia	Chr5	7931022	7931128	TIR	DNA/TcMar
Populus_ilicifolia|Chr5:7931046-7931145|TIR_7	Populus_ilicifolia	Chr5	7931046	7931145	TIR	DNA/TcMar
Populus_ilicifolia|Chr5:8630254-8630473|TIR_17	Populus_ilicifolia	Chr5	8630254	8630473	TIR	DNA/PIF-Harbinger
Populus_ilicifolia|Chr5:18543889-18543980|TIR_33	Populus_ilicifolia	Chr5	18543889	18543980	TIR	DNA/TcMar
Populus_ilicifolia|Chr5:18544014-18544215|TIR_33	Populus_ilicifolia	Chr5	18544014	18544215	TIR	DNA/TcMar
Populus_ilicifolia|Chr5:18548879-18549166|TIR_12	Populus_ilicifolia	Chr5	18548879	18549166	TIR	DNA/TcMar
Populus_ilicifolia|Chr5:18786505-18786635|TIR_4	Populus_ilicifolia	Chr5	18786505	18786635	TIR	DNA/TcMar
Populus_ilicifolia|Chr5:18787759-18787865|TIR_31	Populus_ilicifolia	Chr5	18787759	18787865	TIR	DNA/hAT
Populus_ilicifolia|Chr5:21848515-21848639|LTR_186-int	Populus_ilicifolia	Chr5	21848515	21848639	LTR	LTR/Copia
Populus_ilicifolia|Chr5:21851074-21851256|TIR_4	Populus_ilicifolia	Chr5	21851074	21851256	TIR	DNA/TcMar
Populus_ilicifolia|Chr5:23592733-23592894|TIR_12	Populus_ilicifolia	Chr5	23592733	23592894	TIR	DNA/TcMar
Populus_ilicifolia|Chr5:23592837-23592996|TIR_15	Populus_ilicifolia	Chr5	23592837	23592996	TIR	DNA/PIF-Harbinger
Populus_ilicifolia|Chr5:23592896-23593649|TIR_12	Populus_ilicifolia	Chr5	23592896	23593649	TIR	DNA/TcMar
Populus_ilicifolia|Chr6:1964562-1964675|TIR_4	Populus_ilicifolia	Chr6	1964562	1964675	TIR	DNA/TcMar
Populus_ilicifolia|Chr6:3936895-3937198|TIR_9	Populus_ilicifolia	Chr6	3936895	3937198	TIR	DNA/CMC-EnSpm
Populus_ilicifolia|Chr6:3937440-3937584|TIR_38	Populus_ilicifolia	Chr6	3937440	3937584	LTR	LTR/Gypsy
Populus_ilicifolia|Chr6:5928155-5928259|TIR_4	Populus_ilicifolia	Chr6	5928155	5928259	TIR	DNA/TcMar
Populus_ilicifolia|Chr6:23390790-23391186|TIR_12	Populus_ilicifolia	Chr6	23390790	23391186	TIR	DNA/TcMar
Populus_ilicifolia|Chr6:25029397-25030492|TIR_15	Populus_ilicifolia	Chr6	25029397	25030492	TIR	DNA/PIF-Harbinger
Populus_ilicifolia|Chr7:498105-499504|TIR_20	Populus_ilicifolia	Chr7	498105	499504	LTR	LTR/ERV
Populus_ilicifolia|Chr7:499464-499627|TIR_38	Populus_ilicifolia	Chr7	499464	499627	LTR	LTR/Gypsy
Populus_ilicifolia|Chr7:499515-499659|LTR_174-int	Populus_ilicifolia	Chr7	499515	499659	LTR	LTR/Copia
Populus_ilicifolia|Chr7:10347157-10347268|LTR_186-int	Populus_ilicifolia	Chr7	10347157	10347268	LTR	LTR/Copia
Populus_ilicifolia|Chr7:10349474-10349626|TIR_12	Populus_ilicifolia	Chr7	10349474	10349626	TIR	DNA/TcMar
Populus_ilicifolia|Chr7:10350909-10351039|LTR_186-int	Populus_ilicifolia	Chr7	10350909	10351039	LTR	LTR/Copia
Populus_ilicifolia|Chr7:10351712-10351784|TIR_4	Populus_ilicifolia	Chr7	10351712	10351784	TIR	DNA/TcMar
Populus_ilicifolia|Chr7:10352366-10352538|TIR_16	Populus_ilicifolia	Chr7	10352366	10352538	TIR	DNA/other
Populus_ilicifolia|Chr7:10352538-10352602|TIR_5	Populus_ilicifolia	Chr7	10352538	10352602	TIR	DNA/other
Populus_ilicifolia|Chr7:10355923-10356093|TIR_4	Populus_ilicifolia	Chr7	10355923	10356093	TIR	DNA/TcMar
Populus_ilicifolia|Chr7:10356712-10358322|TIR_20	Populus_ilicifolia	Chr7	10356712	10358322	LTR	LTR/ERV
Populus_ilicifolia|Chr7:10359269-10359356|TIR_4	Populus_ilicifolia	Chr7	10359269	10359356	TIR	DNA/TcMar
Populus_ilicifolia|Chr7:10362832-10362967|TIR_4	Populus_ilicifolia	Chr7	10362832	10362967	TIR	DNA/TcMar
Populus_ilicifolia|Chr7:10370118-10370293|Denovo_Non_LTR_6	Populus_ilicifolia	Chr7	10370118	10370293	non-LTR	SINE/tRNA
Populus_ilicifolia|Chr7:10372757-10372838|TIR_18	Populus_ilicifolia	Chr7	10372757	10372838	TIR	DNA/TcMar
Populus_ilicifolia|Chr7:10376281-10376471|TIR_4	Populus_ilicifolia	Chr7	10376281	10376471	TIR	DNA/TcMar
Populus_ilicifolia|Chr7:10377156-10377973|TIR_20	Populus_ilicifolia	Chr7	10377156	10377973	LTR	LTR/ERV
Populus_ilicifolia|Chr7:10377991-10378057|TIR_38	Populus_ilicifolia	Chr7	10377991	10378057	LTR	LTR/Gypsy
Populus_ilicifolia|Chr7:10380554-10380694|TIR_4	Populus_ilicifolia	Chr7	10380554	10380694	TIR	DNA/TcMar
Populus_ilicifolia|Chr7:10386397-10386588|TIR_4	Populus_ilicifolia	Chr7	10386397	10386588	TIR	DNA/TcMar
Populus_ilicifolia|Chr8:799945-800581|TIR_12	Populus_ilicifolia	Chr8	799945	800581	TIR	DNA/TcMar
Populus_ilicifolia|Chr8:6632181-6632379|TIR_5	Populus_ilicifolia	Chr8	6632181	6632379	TIR	DNA/other
Populus_ilicifolia|Chr8:7485167-7485326|TIR_4	Populus_ilicifolia	Chr8	7485167	7485326	TIR	DNA/TcMar
Populus_ilicifolia|Chr9:3146819-3147333|TIR_21	Populus_ilicifolia	Chr9	3146819	3147333	TIR	DNA/PIF-Harbinger
Populus_ilicifolia|Chr9:3147398-3147530|TIR_21	Populus_ilicifolia	Chr9	3147398	3147530	TIR	DNA/PIF-Harbinger
Populus_ilicifolia|Chr9:7145368-7145540|TIR_4	Populus_ilicifolia	Chr9	7145368	7145540	TIR	DNA/TcMar
Populus_ilicifolia|Chr9:7145547-7145741|TIR_17	Populus_ilicifolia	Chr9	7145547	7145741	TIR	DNA/PIF-Harbinger
Populus_ilicifolia|Chr9:7154632-7154719|Denovo_Non_LTR_3	Populus_ilicifolia	Chr9	7154632	7154719	non-LTR	SINE/tRNA
Populus_ilicifolia|Chr9:7154755-7154942|Denovo_Non_LTR_6	Populus_ilicifolia	Chr9	7154755	7154942	non-LTR	SINE/tRNA
Populus_ilicifolia|Chr9:8853351-8853547|Denovo_Non_LTR_2	Populus_ilicifolia	Chr9	8853351	8853547	non-LTR	SINE/tRNA
Populus_ilicifolia|Chr9:10431296-10431331|LTR_3-LTR	Populus_ilicifolia	Chr9	10431296	10431331	LTR	LTR/Copia
Populus_ilicifolia|Chr9:10955948-10956135|TIR_4	Populus_ilicifolia	Chr9	10955948	10956135	TIR	DNA/TcMar
Populus_koreana|Chr1:11258239-11258700|LTR_644-int	Populus_koreana	Chr1	11258239	11258700	LTR	LTR/Copia
Populus_koreana|Chr1:11258751-11258928|LTR_644-int	Populus_koreana	Chr1	11258751	11258928	LTR	LTR/Copia
Populus_koreana|Chr1:11259050-11259122|TIR_138	Populus_koreana	Chr1	11259050	11259122	TIR	DNA/CMC-EnSpm
Populus_koreana|Chr1:11618232-11618485|TIR_138	Populus_koreana	Chr1	11618232	11618485	TIR	DNA/CMC-EnSpm
Populus_koreana|Chr1:11618264-11618561|LTR_644-int	Populus_koreana	Chr1	11618264	11618561	LTR	LTR/Copia
Populus_koreana|Chr1:28161612-28162167|TIR_138	Populus_koreana	Chr1	28161612	28162167	TIR	DNA/CMC-EnSpm
Populus_koreana|Chr1:37023309-37024028|LTR_754-int	Populus_koreana	Chr1	37023309	37024028	LTR	LTR/Copia
Populus_koreana|Chr1:40013774-40013862|LTR_644-int	Populus_koreana	Chr1	40013774	40013862	LTR	LTR/Copia
Populus_koreana|Chr1:40013862-40014028|TIR_145	Populus_koreana	Chr1	40013862	40014028	TIR	DNA/hAT
Populus_koreana|Chr1:40014510-40014791|TIR_19	Populus_koreana	Chr1	40014510	40014791	TIR	DNA/hAT
Populus_koreana|Chr1:40014791-40014895|Denovo_Non_LTR_10	Populus_koreana	Chr1	40014791	40014895	TIR	DNA/TcMar
Populus_koreana|Chr1:40015984-40016139|Denovo_Non_LTR_14	Populus_koreana	Chr1	40015984	40016139	LTR	LTR/other
Populus_koreana|Chr1:40016139-40016158|TIR_44	Populus_koreana	Chr1	40016139	40016158	TIR	DNA/PIF-Harbinger
Populus_koreana|Chr1:40022568-40023267|TIR_138	Populus_koreana	Chr1	40022568	40023267	TIR	DNA/CMC-EnSpm
Populus_koreana|Chr1:45116095-45116216|TIR_37	Populus_koreana	Chr1	45116095	45116216	non-LTR	LINE/L1
Populus_koreana|Chr1:45120531-45121018|LTR_644-int	Populus_koreana	Chr1	45120531	45121018	LTR	LTR/Copia
Populus_koreana|Chr1:45121074-45121506|LTR_644-int	Populus_koreana	Chr1	45121074	45121506	LTR	LTR/Copia
Populus_koreana|Chr1:48745703-48745781|LTR_819-int	Populus_koreana	Chr1	48745703	48745781	LTR	LTR/Copia
Populus_koreana|Chr10:479237-479287|TIR_26	Populus_koreana	Chr10	479237	479287	TIR	DNA/hAT
Populus_koreana|Chr10:6656408-6656648|TIR_28	Populus_koreana	Chr10	6656408	6656648	TIR	DNA/other
Populus_koreana|Chr10:6658496-6658673|TIR_1	Populus_koreana	Chr10	6658496	6658673	TIR	DNA/hAT
Populus_koreana|Chr10:7553206-7553235|LTR_644-int	Populus_koreana	Chr10	7553206	7553235	LTR	LTR/Copia
Populus_koreana|Chr10:7553233-7553370|TIR_1	Populus_koreana	Chr10	7553233	7553370	TIR	DNA/hAT
Populus_koreana|Chr10:7553235-7553389|Denovo_Non_LTR_10	Populus_koreana	Chr10	7553235	7553389	TIR	DNA/TcMar
Populus_koreana|Chr10:7553380-7553536|Denovo_Non_LTR_14	Populus_koreana	Chr10	7553380	7553536	LTR	LTR/other
Populus_koreana|Chr10:7553409-7553569|TIR_1	Populus_koreana	Chr10	7553409	7553569	TIR	DNA/hAT
Populus_koreana|Chr11:14987114-14987237|LTR_152-LTR	Populus_koreana	Chr11	14987114	14987237	LTR	LTR/Gypsy
Populus_koreana|Chr11:14992155-14992279|TIR_37	Populus_koreana	Chr11	14992155	14992279	non-LTR	LINE/L1
Populus_koreana|Chr11:17502032-17502351|TIR_130	Populus_koreana	Chr11	17502032	17502351	TIR	DNA/hAT
Populus_koreana|Chr11:17502351-17502984|LTR_644-int	Populus_koreana	Chr11	17502351	17502984	LTR	LTR/Copia
Populus_koreana|Chr11:17507109-17507281|Denovo_Non_LTR_15	Populus_koreana	Chr11	17507109	17507281	non-LTR	SINE/tRNA
Populus_koreana|Chr11:17507624-17507807|TIR_50	Populus_koreana	Chr11	17507624	17507807	TIR	DNA/hAT
Populus_koreana|Chr11:17508208-17508371|TIR_48	Populus_koreana	Chr11	17508208	17508371	TIR	DNA/hAT
Populus_koreana|Chr12:14514060-14517043|LTR_964-int	Populus_koreana	Chr12	14514060	14517043	LTR	LTR/Gypsy
Populus_koreana|Chr12:14517045-14518181|LTR_11-LTR	Populus_koreana	Chr12	14517045	14518181	LTR	LTR/Gypsy
Populus_koreana|Chr12:14518179-14518217|LTR_11-LTR	Populus_koreana	Chr12	14518179	14518217	LTR	LTR/Gypsy
Populus_koreana|Chr12:14518616-14519181|LTR_471-LTR	Populus_koreana	Chr12	14518616	14519181	LTR	LTR/Gypsy
Populus_koreana|Chr12:14519275-14519862|LTR_471-LTR	Populus_koreana	Chr12	14519275	14519862	LTR	LTR/Gypsy
Populus_koreana|Chr12:14519862-14520136|TIR_17	Populus_koreana	Chr12	14519862	14520136	TIR	DNA/CMC-EnSpm
Populus_koreana|Chr13:3014231-3014339|TIR_48	Populus_koreana	Chr13	3014231	3014339	TIR	DNA/hAT
Populus_koreana|Chr13:3014386-3014549|TIR_1	Populus_koreana	Chr13	3014386	3014549	TIR	DNA/hAT
Populus_koreana|Chr13:3014613-3014806|TIR_48	Populus_koreana	Chr13	3014613	3014806	TIR	DNA/hAT
Populus_koreana|Chr13:9505409-9505537|TIR_15	Populus_koreana	Chr13	9505409	9505537	non-LTR	SINE/tRNA
Populus_koreana|Chr13:9505439-9505541|TIR_5	Populus_koreana	Chr13	9505439	9505541	TIR	DNA/hAT
Populus_koreana|Chr13:13910915-13911022|LTR_644-int	Populus_koreana	Chr13	13910915	13911022	LTR	LTR/Copia
Populus_koreana|Chr13:16215177-16215361|TIR_50	Populus_koreana	Chr13	16215177	16215361	TIR	DNA/hAT
Populus_koreana|Chr13:16218844-16218990|TIR_37	Populus_koreana	Chr13	16218844	16218990	non-LTR	LINE/L1
Populus_koreana|Chr13:16218861-16219016|Denovo_Non_LTR_14	Populus_koreana	Chr13	16218861	16219016	LTR	LTR/other
Populus_koreana|Chr13:16220568-16220810|TIR_60	Populus_koreana	Chr13	16220568	16220810	TIR	DNA/PIF-Harbinger
Populus_koreana|Chr14:2079010-2079709|TIR_138	Populus_koreana	Chr14	2079010	2079709	TIR	DNA/CMC-EnSpm
Populus_koreana|Chr14:2079560-2079814|LTR_644-int	Populus_koreana	Chr14	2079560	2079814	LTR	LTR/Copia
Populus_koreana|Chr14:2083660-2083862|TIR_48	Populus_koreana	Chr14	2083660	2083862	TIR	DNA/hAT
Populus_koreana|Chr14:2083986-2084154|Denovo_Non_LTR_10	Populus_koreana	Chr14	2083986	2084154	TIR	DNA/TcMar
Populus_koreana|Chr14:2084154-2084175|LTR_644-int	Populus_koreana	Chr14	2084154	2084175	LTR	LTR/Copia
Populus_koreana|Chr15:1727789-1727940|LTR_317-LTR	Populus_koreana	Chr15	1727789	1727940	LTR	LTR/Gypsy
Populus_koreana|Chr15:2219053-2219178|LTR_644-int	Populus_koreana	Chr15	2219053	2219178	LTR	LTR/Copia
Populus_koreana|Chr15:2219054-2219077|TIR_50	Populus_koreana	Chr15	2219054	2219077	TIR	DNA/hAT
Populus_koreana|Chr15:2219077-2219178|Denovo_Non_LTR_14	Populus_koreana	Chr15	2219077	2219178	LTR	LTR/other
Populus_koreana|Chr15:2219178-2219214|Denovo_Non_LTR_10	Populus_koreana	Chr15	2219178	2219214	TIR	DNA/TcMar
Populus_koreana|Chr15:3669808-3670625|TIR_60	Populus_koreana	Chr15	3669808	3670625	TIR	DNA/PIF-Harbinger
Populus_koreana|Chr15:3679266-3679576|TIR_27	Populus_koreana	Chr15	3679266	3679576	TIR	DNA/CMC-EnSpm
Populus_koreana|Chr15:3679651-3679691|TIR_27	Populus_koreana	Chr15	3679651	3679691	TIR	DNA/CMC-EnSpm
Populus_koreana|Chr17:13138086-13138253|TIR_55	Populus_koreana	Chr17	13138086	13138253	TIR	DNA/hAT
Populus_koreana|Chr17:13138112-13138308|TIR_118	Populus_koreana	Chr17	13138112	13138308	TIR	DNA/PIF-Harbinger
Populus_koreana|Chr17:13897856-13897989|Denovo_Non_LTR_0	Populus_koreana	Chr17	13897856	13897989	non-LTR	SINE/tRNA
Populus_koreana|Chr17:13899189-13899394|TIR_22	Populus_koreana	Chr17	13899189	13899394	TIR	DNA/PIF-Harbinger
Populus_koreana|Chr17:14928902-14929194|TIR_28	Populus_koreana	Chr17	14928902	14929194	TIR	DNA/other
Populus_koreana|Chr17:14929194-14929492|TIR_19	Populus_koreana	Chr17	14929194	14929492	TIR	DNA/hAT
Populus_koreana|Chr18:49944-50950|LTR_430-LTR	Populus_koreana	Chr18	49944	50950	LTR	LTR/Gypsy
Populus_koreana|Chr18:9524211-9524377|Denovo_Non_LTR_15	Populus_koreana	Chr18	9524211	9524377	non-LTR	SINE/tRNA
Populus_koreana|Chr18:9524292-9524395|LTR_644-int	Populus_koreana	Chr18	9524292	9524395	LTR	LTR/Copia
Populus_koreana|Chr18:9526666-9527339|TIR_11	Populus_koreana	Chr18	9526666	9527339	TIR	DNA/hAT
Populus_koreana|Chr18:9527383-9527487|TIR_11	Populus_koreana	Chr18	9527383	9527487	TIR	DNA/hAT
Populus_koreana|Chr19:364094-364330|LTR_644-int	Populus_koreana	Chr19	364094	364330	LTR	LTR/Copia
Populus_koreana|Chr19:366995-367203|TIR_85	Populus_koreana	Chr19	366995	367203	TIR	DNA/MULE
Populus_koreana|Chr19:2065955-2066106|TIR_16	Populus_koreana	Chr19	2065955	2066106	TIR	DNA/other
Populus_koreana|Chr19:2541631-2541677|LTR_241-LTR	Populus_koreana	Chr19	2541631	2541677	TIR	DNA/TcMar
Populus_koreana|Chr19:2541677-2541692|LTR_63-LTR	Populus_koreana	Chr19	2541677	2541692	LTR	LTR/Copia
Populus_koreana|Chr19:2544723-2544904|TIR_48	Populus_koreana	Chr19	2544723	2544904	TIR	DNA/hAT
Populus_koreana|Chr19:2924820-2924976|TIR_48	Populus_koreana	Chr19	2924820	2924976	TIR	DNA/hAT
Populus_koreana|Chr19:2924929-2925140|TIR_25	Populus_koreana	Chr19	2924929	2925140	TIR	DNA/PIF-Harbinger
Populus_koreana|Chr19:2924976-2924995|TIR_16	Populus_koreana	Chr19	2924976	2924995	TIR	DNA/other
Populus_koreana|Chr19:2924982-2925143|TIR_55	Populus_koreana	Chr19	2924982	2925143	TIR	DNA/hAT
Populus_koreana|Chr19:2928413-2928471|TIR_27	Populus_koreana	Chr19	2928413	2928471	TIR	DNA/CMC-EnSpm
Populus_koreana|Chr19:2928586-2928742|Denovo_Non_LTR_14	Populus_koreana	Chr19	2928586	2928742	LTR	LTR/other
Populus_koreana|Chr19:2928612-2928764|TIR_37	Populus_koreana	Chr19	2928612	2928764	non-LTR	LINE/L1
Populus_koreana|Chr19:4063545-4063729|TIR_1	Populus_koreana	Chr19	4063545	4063729	TIR	DNA/hAT
Populus_koreana|Chr19:9888384-9888443|TIR_138	Populus_koreana	Chr19	9888384	9888443	TIR	DNA/CMC-EnSpm
Populus_koreana|Chr19:9888443-9888950|LTR_644-int	Populus_koreana	Chr19	9888443	9888950	LTR	LTR/Copia
Populus_koreana|Chr19:9888561-9889224|LTR_644-int	Populus_koreana	Chr19	9888561	9889224	LTR	LTR/Copia
Populus_koreana|Chr19:9888950-9889019|TIR_138	Populus_koreana	Chr19	9888950	9889019	TIR	DNA/CMC-EnSpm
Populus_koreana|Chr19:9889162-9889281|LTR_644-int	Populus_koreana	Chr19	9889162	9889281	LTR	LTR/Copia
Populus_koreana|Chr19:9894521-9894718|TIR_60	Populus_koreana	Chr19	9894521	9894718	TIR	DNA/PIF-Harbinger
Populus_koreana|Chr2:2075310-2076303|TIR_88	Populus_koreana	Chr2	2075310	2076303	LTR	LTR/Gypsy
Populus_koreana|Chr2:2478301-2478557|TIR_138	Populus_koreana	Chr2	2478301	2478557	TIR	DNA/CMC-EnSpm
Populus_koreana|Chr2:2478693-2479585|TIR_138	Populus_koreana	Chr2	2478693	2479585	TIR	DNA/CMC-EnSpm
Populus_koreana|Chr2:4028307-4028640|TIR_49	Populus_koreana	Chr2	4028307	4028640	TIR	DNA/CMC-EnSpm
Populus_koreana|Chr2:4028876-4030639|TIR_49	Populus_koreana	Chr2	4028876	4030639	TIR	DNA/CMC-EnSpm
Populus_koreana|Chr2:6039475-6039604|TIR_1	Populus_koreana	Chr2	6039475	6039604	TIR	DNA/hAT
Populus_koreana|Chr2:6045050-6045315|LTR_901-int	Populus_koreana	Chr2	6045050	6045315	LTR	LTR/Copia
Populus_koreana|Chr2:8747270-8747388|TIR_1	Populus_koreana	Chr2	8747270	8747388	TIR	DNA/hAT
Populus_koreana|Chr2:24373912-24374079|LTR_644-int	Populus_koreana	Chr2	24373912	24374079	LTR	LTR/Copia
Populus_koreana|Chr2:24374364-24374455|TIR_37	Populus_koreana	Chr2	24374364	24374455	non-LTR	LINE/L1
Populus_koreana|Chr2:24374633-24374794|TIR_48	Populus_koreana	Chr2	24374633	24374794	TIR	DNA/hAT
Populus_koreana|Chr2:24379015-24380442|TIR_86	Populus_koreana	Chr2	24379015	24380442	TIR	DNA/hAT
Populus_koreana|Chr2:26524143-26524255|LTR_966-int	Populus_koreana	Chr2	26524143	26524255	LTR	LTR/Gypsy
Populus_koreana|Chr2:26524674-26525047|LTR_966-int	Populus_koreana	Chr2	26524674	26525047	LTR	LTR/Gypsy
Populus_koreana|Chr3:156416-156578|TIR_88	Populus_koreana	Chr3	156416	156578	LTR	LTR/Gypsy
Populus_koreana|Chr3:1028429-1029017|TIR_120	Populus_koreana	Chr3	1028429	1029017	TIR	DNA/PIF-Harbinger
Populus_koreana|Chr3:1029120-1029188|TIR_120	Populus_koreana	Chr3	1029120	1029188	TIR	DNA/PIF-Harbinger
Populus_koreana|Chr3:1029186-1029310|TIR_120	Populus_koreana	Chr3	1029186	1029310	TIR	DNA/PIF-Harbinger
Populus_koreana|Chr3:1029378-1029587|TIR_53	Populus_koreana	Chr3	1029378	1029587	TIR	DNA/PIF-Harbinger
Populus_koreana|Chr3:1912407-1912578|TIR_1	Populus_koreana	Chr3	1912407	1912578	TIR	DNA/hAT
Populus_koreana|Chr3:1914915-1915133|LTR_644-int	Populus_koreana	Chr3	1914915	1915133	LTR	LTR/Copia
Populus_koreana|Chr3:1915238-1915393|Denovo_Non_LTR_14	Populus_koreana	Chr3	1915238	1915393	LTR	LTR/other
Populus_koreana|Chr3:1915267-1915413|TIR_37	Populus_koreana	Chr3	1915267	1915413	non-LTR	LINE/L1
Populus_koreana|Chr3:2923897-2924030|TIR_37	Populus_koreana	Chr3	2923897	2924030	non-LTR	LINE/L1
Populus_koreana|Chr3:4924761-4924821|Denovo_Non_LTR_15	Populus_koreana	Chr3	4924761	4924821	non-LTR	SINE/tRNA
Populus_koreana|Chr3:4925008-4925163|Homology_Non_LTR_1	Populus_koreana	Chr3	4925008	4925163	non-LTR	SINE/tRNA
Populus_koreana|Chr3:4932076-4932178|LTR_970-int	Populus_koreana	Chr3	4932076	4932178	LTR	LTR/Gypsy
Populus_koreana|Chr3:4932217-4932291|LTR_970-int	Populus_koreana	Chr3	4932217	4932291	LTR	LTR/Gypsy
Populus_koreana|Chr3:5197755-5197882|Denovo_Non_LTR_15	Populus_koreana	Chr3	5197755	5197882	non-LTR	SINE/tRNA
Populus_koreana|Chr3:5198862-5198984|TIR_59	Populus_koreana	Chr3	5198862	5198984	TIR	DNA/PIF-Harbinger
Populus_koreana|Chr3:5204312-5204467|TIR_1	Populus_koreana	Chr3	5204312	5204467	TIR	DNA/hAT
Populus_koreana|Chr3:5205097-5205205|LTR_532-LTR	Populus_koreana	Chr3	5205097	5205205	LTR	LTR/Copia
Populus_koreana|Chr3:7629255-7629967|LTR_563-LTR	Populus_koreana	Chr3	7629255	7629967	LTR	LTR/Gypsy
Populus_koreana|Chr3:15294260-15294352|LTR_449-LTR	Populus_koreana	Chr3	15294260	15294352	LTR	LTR/Copia
Populus_koreana|Chr3:15295667-15297359|LTR_777-int	Populus_koreana	Chr3	15295667	15297359	LTR	LTR/Copia
Populus_koreana|Chr3:15906166-15906253|TIR_141	Populus_koreana	Chr3	15906166	15906253	TIR	DNA/CMC-EnSpm
Populus_koreana|Chr3:15907221-15907344|Denovo_Non_LTR_10	Populus_koreana	Chr3	15907221	15907344	TIR	DNA/TcMar
Populus_koreana|Chr3:15909500-15909724|TIR_28	Populus_koreana	Chr3	15909500	15909724	TIR	DNA/other
Populus_koreana|Chr3:15909903-15910158|TIR_139	Populus_koreana	Chr3	15909903	15910158	TIR	DNA/PIF-Harbinger
Populus_koreana|Chr3:15909913-15910221|TIR_145	Populus_koreana	Chr3	15909913	15910221	TIR	DNA/hAT
Populus_koreana|Chr3:16758152-16759358|LTR_644-int	Populus_koreana	Chr3	16758152	16759358	LTR	LTR/Copia
Populus_koreana|Chr3:16759336-16759567|LTR_644-int	Populus_koreana	Chr3	16759336	16759567	LTR	LTR/Copia
Populus_koreana|Chr3:16759401-16759591|LTR_644-int	Populus_koreana	Chr3	16759401	16759591	LTR	LTR/Copia
Populus_koreana|Chr3:19295571-19295582|Denovo_Non_LTR_14	Populus_koreana	Chr3	19295571	19295582	LTR	LTR/other
Populus_koreana|Chr3:19295582-19295683|TIR_48	Populus_koreana	Chr3	19295582	19295683	TIR	DNA/hAT
Populus_koreana|Chr3:21694232-21695335|TIR_53	Populus_koreana	Chr3	21694232	21695335	TIR	DNA/PIF-Harbinger
Populus_koreana|Chr4:9691081-9691242|TIR_37	Populus_koreana	Chr4	9691081	9691242	non-LTR	LINE/L1
Populus_koreana|Chr4:12716991-12717866|TIR_60	Populus_koreana	Chr4	12716991	12717866	TIR	DNA/PIF-Harbinger
Populus_koreana|Chr4:12717894-12718078|TIR_16	Populus_koreana	Chr4	12717894	12718078	TIR	DNA/other
Populus_koreana|Chr4:16642017-16642201|TIR_48	Populus_koreana	Chr4	16642017	16642201	TIR	DNA/hAT
Populus_koreana|Chr4:16642241-16642426|TIR_0	Populus_koreana	Chr4	16642241	16642426	TIR	DNA/hAT
Populus_koreana|Chr4:16642590-16642661|TIR_48	Populus_koreana	Chr4	16642590	16642661	TIR	DNA/hAT
Populus_koreana|Chr4:16642830-16642850|LTR_644-int	Populus_koreana	Chr4	16642830	16642850	LTR	LTR/Copia
Populus_koreana|Chr4:16642850-16642986|TIR_1	Populus_koreana	Chr4	16642850	16642986	TIR	DNA/hAT
Populus_koreana|Chr4:18866635-18866768|TIR_37	Populus_koreana	Chr4	18866635	18866768	non-LTR	LINE/L1
Populus_koreana|Chr4:18866903-18867026|TIR_37	Populus_koreana	Chr4	18866903	18867026	non-LTR	LINE/L1
Populus_koreana|Chr4:18867761-18868130|LTR_644-int	Populus_koreana	Chr4	18867761	18868130	LTR	LTR/Copia
Populus_koreana|Chr4:20582106-20582292|TIR_19	Populus_koreana	Chr4	20582106	20582292	TIR	DNA/hAT
Populus_koreana|Chr4:20583217-20583369|TIR_44	Populus_koreana	Chr4	20583217	20583369	TIR	DNA/PIF-Harbinger
Populus_koreana|Chr4:20590007-20590167|TIR_37	Populus_koreana	Chr4	20590007	20590167	non-LTR	LINE/L1
Populus_koreana|Chr4:20590042-20590192|TIR_48	Populus_koreana	Chr4	20590042	20590192	TIR	DNA/hAT
Populus_koreana|Chr4:20789569-20790027|LTR_644-int	Populus_koreana	Chr4	20789569	20790027	LTR	LTR/Copia
Populus_koreana|Chr4:20790074-20790586|LTR_644-int	Populus_koreana	Chr4	20790074	20790586	LTR	LTR/Copia
Populus_koreana|Chr4:20790891-20791062|TIR_1	Populus_koreana	Chr4	20790891	20791062	TIR	DNA/hAT
Populus_koreana|Chr4:24317360-24318257|LTR_185-LTR	Populus_koreana	Chr4	24317360	24318257	LTR	LTR/Gypsy
Populus_koreana|Chr4:24318285-24318585|TIR_138	Populus_koreana	Chr4	24318285	24318585	TIR	DNA/CMC-EnSpm
Populus_koreana|Chr5:10647914-10648557|LTR_391-LTR	Populus_koreana	Chr5	10647914	10648557	LTR	LTR/Copia
Populus_koreana|Chr5:17905781-17905962|TIR_48	Populus_koreana	Chr5	17905781	17905962	TIR	DNA/hAT
Populus_koreana|Chr5:17906567-17906699|TIR_37	Populus_koreana	Chr5	17906567	17906699	non-LTR	LINE/L1
Populus_koreana|Chr5:17906699-17906719|TIR_16	Populus_koreana	Chr5	17906699	17906719	TIR	DNA/other
Populus_koreana|Chr5:17909997-17910069|Denovo_Non_LTR_0	Populus_koreana	Chr5	17909997	17910069	non-LTR	SINE/tRNA
Populus_koreana|Chr5:18392183-18392357|TIR_1	Populus_koreana	Chr5	18392183	18392357	TIR	DNA/hAT
Populus_koreana|Chr5:18393036-18393213|Denovo_Non_LTR_15	Populus_koreana	Chr5	18393036	18393213	non-LTR	SINE/tRNA
Populus_koreana|Chr5:18397239-18397378|Denovo_Non_LTR_14	Populus_koreana	Chr5	18397239	18397378	LTR	LTR/other
Populus_koreana|Chr5:18397255-18397424|TIR_1	Populus_koreana	Chr5	18397255	18397424	TIR	DNA/hAT
Populus_koreana|Chr5:18398116-18398347|LTR_644-int	Populus_koreana	Chr5	18398116	18398347	LTR	LTR/Copia
Populus_koreana|Chr5:18398636-18398770|Denovo_Non_LTR_14	Populus_koreana	Chr5	18398636	18398770	LTR	LTR/other
Populus_koreana|Chr5:19157486-19159645|LTR_595-int	Populus_koreana	Chr5	19157486	19159645	LTR	LTR/Copia
Populus_koreana|Chr5:19160214-19160394|Denovo_Non_LTR_15	Populus_koreana	Chr5	19160214	19160394	non-LTR	SINE/tRNA
Populus_koreana|Chr5:22775060-22775328|TIR_28	Populus_koreana	Chr5	22775060	22775328	TIR	DNA/other
Populus_koreana|Chr6:354624-354981|LTR_957-int	Populus_koreana	Chr6	354624	354981	LTR	LTR/Gypsy
Populus_koreana|Chr6:355079-355646|LTR_936-int	Populus_koreana	Chr6	355079	355646	LTR	LTR/Gypsy
Populus_koreana|Chr6:355638-356249|LTR_361-LTR	Populus_koreana	Chr6	355638	356249	LTR	LTR/Gypsy
Populus_koreana|Chr6:356249-356349|TIR_28	Populus_koreana	Chr6	356249	356349	TIR	DNA/other
Populus_koreana|Chr6:357833-357977|LTR_644-int	Populus_koreana	Chr6	357833	357977	LTR	LTR/Copia
Populus_koreana|Chr6:357992-358158|LTR_644-int	Populus_koreana	Chr6	357992	358158	LTR	LTR/Copia
Populus_koreana|Chr6:358158-358248|TIR_130	Populus_koreana	Chr6	358158	358248	TIR	DNA/hAT
Populus_koreana|Chr6:358374-358902|LTR_644-int	Populus_koreana	Chr6	358374	358902	LTR	LTR/Copia
Populus_koreana|Chr6:14488230-14488346|TIR_1	Populus_koreana	Chr6	14488230	14488346	TIR	DNA/hAT
Populus_koreana|Chr6:14490822-14490836|TIR_44	Populus_koreana	Chr6	14490822	14490836	TIR	DNA/PIF-Harbinger
Populus_koreana|Chr6:14490836-14490992|TIR_1	Populus_koreana	Chr6	14490836	14490992	TIR	DNA/hAT
Populus_koreana|Chr6:14490992-14491014|TIR_44	Populus_koreana	Chr6	14490992	14491014	TIR	DNA/PIF-Harbinger
Populus_koreana|Chr6:15078005-15078213|LTR_644-int	Populus_koreana	Chr6	15078005	15078213	LTR	LTR/Copia
Populus_koreana|Chr6:15613514-15613535|LTR_644-int	Populus_koreana	Chr6	15613514	15613535	LTR	LTR/Copia
Populus_koreana|Chr6:15613535-15613730|Denovo_Non_LTR_0	Populus_koreana	Chr6	15613535	15613730	non-LTR	SINE/tRNA
Populus_koreana|Chr6:15613777-15613988|Denovo_Non_LTR_15	Populus_koreana	Chr6	15613777	15613988	non-LTR	SINE/tRNA
Populus_koreana|Chr6:15615768-15616015|TIR_28	Populus_koreana	Chr6	15615768	15616015	TIR	DNA/other
Populus_koreana|Chr6:15616265-15616375|TIR_1	Populus_koreana	Chr6	15616265	15616375	TIR	DNA/hAT
Populus_koreana|Chr6:15616375-15616387|LTR_644-int	Populus_koreana	Chr6	15616375	15616387	LTR	LTR/Copia
Populus_koreana|Chr6:21845731-21845847|TIR_16	Populus_koreana	Chr6	21845731	21845847	TIR	DNA/other
Populus_koreana|Chr6:22117940-22118090|TIR_48	Populus_koreana	Chr6	22117940	22118090	TIR	DNA/hAT
Populus_koreana|Chr6:22120332-22120458|TIR_22	Populus_koreana	Chr6	22120332	22120458	TIR	DNA/PIF-Harbinger
Populus_koreana|Chr6:22132342-22132456|TIR_25	Populus_koreana	Chr6	22132342	22132456	TIR	DNA/PIF-Harbinger
Populus_koreana|Chr7:12432696-12432837|TIR_37	Populus_koreana	Chr7	12432696	12432837	non-LTR	LINE/L1
Populus_koreana|Chr7:12433435-12433581|Denovo_Non_LTR_15	Populus_koreana	Chr7	12433435	12433581	non-LTR	SINE/tRNA
Populus_koreana|Chr8:11775512-11775724|LTR_644-int	Populus_koreana	Chr8	11775512	11775724	LTR	LTR/Copia
Populus_koreana|Chr8:13791352-13791545|TIR_48	Populus_koreana	Chr8	13791352	13791545	TIR	DNA/hAT
Populus_koreana|Chr8:13795539-13795710|TIR_60	Populus_koreana	Chr8	13795539	13795710	TIR	DNA/PIF-Harbinger
Populus_koreana|Chr8:13796105-13796412|TIR_123	Populus_koreana	Chr8	13796105	13796412	TIR	DNA/TcMar
Populus_koreana|Chr8:18195345-18195528|TIR_48	Populus_koreana	Chr8	18195345	18195528	TIR	DNA/hAT
Populus_koreana|Chr8:19200515-19200647|TIR_23	Populus_koreana	Chr8	19200515	19200647	TIR	DNA/CMC-EnSpm
Populus_koreana|Chr8:19200647-19200687|TIR_48	Populus_koreana	Chr8	19200647	19200687	TIR	DNA/hAT
Populus_koreana|Chr8:19200805-19200869|TIR_33	Populus_koreana	Chr8	19200805	19200869	TIR	DNA/CMC-EnSpm
Populus_koreana|Chr8:19382122-19382321|Denovo_Non_LTR_0	Populus_koreana	Chr8	19382122	19382321	non-LTR	SINE/tRNA
Populus_lasiocarpa|Chr1:2170017-2170096|LTR_895-int	Populus_lasiocarpa	Chr1	2170017	2170096	LTR	LTR/Copia
Populus_lasiocarpa|Chr1:2172204-2172220|TIR_128	Populus_lasiocarpa	Chr1	2172204	2172220	TIR	DNA/TcMar
Populus_lasiocarpa|Chr1:2172220-2172367|TIR_5	Populus_lasiocarpa	Chr1	2172220	2172367	TIR	DNA/other
Populus_lasiocarpa|Chr1:2172249-2172379|TIR_70	Populus_lasiocarpa	Chr1	2172249	2172379	TIR	DNA/hAT
Populus_lasiocarpa|Chr1:6130166-6130740|LTR_1360-int	Populus_lasiocarpa	Chr1	6130166	6130740	LTR	LTR/Copia
Populus_lasiocarpa|Chr1:6130796-6131292|LTR_1360-int	Populus_lasiocarpa	Chr1	6130796	6131292	LTR	LTR/Copia
Populus_lasiocarpa|Chr1:6132563-6132854|TIR_0	Populus_lasiocarpa	Chr1	6132563	6132854	LTR	LTR/Copia
Populus_lasiocarpa|Chr1:11355247-11355341|LTR_1360-int	Populus_lasiocarpa	Chr1	11355247	11355341	LTR	LTR/Copia
Populus_lasiocarpa|Chr1:11355551-11355783|LTR_1360-int	Populus_lasiocarpa	Chr1	11355551	11355783	LTR	LTR/Copia
Populus_lasiocarpa|Chr1:11362401-11362580|TIR_26	Populus_lasiocarpa	Chr1	11362401	11362580	TIR	DNA/other
Populus_lasiocarpa|Chr1:11362424-11362582|TIR_78	Populus_lasiocarpa	Chr1	11362424	11362582	TIR	DNA/PIF-Harbinger
Populus_lasiocarpa|Chr1:11363668-11363779|LTR_1360-int	Populus_lasiocarpa	Chr1	11363668	11363779	LTR	LTR/Copia
Populus_lasiocarpa|Chr1:11363779-11364056|TIR_137	Populus_lasiocarpa	Chr1	11363779	11364056	TIR	DNA/hAT
Populus_lasiocarpa|Chr1:11364222-11364276|TIR_31	Populus_lasiocarpa	Chr1	11364222	11364276	TIR	DNA/hAT
Populus_lasiocarpa|Chr1:11364579-11364740|TIR_31	Populus_lasiocarpa	Chr1	11364579	11364740	TIR	DNA/hAT
Populus_lasiocarpa|Chr1:11364584-11364759|TIR_96	Populus_lasiocarpa	Chr1	11364584	11364759	TIR	DNA/hAT
Populus_lasiocarpa|Chr1:11364740-11364831|TIR_26	Populus_lasiocarpa	Chr1	11364740	11364831	TIR	DNA/other
Populus_lasiocarpa|Chr1:11365933-11368020|TIR_18	Populus_lasiocarpa	Chr1	11365933	11368020	TIR	DNA/hAT
Populus_lasiocarpa|Chr1:11368326-11368878|TIR_7	Populus_lasiocarpa	Chr1	11368326	11368878	TIR	DNA/PIF-Harbinger
Populus_lasiocarpa|Chr1:11369116-11369253|TIR_64	Populus_lasiocarpa	Chr1	11369116	11369253	TIR	DNA/PIF-Harbinger
Populus_lasiocarpa|Chr1:11369603-11369766|TIR_113	Populus_lasiocarpa	Chr1	11369603	11369766	TIR	DNA/hAT
Populus_lasiocarpa|Chr1:11373120-11375139|LTR_919-int	Populus_lasiocarpa	Chr1	11373120	11375139	LTR	LTR/Gypsy
Populus_lasiocarpa|Chr1:11375115-11375139|LTR_1009-int	Populus_lasiocarpa	Chr1	11375115	11375139	LTR	LTR/Copia
Populus_lasiocarpa|Chr1:11375139-11377204|LTR_399-LTR	Populus_lasiocarpa	Chr1	11375139	11377204	LTR	LTR/Gypsy
Populus_lasiocarpa|Chr1:11383351-11383925|LTR_715-LTR	Populus_lasiocarpa	Chr1	11383351	11383925	LTR	LTR/Gypsy
Populus_lasiocarpa|Chr1:11383896-11385267|LTR_714-LTR	Populus_lasiocarpa	Chr1	11383896	11385267	LTR	LTR/Copia
Populus_lasiocarpa|Chr1:11385267-11389422|LTR_919-int	Populus_lasiocarpa	Chr1	11385267	11389422	LTR	LTR/Gypsy
Populus_lasiocarpa|Chr1:11389417-11389719|LTR_714-LTR	Populus_lasiocarpa	Chr1	11389417	11389719	LTR	LTR/Copia
Populus_lasiocarpa|Chr1:11389793-11389965|TIR_77	Populus_lasiocarpa	Chr1	11389793	11389965	TIR	DNA/TcMar
Populus_lasiocarpa|Chr1:11389946-11389969|LTR_1360-int	Populus_lasiocarpa	Chr1	11389946	11389969	LTR	LTR/Copia
Populus_lasiocarpa|Chr1:11390024-11390130|LTR_1360-int	Populus_lasiocarpa	Chr1	11390024	11390130	LTR	LTR/Copia
Populus_lasiocarpa|Chr1:11390130-11390616|LTR_304-LTR	Populus_lasiocarpa	Chr1	11390130	11390616	TIR	DNA/TcMar
Populus_lasiocarpa|Chr1:11390703-11390926|LTR_304-LTR	Populus_lasiocarpa	Chr1	11390703	11390926	TIR	DNA/TcMar
Populus_lasiocarpa|Chr1:11391421-11392336|LTR_135-LTR	Populus_lasiocarpa	Chr1	11391421	11392336	TIR	DNA/TcMar
Populus_lasiocarpa|Chr1:11392336-11392912|LTR_1360-int	Populus_lasiocarpa	Chr1	11392336	11392912	LTR	LTR/Copia
Populus_lasiocarpa|Chr1:11392974-11393199|TIR_77	Populus_lasiocarpa	Chr1	11392974	11393199	TIR	DNA/TcMar
Populus_lasiocarpa|Chr1:11404595-11404668|LTR_687-LTR	Populus_lasiocarpa	Chr1	11404595	11404668	LTR	LTR/Copia
Populus_lasiocarpa|Chr1:11404704-11404959|LTR_687-LTR	Populus_lasiocarpa	Chr1	11404704	11404959	LTR	LTR/Copia
Populus_lasiocarpa|Chr1:11405775-11406220|LTR_1362-int	Populus_lasiocarpa	Chr1	11405775	11406220	LTR	LTR/Copia
Populus_lasiocarpa|Chr1:11406220-11408381|LTR_25-LTR	Populus_lasiocarpa	Chr1	11406220	11408381	LTR	LTR/Gypsy
Populus_lasiocarpa|Chr1:11408381-11412181|LTR_989-int	Populus_lasiocarpa	Chr1	11408381	11412181	LTR	LTR/Gypsy
Populus_lasiocarpa|Chr1:11412180-11414339|LTR_25-LTR	Populus_lasiocarpa	Chr1	11412180	11414339	LTR	LTR/Gypsy
Populus_lasiocarpa|Chr1:11414339-11418131|LTR_989-int	Populus_lasiocarpa	Chr1	11414339	11418131	LTR	LTR/Gypsy
Populus_lasiocarpa|Chr1:11418130-11420282|LTR_25-LTR	Populus_lasiocarpa	Chr1	11418130	11420282	LTR	LTR/Gypsy
Populus_lasiocarpa|Chr1:11420282-11420609|LTR_1362-int	Populus_lasiocarpa	Chr1	11420282	11420609	LTR	LTR/Copia
Populus_lasiocarpa|Chr1:11420605-11420835|LTR_1361-int	Populus_lasiocarpa	Chr1	11420605	11420835	LTR	LTR/Copia
Populus_lasiocarpa|Chr1:11420835-11421678|TIR_22	Populus_lasiocarpa	Chr1	11420835	11421678	TIR	DNA/CMC-EnSpm
Populus_lasiocarpa|Chr1:11421102-11423684|TIR_38	Populus_lasiocarpa	Chr1	11421102	11423684	TIR	DNA/CMC-EnSpm
Populus_lasiocarpa|Chr1:11423591-11424607|TIR_22	Populus_lasiocarpa	Chr1	11423591	11424607	TIR	DNA/CMC-EnSpm
Populus_lasiocarpa|Chr1:11425056-11425268|LTR_1302-int	Populus_lasiocarpa	Chr1	11425056	11425268	LTR	LTR/Copia
Populus_lasiocarpa|Chr1:11425412-11425684|TIR_34	Populus_lasiocarpa	Chr1	11425412	11425684	TIR	DNA/hAT
Populus_lasiocarpa|Chr1:11428367-11428556|LTR_1071-int	Populus_lasiocarpa	Chr1	11428367	11428556	LTR	LTR/Copia
Populus_lasiocarpa|Chr1:11428389-11428547|TIR_10	Populus_lasiocarpa	Chr1	11428389	11428547	TIR	DNA/hAT
Populus_lasiocarpa|Chr1:11428547-11428566|TIR_137	Populus_lasiocarpa	Chr1	11428547	11428566	TIR	DNA/hAT
Populus_lasiocarpa|Chr1:11429294-11429484|TIR_8	Populus_lasiocarpa	Chr1	11429294	11429484	TIR	DNA/PIF-Harbinger
Populus_lasiocarpa|Chr1:11434694-11434889|TIR_77	Populus_lasiocarpa	Chr1	11434694	11434889	TIR	DNA/TcMar
Populus_lasiocarpa|Chr1:11434902-11435612|LTR_1360-int	Populus_lasiocarpa	Chr1	11434902	11435612	LTR	LTR/Copia
Populus_lasiocarpa|Chr1:11437129-11437180|LTR_56-LTR	Populus_lasiocarpa	Chr1	11437129	11437180	LTR	LTR/Gypsy
Populus_lasiocarpa|Chr1:11437287-11437546|LTR_330-LTR	Populus_lasiocarpa	Chr1	11437287	11437546	LTR	LTR/Copia
Populus_lasiocarpa|Chr1:11437546-11443528|LTR_1009-int	Populus_lasiocarpa	Chr1	11437546	11443528	LTR	LTR/Copia
Populus_lasiocarpa|Chr1:11443528-11443787|LTR_330-LTR	Populus_lasiocarpa	Chr1	11443528	11443787	LTR	LTR/Copia
Populus_lasiocarpa|Chr1:11449108-11449271|TIR_107	Populus_lasiocarpa	Chr1	11449108	11449271	TIR	DNA/hAT
Populus_lasiocarpa|Chr1:11449301-11449963|LTR_1360-int	Populus_lasiocarpa	Chr1	11449301	11449963	LTR	LTR/Copia
Populus_lasiocarpa|Chr1:11449995-11450226|TIR_111	Populus_lasiocarpa	Chr1	11449995	11450226	TIR	DNA/TcMar
Populus_lasiocarpa|Chr1:11451347-11451773|LTR_304-LTR	Populus_lasiocarpa	Chr1	11451347	11451773	TIR	DNA/TcMar
Populus_lasiocarpa|Chr1:11451886-11453386|LTR_135-LTR	Populus_lasiocarpa	Chr1	11451886	11453386	TIR	DNA/TcMar
Populus_lasiocarpa|Chr1:11452372-11453386|LTR_1137-int	Populus_lasiocarpa	Chr1	11452372	11453386	LTR	LTR/Copia
Populus_lasiocarpa|Chr1:11453386-11454322|LTR_971-int	Populus_lasiocarpa	Chr1	11453386	11454322	TIR	DNA/TcMar
Populus_lasiocarpa|Chr1:11454154-11454466|LTR_1022-int	Populus_lasiocarpa	Chr1	11454154	11454466	LTR	LTR/Gypsy
Populus_lasiocarpa|Chr1:11454406-11454604|LTR_971-int	Populus_lasiocarpa	Chr1	11454406	11454604	TIR	DNA/TcMar
Populus_lasiocarpa|Chr1:11454522-11454825|LTR_1022-int	Populus_lasiocarpa	Chr1	11454522	11454825	LTR	LTR/Gypsy
Populus_lasiocarpa|Chr1:11454709-11460808|LTR_971-int	Populus_lasiocarpa	Chr1	11454709	11460808	TIR	DNA/TcMar
Populus_lasiocarpa|Chr1:11458915-11460954|LTR_970-int	Populus_lasiocarpa	Chr1	11458915	11460954	LTR	LTR/Gypsy
Populus_lasiocarpa|Chr1:11460895-11460931|LTR_1192-int	Populus_lasiocarpa	Chr1	11460895	11460931	LTR	LTR/Gypsy
Populus_lasiocarpa|Chr1:11460931-11461357|LTR_304-LTR	Populus_lasiocarpa	Chr1	11460931	11461357	TIR	DNA/TcMar
Populus_lasiocarpa|Chr1:11461357-11461959|LTR_135-LTR	Populus_lasiocarpa	Chr1	11461357	11461959	TIR	DNA/TcMar
Populus_lasiocarpa|Chr1:11461959-11462974|LTR_1137-int	Populus_lasiocarpa	Chr1	11461959	11462974	LTR	LTR/Copia
Populus_lasiocarpa|Chr1:11470601-11470766|TIR_77	Populus_lasiocarpa	Chr1	11470601	11470766	TIR	DNA/TcMar
Populus_lasiocarpa|Chr1:11470873-11473032|LTR_433-LTR	Populus_lasiocarpa	Chr1	11470873	11473032	LTR	LTR/Gypsy
Populus_lasiocarpa|Chr1:11473061-11473366|LTR_1360-int	Populus_lasiocarpa	Chr1	11473061	11473366	LTR	LTR/Copia
Populus_lasiocarpa|Chr1:11473370-11473594|LTR_1360-int	Populus_lasiocarpa	Chr1	11473370	11473594	LTR	LTR/Copia
Populus_lasiocarpa|Chr1:11473625-11473858|TIR_111	Populus_lasiocarpa	Chr1	11473625	11473858	TIR	DNA/TcMar
Populus_lasiocarpa|Chr1:11482990-11483125|LTR_4-LTR	Populus_lasiocarpa	Chr1	11482990	11483125	LTR	LTR/Copia
Populus_lasiocarpa|Chr1:11486166-11486372|Denovo_Non_LTR_12	Populus_lasiocarpa	Chr1	11486166	11486372	non-LTR	SINE/tRNA
Populus_lasiocarpa|Chr1:11486904-11487007|TIR_5	Populus_lasiocarpa	Chr1	11486904	11487007	TIR	DNA/other
Populus_lasiocarpa|Chr1:11487007-11487033|TIR_70	Populus_lasiocarpa	Chr1	11487007	11487033	TIR	DNA/hAT
Populus_lasiocarpa|Chr1:11488476-11489050|LTR_1360-int	Populus_lasiocarpa	Chr1	11488476	11489050	LTR	LTR/Copia
Populus_lasiocarpa|Chr1:11488543-11489274|LTR_1360-int	Populus_lasiocarpa	Chr1	11488543	11489274	LTR	LTR/Copia
Populus_lasiocarpa|Chr1:11489044-11489311|LTR_1360-int	Populus_lasiocarpa	Chr1	11489044	11489311	LTR	LTR/Copia
Populus_lasiocarpa|Chr1:11489319-11489514|TIR_26	Populus_lasiocarpa	Chr1	11489319	11489514	TIR	DNA/other
Populus_lasiocarpa|Chr1:11489517-11489814|LTR_1360-int	Populus_lasiocarpa	Chr1	11489517	11489814	LTR	LTR/Copia
Populus_lasiocarpa|Chr1:11494558-11494688|TIR_2	Populus_lasiocarpa	Chr1	11494558	11494688	TIR	DNA/hAT
Populus_lasiocarpa|Chr1:11500530-11500725|TIR_26	Populus_lasiocarpa	Chr1	11500530	11500725	TIR	DNA/other
Populus_lasiocarpa|Chr1:11500747-11501339|TIR_87	Populus_lasiocarpa	Chr1	11500747	11501339	TIR	DNA/PIF-Harbinger
Populus_lasiocarpa|Chr1:11501365-11501532|TIR_87	Populus_lasiocarpa	Chr1	11501365	11501532	TIR	DNA/PIF-Harbinger
Populus_lasiocarpa|Chr1:11509499-11509516|LTR_1360-int	Populus_lasiocarpa	Chr1	11509499	11509516	LTR	LTR/Copia
Populus_lasiocarpa|Chr1:11509516-11509668|Denovo_Non_LTR_9	Populus_lasiocarpa	Chr1	11509516	11509668	TIR	DNA/hAT
Populus_lasiocarpa|Chr1:11510278-11510990|TIR_81	Populus_lasiocarpa	Chr1	11510278	11510990	TIR	DNA/TcMar
Populus_lasiocarpa|Chr1:11514048-11514473|LTR_791-LTR	Populus_lasiocarpa	Chr1	11514048	11514473	LTR	LTR/Gypsy
Populus_lasiocarpa|Chr1:11521832-11521939|TIR_2	Populus_lasiocarpa	Chr1	11521832	11521939	TIR	DNA/hAT
Populus_lasiocarpa|Chr1:11524159-11524183|TIR_2	Populus_lasiocarpa	Chr1	11524159	11524183	TIR	DNA/hAT
Populus_lasiocarpa|Chr1:11524183-11524331|TIR_45	Populus_lasiocarpa	Chr1	11524183	11524331	TIR	DNA/TcMar
Populus_lasiocarpa|Chr1:11532633-11532745|Denovo_Non_LTR_9	Populus_lasiocarpa	Chr1	11532633	11532745	TIR	DNA/hAT
Populus_lasiocarpa|Chr1:11541340-11541577|TIR_81	Populus_lasiocarpa	Chr1	11541340	11541577	TIR	DNA/TcMar
Populus_lasiocarpa|Chr1:11541376-11541831|TIR_96	Populus_lasiocarpa	Chr1	11541376	11541831	TIR	DNA/hAT
Populus_lasiocarpa|Chr1:11542193-11542518|LTR_1360-int	Populus_lasiocarpa	Chr1	11542193	11542518	LTR	LTR/Copia
Populus_lasiocarpa|Chr1:11542813-11542982|TIR_78	Populus_lasiocarpa	Chr1	11542813	11542982	TIR	DNA/PIF-Harbinger
Populus_lasiocarpa|Chr1:11543623-11543875|TIR_115	Populus_lasiocarpa	Chr1	11543623	11543875	TIR	DNA/hAT
Populus_lasiocarpa|Chr1:11545093-11545158|LTR_1360-int	Populus_lasiocarpa	Chr1	11545093	11545158	LTR	LTR/Copia
Populus_lasiocarpa|Chr1:11545278-11545669|LTR_1298-int	Populus_lasiocarpa	Chr1	11545278	11545669	LTR	LTR/Gypsy
Populus_lasiocarpa|Chr1:11545803-11545993|TIR_79	Populus_lasiocarpa	Chr1	11545803	11545993	Helitron	RC/Helitron
Populus_lasiocarpa|Chr1:11546661-11546754|LTR_1360-int	Populus_lasiocarpa	Chr1	11546661	11546754	LTR	LTR/Copia
Populus_lasiocarpa|Chr1:11546911-11547064|LTR_1360-int	Populus_lasiocarpa	Chr1	11546911	11547064	LTR	LTR/Copia
Populus_lasiocarpa|Chr1:11546963-11547195|LTR_1360-int	Populus_lasiocarpa	Chr1	11546963	11547195	LTR	LTR/Copia
Populus_lasiocarpa|Chr1:11553784-11553963|TIR_26	Populus_lasiocarpa	Chr1	11553784	11553963	TIR	DNA/other
Populus_lasiocarpa|Chr1:11553807-11553965|TIR_78	Populus_lasiocarpa	Chr1	11553807	11553965	TIR	DNA/PIF-Harbinger
Populus_lasiocarpa|Chr1:11555051-11555164|LTR_1360-int	Populus_lasiocarpa	Chr1	11555051	11555164	LTR	LTR/Copia
Populus_lasiocarpa|Chr1:11555164-11555442|TIR_137	Populus_lasiocarpa	Chr1	11555164	11555442	TIR	DNA/hAT
Populus_lasiocarpa|Chr1:11555971-11556136|TIR_31	Populus_lasiocarpa	Chr1	11555971	11556136	TIR	DNA/hAT
Populus_lasiocarpa|Chr1:11555976-11556155|TIR_96	Populus_lasiocarpa	Chr1	11555976	11556155	TIR	DNA/hAT
Populus_lasiocarpa|Chr1:11556127-11556227|LTR_1360-int	Populus_lasiocarpa	Chr1	11556127	11556227	LTR	LTR/Copia
Populus_lasiocarpa|Chr1:14679582-14680292|LTR_984-int	Populus_lasiocarpa	Chr1	14679582	14680292	LTR	LTR/Copia
Populus_lasiocarpa|Chr1:14684344-14684356|TIR_57	Populus_lasiocarpa	Chr1	14684344	14684356	TIR	DNA/PIF-Harbinger
Populus_lasiocarpa|Chr1:14684356-14684598|TIR_81	Populus_lasiocarpa	Chr1	14684356	14684598	TIR	DNA/TcMar
Populus_lasiocarpa|Chr1:24186636-24186801|LTR_1360-int	Populus_lasiocarpa	Chr1	24186636	24186801	LTR	LTR/Copia
Populus_lasiocarpa|Chr1:24190457-24190558|LTR_1103-int	Populus_lasiocarpa	Chr1	24190457	24190558	LTR	LTR/Copia
Populus_lasiocarpa|Chr1:24190943-24190987|LTR_1204-int	Populus_lasiocarpa	Chr1	24190943	24190987	LTR	LTR/Gypsy
Populus_lasiocarpa|Chr1:24194062-24194139|TIR_79	Populus_lasiocarpa	Chr1	24194062	24194139	Helitron	RC/Helitron
Populus_lasiocarpa|Chr1:40424766-40424867|LTR_1360-int	Populus_lasiocarpa	Chr1	40424766	40424867	LTR	LTR/Copia
Populus_lasiocarpa|Chr1:40799303-40800067|TIR_77	Populus_lasiocarpa	Chr1	40799303	40800067	TIR	DNA/TcMar
Populus_lasiocarpa|Chr1:40804211-40804582|LTR_1360-int	Populus_lasiocarpa	Chr1	40804211	40804582	LTR	LTR/Copia
Populus_lasiocarpa|Chr1:40804653-40805087|LTR_1360-int	Populus_lasiocarpa	Chr1	40804653	40805087	LTR	LTR/Copia
Populus_lasiocarpa|Chr10:10466500-10466628|Denovo_Non_LTR_9	Populus_lasiocarpa	Chr10	10466500	10466628	TIR	DNA/hAT
Populus_lasiocarpa|Chr10:12604824-12605025|TIR_50	Populus_lasiocarpa	Chr10	12604824	12605025	TIR	DNA/hAT
Populus_lasiocarpa|Chr10:12608999-12609174|TIR_55	Populus_lasiocarpa	Chr10	12608999	12609174	TIR	DNA/PIF-Harbinger
Populus_lasiocarpa|Chr10:12609585-12609877|TIR_57	Populus_lasiocarpa	Chr10	12609585	12609877	TIR	DNA/PIF-Harbinger
Populus_lasiocarpa|Chr10:17043772-17043958|LTR_1360-int	Populus_lasiocarpa	Chr10	17043772	17043958	LTR	LTR/Copia
Populus_lasiocarpa|Chr10:17043823-17043997|TIR_50	Populus_lasiocarpa	Chr10	17043823	17043997	TIR	DNA/hAT
Populus_lasiocarpa|Chr10:18105368-18105391|LTR_1360-int	Populus_lasiocarpa	Chr10	18105368	18105391	LTR	LTR/Copia
Populus_lasiocarpa|Chr10:18105393-18105533|TIR_50	Populus_lasiocarpa	Chr10	18105393	18105533	TIR	DNA/hAT
Populus_lasiocarpa|Chr10:18105533-18105549|TIR_66	Populus_lasiocarpa	Chr10	18105533	18105549	TIR	DNA/PIF-Harbinger
Populus_lasiocarpa|Chr10:18105549-18105568|LTR_1360-int	Populus_lasiocarpa	Chr10	18105549	18105568	LTR	LTR/Copia
Populus_lasiocarpa|Chr10:18285530-18285742|Denovo_Non_LTR_19	Populus_lasiocarpa	Chr10	18285530	18285742	non-LTR	SINE/tRNA
Populus_lasiocarpa|Chr11:2538860-2539361|LTR_1360-int	Populus_lasiocarpa	Chr11	2538860	2539361	LTR	LTR/Copia
Populus_lasiocarpa|Chr11:2539436-2539681|LTR_1360-int	Populus_lasiocarpa	Chr11	2539436	2539681	LTR	LTR/Copia
Populus_lasiocarpa|Chr11:2540283-2540346|TIR_70	Populus_lasiocarpa	Chr11	2540283	2540346	TIR	DNA/hAT
Populus_lasiocarpa|Chr11:2543588-2543797|Denovo_Non_LTR_9	Populus_lasiocarpa	Chr11	2543588	2543797	TIR	DNA/hAT
Populus_lasiocarpa|Chr11:2544348-2544500|Denovo_Non_LTR_7	Populus_lasiocarpa	Chr11	2544348	2544500	non-LTR	SINE/tRNA
Populus_lasiocarpa|Chr12:491651-491774|TIR_111	Populus_lasiocarpa	Chr12	491651	491774	TIR	DNA/TcMar
Populus_lasiocarpa|Chr12:492160-492480|TIR_156	Populus_lasiocarpa	Chr12	492160	492480	TIR	DNA/PIF-Harbinger
Populus_lasiocarpa|Chr13:14797252-14797388|LTR_1305-int	Populus_lasiocarpa	Chr13	14797252	14797388	LTR	LTR/Gypsy
Populus_lasiocarpa|Chr13:14802696-14802978|TIR_63	Populus_lasiocarpa	Chr13	14802696	14802978	TIR	DNA/hAT
Populus_lasiocarpa|Chr13:17042779-17043346|LTR_1360-int	Populus_lasiocarpa	Chr13	17042779	17043346	LTR	LTR/Copia
Populus_lasiocarpa|Chr13:17042845-17043578|LTR_1360-int	Populus_lasiocarpa	Chr13	17042845	17043578	LTR	LTR/Copia
Populus_lasiocarpa|Chr13:17047755-17047807|Denovo_Non_LTR_7	Populus_lasiocarpa	Chr13	17047755	17047807	non-LTR	SINE/tRNA
Populus_lasiocarpa|Chr13:17047819-17047994|Denovo_Non_LTR_15	Populus_lasiocarpa	Chr13	17047819	17047994	non-LTR	SINE/tRNA
Populus_lasiocarpa|Chr13:17048654-17048779|Denovo_Non_LTR_0	Populus_lasiocarpa	Chr13	17048654	17048779	non-LTR	SINE/tRNA
Populus_lasiocarpa|Chr13:17049008-17049124|Denovo_Non_LTR_10	Populus_lasiocarpa	Chr13	17049008	17049124	TIR	DNA/MULE
Populus_lasiocarpa|Chr13:17049124-17049170|TIR_78	Populus_lasiocarpa	Chr13	17049124	17049170	TIR	DNA/PIF-Harbinger
Populus_lasiocarpa|Chr14:11781562-11781686|TIR_50	Populus_lasiocarpa	Chr14	11781562	11781686	TIR	DNA/hAT
Populus_lasiocarpa|Chr14:11781910-11782204|TIR_63	Populus_lasiocarpa	Chr14	11781910	11782204	TIR	DNA/hAT
Populus_lasiocarpa|Chr14:11782808-11782961|Denovo_Non_LTR_15	Populus_lasiocarpa	Chr14	11782808	11782961	non-LTR	SINE/tRNA
Populus_lasiocarpa|Chr14:11785691-11785833|TIR_92	Populus_lasiocarpa	Chr14	11785691	11785833	TIR	DNA/TcMar
Populus_lasiocarpa|Chr14:11785892-11786325|LTR_1298-int	Populus_lasiocarpa	Chr14	11785892	11786325	LTR	LTR/Gypsy
Populus_lasiocarpa|Chr14:11785926-11786343|LTR_659-LTR	Populus_lasiocarpa	Chr14	11785926	11786343	LTR	LTR/Gypsy
Populus_lasiocarpa|Chr15:3101181-3101195|TIR_128	Populus_lasiocarpa	Chr15	3101181	3101195	TIR	DNA/TcMar
Populus_lasiocarpa|Chr15:3101195-3101276|TIR_113	Populus_lasiocarpa	Chr15	3101195	3101276	TIR	DNA/hAT
Populus_lasiocarpa|Chr15:3101276-3101336|TIR_128	Populus_lasiocarpa	Chr15	3101276	3101336	TIR	DNA/TcMar
Populus_lasiocarpa|Chr15:3101729-3101746|TIR_78	Populus_lasiocarpa	Chr15	3101729	3101746	TIR	DNA/PIF-Harbinger
Populus_lasiocarpa|Chr15:3101746-3101887|TIR_45	Populus_lasiocarpa	Chr15	3101746	3101887	TIR	DNA/TcMar
Populus_lasiocarpa|Chr15:3101976-3102158|TIR_78	Populus_lasiocarpa	Chr15	3101976	3102158	TIR	DNA/PIF-Harbinger
Populus_lasiocarpa|Chr15:3102219-3102417|TIR_50	Populus_lasiocarpa	Chr15	3102219	3102417	TIR	DNA/hAT
Populus_lasiocarpa|Chr15:10256158-10256303|TIR_63	Populus_lasiocarpa	Chr15	10256158	10256303	TIR	DNA/hAT
Populus_lasiocarpa|Chr15:16579892-16580018|TIR_70	Populus_lasiocarpa	Chr15	16579892	16580018	TIR	DNA/hAT
Populus_lasiocarpa|Chr16:4342937-4343062|Denovo_Non_LTR_0	Populus_lasiocarpa	Chr16	4342937	4343062	non-LTR	SINE/tRNA
Populus_lasiocarpa|Chr16:14400556-14400689|LTR_435-LTR	Populus_lasiocarpa	Chr16	14400556	14400689	LTR	LTR/Gypsy
Populus_lasiocarpa|Chr16:14405064-14405265|TIR_50	Populus_lasiocarpa	Chr16	14405064	14405265	TIR	DNA/hAT
Populus_lasiocarpa|Chr17:1627894-1627997|TIR_81	Populus_lasiocarpa	Chr17	1627894	1627997	TIR	DNA/TcMar
Populus_lasiocarpa|Chr17:1628004-1628529|TIR_81	Populus_lasiocarpa	Chr17	1628004	1628529	TIR	DNA/TcMar
Populus_lasiocarpa|Chr17:1632335-1632424|LTR_895-int	Populus_lasiocarpa	Chr17	1632335	1632424	LTR	LTR/Copia
Populus_lasiocarpa|Chr17:1633252-1633436|LTR_546-LTR	Populus_lasiocarpa	Chr17	1633252	1633436	LTR	LTR/Gypsy
Populus_lasiocarpa|Chr17:2060451-2060497|LTR_806-LTR	Populus_lasiocarpa	Chr17	2060451	2060497	LTR	LTR/Gypsy
Populus_lasiocarpa|Chr17:2060458-2060502|LTR_359-LTR	Populus_lasiocarpa	Chr17	2060458	2060502	LTR	LTR/Gypsy
Populus_lasiocarpa|Chr17:2060502-2060583|LTR_358-LTR	Populus_lasiocarpa	Chr17	2060502	2060583	LTR	LTR/Gypsy
Populus_lasiocarpa|Chr17:2419105-2419231|Denovo_Non_LTR_9	Populus_lasiocarpa	Chr17	2419105	2419231	TIR	DNA/hAT
Populus_lasiocarpa|Chr17:3403943-3404253|TIR_22	Populus_lasiocarpa	Chr17	3403943	3404253	TIR	DNA/CMC-EnSpm
Populus_lasiocarpa|Chr17:14512405-14512475|Denovo_Non_LTR_9	Populus_lasiocarpa	Chr17	14512405	14512475	TIR	DNA/hAT
Populus_lasiocarpa|Chr19:341402-341452|TIR_112	Populus_lasiocarpa	Chr19	341402	341452	TIR	DNA/hAT
Populus_lasiocarpa|Chr19:352842-353041|LTR_1360-int	Populus_lasiocarpa	Chr19	352842	353041	LTR	LTR/Copia
Populus_lasiocarpa|Chr19:356535-356582|LTR_739-LTR	Populus_lasiocarpa	Chr19	356535	356582	LTR	LTR/Copia
Populus_lasiocarpa|Chr19:2162388-2162529|TIR_70	Populus_lasiocarpa	Chr19	2162388	2162529	TIR	DNA/hAT
Populus_lasiocarpa|Chr19:2666057-2666103|LTR_493-LTR	Populus_lasiocarpa	Chr19	2666057	2666103	LTR	LTR/Gypsy
Populus_lasiocarpa|Chr19:2666103-2666119|LTR_629-LTR	Populus_lasiocarpa	Chr19	2666103	2666119	LTR	LTR/other
Populus_lasiocarpa|Chr19:2669153-2669338|TIR_50	Populus_lasiocarpa	Chr19	2669153	2669338	TIR	DNA/hAT
Populus_lasiocarpa|Chr19:3046489-3046522|LTR_1360-int	Populus_lasiocarpa	Chr19	3046489	3046522	LTR	LTR/Copia
Populus_lasiocarpa|Chr19:3046522-3046738|Denovo_Non_LTR_9	Populus_lasiocarpa	Chr19	3046522	3046738	TIR	DNA/hAT
Populus_lasiocarpa|Chr19:3050202-3050331|TIR_50	Populus_lasiocarpa	Chr19	3050202	3050331	TIR	DNA/hAT
Populus_lasiocarpa|Chr19:3050229-3050362|TIR_70	Populus_lasiocarpa	Chr19	3050229	3050362	TIR	DNA/hAT
Populus_lasiocarpa|Chr19:4247177-4247369|TIR_50	Populus_lasiocarpa	Chr19	4247177	4247369	TIR	DNA/hAT
Populus_lasiocarpa|Chr19:5959280-5959313|Denovo_Non_LTR_24	Populus_lasiocarpa	Chr19	5959280	5959313	non-LTR	LINE/L1
Populus_lasiocarpa|Chr19:10566648-10567091|LTR_1360-int	Populus_lasiocarpa	Chr19	10566648	10567091	LTR	LTR/Copia
Populus_lasiocarpa|Chr19:10567351-10567538|LTR_1360-int	Populus_lasiocarpa	Chr19	10567351	10567538	LTR	LTR/Copia
Populus_lasiocarpa|Chr2:307938-308145|TIR_76	Populus_lasiocarpa	Chr2	307938	308145	TIR	DNA/PIF-Harbinger
Populus_lasiocarpa|Chr2:311232-311619|LTR_1405-int	Populus_lasiocarpa	Chr2	311232	311619	LTR	LTR/Gypsy
Populus_lasiocarpa|Chr2:311727-311846|LTR_1033-int	Populus_lasiocarpa	Chr2	311727	311846	LTR	LTR/Gypsy
Populus_lasiocarpa|Chr2:311762-311852|LTR_1405-int	Populus_lasiocarpa	Chr2	311762	311852	LTR	LTR/Gypsy
Populus_lasiocarpa|Chr2:312024-312136|LTR_1405-int	Populus_lasiocarpa	Chr2	312024	312136	LTR	LTR/Gypsy
Populus_lasiocarpa|Chr2:2574468-2575265|TIR_55	Populus_lasiocarpa	Chr2	2574468	2575265	TIR	DNA/PIF-Harbinger
Populus_lasiocarpa|Chr2:2575408-2575611|TIR_78	Populus_lasiocarpa	Chr2	2575408	2575611	TIR	DNA/PIF-Harbinger
Populus_lasiocarpa|Chr2:2579932-2580127|TIR_78	Populus_lasiocarpa	Chr2	2579932	2580127	TIR	DNA/PIF-Harbinger
Populus_lasiocarpa|Chr2:2580639-2581260|LTR_1360-int	Populus_lasiocarpa	Chr2	2580639	2581260	LTR	LTR/Copia
Populus_lasiocarpa|Chr2:18842933-18843048|TIR_70	Populus_lasiocarpa	Chr2	18842933	18843048	TIR	DNA/hAT
Populus_lasiocarpa|Chr2:21728351-21728462|TIR_118	Populus_lasiocarpa	Chr2	21728351	21728462	TIR	DNA/MULE
Populus_lasiocarpa|Chr2:21728696-21728838|LTR_1360-int	Populus_lasiocarpa	Chr2	21728696	21728838	LTR	LTR/Copia
Populus_lasiocarpa|Chr2:21728939-21729005|LTR_1360-int	Populus_lasiocarpa	Chr2	21728939	21729005	LTR	LTR/Copia
Populus_lasiocarpa|Chr2:21729240-21729354|TIR_118	Populus_lasiocarpa	Chr2	21729240	21729354	TIR	DNA/MULE
Populus_lasiocarpa|Chr2:21733843-21733991|Denovo_Non_LTR_9	Populus_lasiocarpa	Chr2	21733843	21733991	TIR	DNA/hAT
Populus_lasiocarpa|Chr2:23914449-23916241|TIR_62	Populus_lasiocarpa	Chr2	23914449	23916241	TIR	DNA/CMC-EnSpm
Populus_lasiocarpa|Chr2:23916471-23916795|TIR_80	Populus_lasiocarpa	Chr2	23916471	23916795	TIR	DNA/CMC-EnSpm
Populus_lasiocarpa|Chr2:23924042-23924239|Denovo_Non_LTR_9	Populus_lasiocarpa	Chr2	23924042	23924239	TIR	DNA/hAT
Populus_lasiocarpa|Chr2:23925063-23925182|LTR_1360-int	Populus_lasiocarpa	Chr2	23925063	23925182	LTR	LTR/Copia
Populus_lasiocarpa|Chr2:25635174-25635690|LTR_1360-int	Populus_lasiocarpa	Chr2	25635174	25635690	LTR	LTR/Copia
Populus_lasiocarpa|Chr2:25635282-25635702|LTR_1360-int	Populus_lasiocarpa	Chr2	25635282	25635702	LTR	LTR/Copia
Populus_lasiocarpa|Chr2:26059702-26059823|TIR_5	Populus_lasiocarpa	Chr2	26059702	26059823	TIR	DNA/other
Populus_lasiocarpa|Chr2:26064920-26065084|TIR_78	Populus_lasiocarpa	Chr2	26064920	26065084	TIR	DNA/PIF-Harbinger
Populus_lasiocarpa|Chr2:26065077-26065226|TIR_78	Populus_lasiocarpa	Chr2	26065077	26065226	TIR	DNA/PIF-Harbinger
Populus_lasiocarpa|Chr2:26448168-26449261|TIR_17	Populus_lasiocarpa	Chr2	26448168	26449261	TIR	DNA/hAT
Populus_lasiocarpa|Chr3:177905-178107|TIR_26	Populus_lasiocarpa	Chr3	177905	178107	TIR	DNA/other
Populus_lasiocarpa|Chr3:181765-181857|TIR_118	Populus_lasiocarpa	Chr3	181765	181857	TIR	DNA/MULE
Populus_lasiocarpa|Chr3:181923-182298|TIR_92	Populus_lasiocarpa	Chr3	181923	182298	TIR	DNA/TcMar
Populus_lasiocarpa|Chr3:1061356-1061538|TIR_78	Populus_lasiocarpa	Chr3	1061356	1061538	TIR	DNA/PIF-Harbinger
Populus_lasiocarpa|Chr3:1950380-1950547|TIR_2	Populus_lasiocarpa	Chr3	1950380	1950547	TIR	DNA/hAT
Populus_lasiocarpa|Chr3:1952928-1953122|TIR_2	Populus_lasiocarpa	Chr3	1952928	1953122	TIR	DNA/hAT
Populus_lasiocarpa|Chr3:1953249-1953384|TIR_70	Populus_lasiocarpa	Chr3	1953249	1953384	TIR	DNA/hAT
Populus_lasiocarpa|Chr3:1953384-1953411|TIR_50	Populus_lasiocarpa	Chr3	1953384	1953411	TIR	DNA/hAT
Populus_lasiocarpa|Chr3:3034329-3034479|Denovo_Non_LTR_9	Populus_lasiocarpa	Chr3	3034329	3034479	TIR	DNA/hAT
Populus_lasiocarpa|Chr3:5215178-5215417|TIR_79	Populus_lasiocarpa	Chr3	5215178	5215417	Helitron	RC/Helitron
Populus_lasiocarpa|Chr3:5215510-5215545|TIR_79	Populus_lasiocarpa	Chr3	5215510	5215545	Helitron	RC/Helitron
Populus_lasiocarpa|Chr3:5215603-5215691|TIR_79	Populus_lasiocarpa	Chr3	5215603	5215691	Helitron	RC/Helitron
Populus_lasiocarpa|Chr3:5215713-5215794|TIR_79	Populus_lasiocarpa	Chr3	5215713	5215794	Helitron	RC/Helitron
Populus_lasiocarpa|Chr3:5216219-5216308|Denovo_Non_LTR_15	Populus_lasiocarpa	Chr3	5216219	5216308	non-LTR	SINE/tRNA
Populus_lasiocarpa|Chr3:5223146-5223673|LTR_1116-int	Populus_lasiocarpa	Chr3	5223146	5223673	LTR	LTR/Gypsy
Populus_lasiocarpa|Chr3:5476562-5476766|TIR_26	Populus_lasiocarpa	Chr3	5476562	5476766	TIR	DNA/other
Populus_lasiocarpa|Chr3:5477058-5477220|TIR_45	Populus_lasiocarpa	Chr3	5477058	5477220	TIR	DNA/TcMar
Populus_lasiocarpa|Chr3:8115660-8116393|LTR_914-int	Populus_lasiocarpa	Chr3	8115660	8116393	LTR	LTR/Copia
Populus_lasiocarpa|Chr3:17635293-17635580|TIR_36	Populus_lasiocarpa	Chr3	17635293	17635580	TIR	DNA/hAT
Populus_lasiocarpa|Chr3:17635496-17635641|TIR_106	Populus_lasiocarpa	Chr3	17635496	17635641	TIR	DNA/hAT
Populus_lasiocarpa|Chr3:17635641-17636115|TIR_36	Populus_lasiocarpa	Chr3	17635641	17636115	TIR	DNA/hAT
Populus_lasiocarpa|Chr3:17636471-17636486|Denovo_Non_LTR_10	Populus_lasiocarpa	Chr3	17636471	17636486	TIR	DNA/MULE
Populus_lasiocarpa|Chr3:17636486-17636596|Denovo_Non_LTR_9	Populus_lasiocarpa	Chr3	17636486	17636596	TIR	DNA/hAT
Populus_lasiocarpa|Chr3:17636596-17636616|Denovo_Non_LTR_10	Populus_lasiocarpa	Chr3	17636596	17636616	TIR	DNA/MULE
Populus_lasiocarpa|Chr3:17638647-17638918|TIR_0	Populus_lasiocarpa	Chr3	17638647	17638918	LTR	LTR/Copia
Populus_lasiocarpa|Chr3:17639056-17639367|TIR_90	Populus_lasiocarpa	Chr3	17639056	17639367	TIR	DNA/PIF-Harbinger
Populus_lasiocarpa|Chr3:17639703-17642505|LTR_914-int	Populus_lasiocarpa	Chr3	17639703	17642505	LTR	LTR/Copia
Populus_lasiocarpa|Chr3:18521342-18522542|LTR_1360-int	Populus_lasiocarpa	Chr3	18521342	18522542	LTR	LTR/Copia
Populus_lasiocarpa|Chr3:18522523-18522710|LTR_1360-int	Populus_lasiocarpa	Chr3	18522523	18522710	LTR	LTR/Copia
Populus_lasiocarpa|Chr3:18522590-18522795|LTR_1360-int	Populus_lasiocarpa	Chr3	18522590	18522795	LTR	LTR/Copia
Populus_lasiocarpa|Chr3:18524643-18524680|TIR_36	Populus_lasiocarpa	Chr3	18524643	18524680	TIR	DNA/hAT
Populus_lasiocarpa|Chr3:21049603-21049703|TIR_70	Populus_lasiocarpa	Chr3	21049603	21049703	TIR	DNA/hAT
Populus_lasiocarpa|Chr3:21049614-21049705|TIR_78	Populus_lasiocarpa	Chr3	21049614	21049705	TIR	DNA/PIF-Harbinger
Populus_lasiocarpa|Chr3:23420577-23420705|TIR_5	Populus_lasiocarpa	Chr3	23420577	23420705	TIR	DNA/other
Populus_lasiocarpa|Chr4:10093251-10093437|LTR_1360-int	Populus_lasiocarpa	Chr4	10093251	10093437	LTR	LTR/Copia
Populus_lasiocarpa|Chr4:10093272-10093461|TIR_26	Populus_lasiocarpa	Chr4	10093272	10093461	TIR	DNA/other
Populus_lasiocarpa|Chr4:10096319-10096513|TIR_50	Populus_lasiocarpa	Chr4	10096319	10096513	TIR	DNA/hAT
Populus_lasiocarpa|Chr4:13290608-13291499|TIR_81	Populus_lasiocarpa	Chr4	13290608	13291499	TIR	DNA/TcMar
Populus_lasiocarpa|Chr4:13291522-13291720|TIR_78	Populus_lasiocarpa	Chr4	13291522	13291720	TIR	DNA/PIF-Harbinger
Populus_lasiocarpa|Chr4:16606048-16606217|TIR_55	Populus_lasiocarpa	Chr4	16606048	16606217	TIR	DNA/PIF-Harbinger
Populus_lasiocarpa|Chr4:16606755-16606923|TIR_20	Populus_lasiocarpa	Chr4	16606755	16606923	TIR	DNA/hAT
Populus_lasiocarpa|Chr4:16606983-16607159|TIR_20	Populus_lasiocarpa	Chr4	16606983	16607159	TIR	DNA/hAT
Populus_lasiocarpa|Chr4:17376621-17376689|LTR_1360-int	Populus_lasiocarpa	Chr4	17376621	17376689	LTR	LTR/Copia
Populus_lasiocarpa|Chr4:17376956-17377034|TIR_118	Populus_lasiocarpa	Chr4	17376956	17377034	TIR	DNA/MULE
Populus_lasiocarpa|Chr4:19664989-19665260|Denovo_Non_LTR_23	Populus_lasiocarpa	Chr4	19664989	19665260	non-LTR	LINE/L1
Populus_lasiocarpa|Chr4:19680707-19680845|TIR_45	Populus_lasiocarpa	Chr4	19680707	19680845	TIR	DNA/TcMar
Populus_lasiocarpa|Chr4:19680872-19680992|TIR_69	Populus_lasiocarpa	Chr4	19680872	19680992	TIR	DNA/other
Populus_lasiocarpa|Chr4:19680879-19681023|TIR_2	Populus_lasiocarpa	Chr4	19680879	19681023	TIR	DNA/hAT
Populus_lasiocarpa|Chr4:19681692-19682139|LTR_1360-int	Populus_lasiocarpa	Chr4	19681692	19682139	LTR	LTR/Copia
Populus_lasiocarpa|Chr4:21386206-21387126|LTR_1038-int	Populus_lasiocarpa	Chr4	21386206	21387126	LTR	LTR/Copia
Populus_lasiocarpa|Chr4:21386932-21387127|LTR_1192-int	Populus_lasiocarpa	Chr4	21386932	21387127	LTR	LTR/Gypsy
Populus_lasiocarpa|Chr4:21387787-21387861|LTR_1298-int	Populus_lasiocarpa	Chr4	21387787	21387861	LTR	LTR/Gypsy
Populus_lasiocarpa|Chr4:21395052-21395224|LTR_75-LTR	Populus_lasiocarpa	Chr4	21395052	21395224	LTR	LTR/Copia
Populus_lasiocarpa|Chr4:21395087-21395268|TIR_50	Populus_lasiocarpa	Chr4	21395087	21395268	TIR	DNA/hAT
Populus_lasiocarpa|Chr4:21590731-21590794|LTR_1260-int	Populus_lasiocarpa	Chr4	21590731	21590794	LTR	LTR/Copia
Populus_lasiocarpa|Chr4:21595317-21595775|LTR_1360-int	Populus_lasiocarpa	Chr4	21595317	21595775	LTR	LTR/Copia
Populus_lasiocarpa|Chr4:21595802-21596177|LTR_1360-int	Populus_lasiocarpa	Chr4	21595802	21596177	LTR	LTR/Copia
Populus_lasiocarpa|Chr4:21596145-21596697|LTR_1241-int	Populus_lasiocarpa	Chr4	21596145	21596697	LTR	LTR/Copia
Populus_lasiocarpa|Chr4:23325542-23325673|TIR_45	Populus_lasiocarpa	Chr4	23325542	23325673	TIR	DNA/TcMar
Populus_lasiocarpa|Chr5:10862940-10863581|LTR_169-LTR	Populus_lasiocarpa	Chr5	10862940	10863581	LTR	LTR/Copia
Populus_lasiocarpa|Chr5:10863542-10863588|LTR_68-LTR	Populus_lasiocarpa	Chr5	10863542	10863588	LTR	LTR/Copia
Populus_lasiocarpa|Chr5:16748705-16749113|TIR_117	Populus_lasiocarpa	Chr5	16748705	16749113	TIR	DNA/TcMar
Populus_lasiocarpa|Chr5:16749874-16750028|TIR_125	Populus_lasiocarpa	Chr5	16749874	16750028	TIR	DNA/PIF-Harbinger
Populus_lasiocarpa|Chr5:16749987-16750204|TIR_7	Populus_lasiocarpa	Chr5	16749987	16750204	TIR	DNA/PIF-Harbinger
Populus_lasiocarpa|Chr5:16750135-16750629|TIR_65	Populus_lasiocarpa	Chr5	16750135	16750629	TIR	DNA/hAT
Populus_lasiocarpa|Chr5:18424962-18425309|TIR_24	Populus_lasiocarpa	Chr5	18424962	18425309	TIR	DNA/PIF-Harbinger
Populus_lasiocarpa|Chr5:18425809-18425948|Denovo_Non_LTR_9	Populus_lasiocarpa	Chr5	18425809	18425948	TIR	DNA/hAT
Populus_lasiocarpa|Chr5:18425986-18426210|TIR_76	Populus_lasiocarpa	Chr5	18425986	18426210	TIR	DNA/PIF-Harbinger
Populus_lasiocarpa|Chr5:18946097-18946112|TIR_70	Populus_lasiocarpa	Chr5	18946097	18946112	TIR	DNA/hAT
Populus_lasiocarpa|Chr5:18946112-18946240|TIR_5	Populus_lasiocarpa	Chr5	18946112	18946240	TIR	DNA/other
Populus_lasiocarpa|Chr5:18946120-18946261|Denovo_Non_LTR_9	Populus_lasiocarpa	Chr5	18946120	18946261	TIR	DNA/hAT
Populus_lasiocarpa|Chr5:18946815-18946996|Denovo_Non_LTR_15	Populus_lasiocarpa	Chr5	18946815	18946996	non-LTR	SINE/tRNA
Populus_lasiocarpa|Chr5:18951031-18951167|Denovo_Non_LTR_9	Populus_lasiocarpa	Chr5	18951031	18951167	TIR	DNA/hAT
Populus_lasiocarpa|Chr5:18951167-18951214|TIR_70	Populus_lasiocarpa	Chr5	18951167	18951214	TIR	DNA/hAT
Populus_lasiocarpa|Chr5:18951893-18952127|LTR_1360-int	Populus_lasiocarpa	Chr5	18951893	18952127	LTR	LTR/Copia
Populus_lasiocarpa|Chr5:18952420-18952500|LTR_1360-int	Populus_lasiocarpa	Chr5	18952420	18952500	LTR	LTR/Copia
Populus_lasiocarpa|Chr5:18952533-18952584|LTR_1360-int	Populus_lasiocarpa	Chr5	18952533	18952584	LTR	LTR/Copia
Populus_lasiocarpa|Chr5:19663713-19664138|LTR_786-LTR	Populus_lasiocarpa	Chr5	19663713	19664138	LTR	LTR/Gypsy
Populus_lasiocarpa|Chr5:19665038-19665193|Denovo_Non_LTR_15	Populus_lasiocarpa	Chr5	19665038	19665193	non-LTR	SINE/tRNA
Populus_lasiocarpa|Chr5:22236699-22236877|Denovo_Non_LTR_13	Populus_lasiocarpa	Chr5	22236699	22236877	non-LTR	SINE/tRNA
Populus_lasiocarpa|Chr5:23507505-23507674|TIR_0	Populus_lasiocarpa	Chr5	23507505	23507674	LTR	LTR/Copia
Populus_lasiocarpa|Chr6:443727-444124|TIR_7	Populus_lasiocarpa	Chr6	443727	444124	TIR	DNA/PIF-Harbinger
Populus_lasiocarpa|Chr6:458123-458275|Denovo_Non_LTR_9	Populus_lasiocarpa	Chr6	458123	458275	TIR	DNA/hAT
Populus_lasiocarpa|Chr6:460690-460838|LTR_1360-int	Populus_lasiocarpa	Chr6	460690	460838	LTR	LTR/Copia
Populus_lasiocarpa|Chr6:7291202-7291350|Denovo_Non_LTR_9	Populus_lasiocarpa	Chr6	7291202	7291350	TIR	DNA/hAT
Populus_lasiocarpa|Chr6:7293383-7293584|TIR_50	Populus_lasiocarpa	Chr6	7293383	7293584	TIR	DNA/hAT
Populus_lasiocarpa|Chr6:22301509-22302007|LTR_1360-int	Populus_lasiocarpa	Chr6	22301509	22302007	LTR	LTR/Copia
Populus_lasiocarpa|Chr6:22302142-22302360|LTR_1360-int	Populus_lasiocarpa	Chr6	22302142	22302360	LTR	LTR/Copia
Populus_lasiocarpa|Chr6:22303770-22303838|TIR_48	Populus_lasiocarpa	Chr6	22303770	22303838	TIR	DNA/CMC-EnSpm
Populus_lasiocarpa|Chr6:22303841-22303940|LTR_895-int	Populus_lasiocarpa	Chr6	22303841	22303940	LTR	LTR/Copia
Populus_lasiocarpa|Chr6:22304798-22306338|LTR_703-LTR	Populus_lasiocarpa	Chr6	22304798	22306338	LTR	LTR/Gypsy
Populus_lasiocarpa|Chr7:12491922-12491994|TIR_42	Populus_lasiocarpa	Chr7	12491922	12491994	TIR	DNA/hAT
Populus_lasiocarpa|Chr7:12500307-12500454|Homology_Non_LTR_1	Populus_lasiocarpa	Chr7	12500307	12500454	non-LTR	SINE/tRNA
Populus_lasiocarpa|Chr8:13264612-13264774|TIR_2	Populus_lasiocarpa	Chr8	13264612	13264774	TIR	DNA/hAT
Populus_lasiocarpa|Chr8:13264648-13264822|LTR_1360-int	Populus_lasiocarpa	Chr8	13264648	13264822	LTR	LTR/Copia
Populus_lasiocarpa|Chr8:14140379-14140713|TIR_24	Populus_lasiocarpa	Chr8	14140379	14140713	TIR	DNA/PIF-Harbinger
Populus_lasiocarpa|Chr8:14143245-14143550|TIR_0	Populus_lasiocarpa	Chr8	14143245	14143550	LTR	LTR/Copia
Populus_lasiocarpa|Chr8:20525880-20525928|TIR_165	Populus_lasiocarpa	Chr8	20525880	20525928	TIR	DNA/hAT
Populus_pruinosa|Chr1:5689352-5690065|LTR_269-int	Populus_pruinosa	Chr1	5689352	5690065	LTR	LTR/Copia
Populus_pruinosa|Chr1:10838786-10838838|LTR_299-int	Populus_pruinosa	Chr1	10838786	10838838	LTR	LTR/Gypsy
Populus_pruinosa|Chr1:10843270-10843401|TIR_16	Populus_pruinosa	Chr1	10843270	10843401	TIR	DNA/PIF-Harbinger
Populus_pruinosa|Chr1:10845750-10846519|TIR_35	Populus_pruinosa	Chr1	10845750	10846519	TIR	DNA/hAT
Populus_pruinosa|Chr1:14034220-14034898|LTR_332-int	Populus_pruinosa	Chr1	14034220	14034898	LTR	LTR/Copia
Populus_pruinosa|Chr1:45558550-45558901|TIR_19	Populus_pruinosa	Chr1	45558550	45558901	TIR	DNA/TcMar
Populus_pruinosa|Chr1:46084756-46085606|LTR_267-int	Populus_pruinosa	Chr1	46084756	46085606	LTR	LTR/Gypsy
Populus_pruinosa|Chr10:413606-413799|TIR_4	Populus_pruinosa	Chr10	413606	413799	TIR	DNA/TcMar
Populus_pruinosa|Chr10:429922-429944|TIR_4	Populus_pruinosa	Chr10	429922	429944	TIR	DNA/TcMar
Populus_pruinosa|Chr10:429944-430068|TIR_16	Populus_pruinosa	Chr10	429944	430068	TIR	DNA/PIF-Harbinger
Populus_pruinosa|Chr10:711761-711956|LTR_114-LTR	Populus_pruinosa	Chr10	711761	711956	LTR	LTR/Copia
Populus_pruinosa|Chr10:712005-712416|LTR_283-int	Populus_pruinosa	Chr10	712005	712416	LTR	LTR/Copia
Populus_pruinosa|Chr10:712407-712804|LTR_283-int	Populus_pruinosa	Chr10	712407	712804	LTR	LTR/Copia
Populus_pruinosa|Chr10:712794-714014|LTR_283-int	Populus_pruinosa	Chr10	712794	714014	LTR	LTR/Copia
Populus_pruinosa|Chr10:714002-714041|LTR_283-int	Populus_pruinosa	Chr10	714002	714041	LTR	LTR/Copia
Populus_pruinosa|Chr10:714015-714308|LTR_136-LTR	Populus_pruinosa	Chr10	714015	714308	LTR	LTR/Copia
Populus_pruinosa|Chr10:714308-714334|LTR_128-LTR	Populus_pruinosa	Chr10	714308	714334	LTR	LTR/Copia
Populus_pruinosa|Chr10:25232599-25233071|LTR_126-LTR	Populus_pruinosa	Chr10	25232599	25233071	LTR	LTR/Gypsy
Populus_pruinosa|Chr10:25237664-25237723|TIR_49	Populus_pruinosa	Chr10	25237664	25237723	TIR	DNA/hAT
Populus_pruinosa|Chr10:25238412-25238516|TIR_25	Populus_pruinosa	Chr10	25238412	25238516	TIR	DNA/other
Populus_pruinosa|Chr13:3009785-3009964|TIR_4	Populus_pruinosa	Chr13	3009785	3009964	TIR	DNA/TcMar
Populus_pruinosa|Chr13:3010030-3010191|TIR_4	Populus_pruinosa	Chr13	3010030	3010191	TIR	DNA/TcMar
Populus_pruinosa|Chr13:13248942-13249054|TIR_45	Populus_pruinosa	Chr13	13248942	13249054	TIR	DNA/hAT
Populus_pruinosa|Chr13:13251059-13251780|LTR_165-LTR	Populus_pruinosa	Chr13	13251059	13251780	LTR	LTR/Gypsy
Populus_pruinosa|Chr13:20713347-20713546|TIR_4	Populus_pruinosa	Chr13	20713347	20713546	TIR	DNA/TcMar
Populus_pruinosa|Chr14:13440371-13440551|TIR_4	Populus_pruinosa	Chr14	13440371	13440551	TIR	DNA/TcMar
Populus_pruinosa|Chr14:13440662-13440684|TIR_4	Populus_pruinosa	Chr14	13440662	13440684	TIR	DNA/TcMar
Populus_pruinosa|Chr14:13440684-13440825|TIR_1	Populus_pruinosa	Chr14	13440684	13440825	TIR	DNA/TcMar
Populus_pruinosa|Chr14:13440825-13440837|TIR_4	Populus_pruinosa	Chr14	13440825	13440837	TIR	DNA/TcMar
Populus_pruinosa|Chr14:15550777-15550979|TIR_4	Populus_pruinosa	Chr14	15550777	15550979	TIR	DNA/TcMar
Populus_pruinosa|Chr14:15554914-15554952|TIR_12	Populus_pruinosa	Chr14	15554914	15554952	TIR	DNA/PIF-Harbinger
Populus_pruinosa|Chr14:15554952-15555074|Denovo_Non_LTR_1	Populus_pruinosa	Chr14	15554952	15555074	TIR	DNA/hAT
Populus_pruinosa|Chr14:15555609-15555727|TIR_12	Populus_pruinosa	Chr14	15555609	15555727	TIR	DNA/PIF-Harbinger
Populus_pruinosa|Chr14:19905273-19905464|TIR_4	Populus_pruinosa	Chr14	19905273	19905464	TIR	DNA/TcMar
Populus_pruinosa|Chr14:21144793-21144968|LTR_269-int	Populus_pruinosa	Chr14	21144793	21144968	LTR	LTR/Copia
Populus_pruinosa|Chr16:1926358-1926446|TIR_45	Populus_pruinosa	Chr16	1926358	1926446	TIR	DNA/hAT
Populus_pruinosa|Chr16:1926503-1926895|TIR_19	Populus_pruinosa	Chr16	1926503	1926895	TIR	DNA/TcMar
Populus_pruinosa|Chr18:2165221-2165393|TIR_4	Populus_pruinosa	Chr18	2165221	2165393	TIR	DNA/TcMar
Populus_pruinosa|Chr18:2165601-2165753|TIR_4	Populus_pruinosa	Chr18	2165601	2165753	TIR	DNA/TcMar
Populus_pruinosa|Chr19:12951843-12956424|LTR_233-int	Populus_pruinosa	Chr19	12951843	12956424	LTR	LTR/Copia
Populus_pruinosa|Chr19:12956419-12956782|LTR_155-LTR	Populus_pruinosa	Chr19	12956419	12956782	LTR	LTR/Copia
Populus_pruinosa|Chr2:1991331-1991510|TIR_4	Populus_pruinosa	Chr2	1991331	1991510	TIR	DNA/TcMar
Populus_pruinosa|Chr2:6566021-6566454|TIR_40	Populus_pruinosa	Chr2	6566021	6566454	Helitron	RC/Helitron
Populus_pruinosa|Chr2:6567393-6567498|TIR_4	Populus_pruinosa	Chr2	6567393	6567498	TIR	DNA/TcMar
Populus_pruinosa|Chr2:6583665-6583793|Denovo_Non_LTR_7	Populus_pruinosa	Chr2	6583665	6583793	non-LTR	SINE/tRNA
Populus_pruinosa|Chr2:6583819-6583935|Denovo_Non_LTR_7	Populus_pruinosa	Chr2	6583819	6583935	non-LTR	SINE/tRNA
Populus_pruinosa|Chr2:8837422-8837521|TIR_3	Populus_pruinosa	Chr2	8837422	8837521	TIR	DNA/hAT
Populus_pruinosa|Chr2:9554110-9554357|TIR_10	Populus_pruinosa	Chr2	9554110	9554357	TIR	DNA/hAT
Populus_pruinosa|Chr2:9554379-9554586|TIR_4	Populus_pruinosa	Chr2	9554379	9554586	TIR	DNA/TcMar
Populus_pruinosa|Chr2:12761450-12762189|Denovo_Non_LTR_1	Populus_pruinosa	Chr2	12761450	12762189	TIR	DNA/hAT
Populus_pruinosa|Chr2:16025245-16025411|TIR_4	Populus_pruinosa	Chr2	16025245	16025411	TIR	DNA/TcMar
Populus_pruinosa|Chr3:15725486-15725582|Denovo_Non_LTR_9	Populus_pruinosa	Chr3	15725486	15725582	non-LTR	SINE/tRNA
Populus_pruinosa|Chr4:11677123-11677448|LTR_33-LTR	Populus_pruinosa	Chr4	11677123	11677448	LTR	LTR/Copia
Populus_pruinosa|Chr4:23098489-23098720|TIR_42	Populus_pruinosa	Chr4	23098489	23098720	TIR	DNA/TcMar
Populus_pruinosa|Chr4:23098518-23099127|LTR_270-int	Populus_pruinosa	Chr4	23098518	23099127	LTR	LTR/Copia
Populus_pruinosa|Chr4:23099127-23099224|TIR_7	Populus_pruinosa	Chr4	23099127	23099224	TIR	DNA/other
Populus_pruinosa|Chr4:23101146-23101317|LTR_124-LTR	Populus_pruinosa	Chr4	23101146	23101317	LTR	LTR/Gypsy
Populus_pruinosa|Chr4:23107876-23108041|TIR_1	Populus_pruinosa	Chr4	23107876	23108041	TIR	DNA/TcMar
Populus_pruinosa|Chr4:25380179-25380361|Denovo_Non_LTR_10	Populus_pruinosa	Chr4	25380179	25380361	non-LTR	SINE/tRNA
Populus_pruinosa|Chr4:26729822-26729915|LTR_269-int	Populus_pruinosa	Chr4	26729822	26729915	LTR	LTR/Copia
Populus_pruinosa|Chr4:26732845-26732958|TIR_21	Populus_pruinosa	Chr4	26732845	26732958	TIR	DNA/MULE
Populus_pruinosa|Chr4:26732859-26733008|TIR_31	Populus_pruinosa	Chr4	26732859	26733008	LTR	LTR/Gypsy
Populus_pruinosa|Chr4:26733063-26741426|TIR_31	Populus_pruinosa	Chr4	26733063	26741426	LTR	LTR/Gypsy
Populus_pruinosa|Chr4:28977080-28977494|LTR_147-LTR	Populus_pruinosa	Chr4	28977080	28977494	LTR	LTR/Gypsy
Populus_pruinosa|Chr4:30320132-30320286|LTR_270-int	Populus_pruinosa	Chr4	30320132	30320286	LTR	LTR/Copia
Populus_pruinosa|Chr5:5326478-5326611|TIR_4	Populus_pruinosa	Chr5	5326478	5326611	TIR	DNA/TcMar
Populus_pruinosa|Chr5:5326624-5326772|TIR_4	Populus_pruinosa	Chr5	5326624	5326772	TIR	DNA/TcMar
Populus_pruinosa|Chr5:8100346-8100612|TIR_40	Populus_pruinosa	Chr5	8100346	8100612	Helitron	RC/Helitron
Populus_pruinosa|Chr5:9049335-9049675|TIR_41	Populus_pruinosa	Chr5	9049335	9049675	TIR	DNA/PIF-Harbinger
Populus_pruinosa|Chr5:9049808-9050068|TIR_7	Populus_pruinosa	Chr5	9049808	9050068	TIR	DNA/other
Populus_pruinosa|Chr5:9050240-9050424|Denovo_Non_LTR_9	Populus_pruinosa	Chr5	9050240	9050424	non-LTR	SINE/tRNA
Populus_pruinosa|Chr5:9050493-9050699|LTR_269-int	Populus_pruinosa	Chr5	9050493	9050699	LTR	LTR/Copia
Populus_pruinosa|Chr5:9052819-9052939|TIR_4	Populus_pruinosa	Chr5	9052819	9052939	TIR	DNA/TcMar
Populus_pruinosa|Chr5:9053685-9053872|Denovo_Non_LTR_2	Populus_pruinosa	Chr5	9053685	9053872	non-LTR	SINE/tRNA
Populus_pruinosa|Chr5:23281286-23281897|LTR_165-LTR	Populus_pruinosa	Chr5	23281286	23281897	LTR	LTR/Gypsy
Populus_pruinosa|Chr5:26054049-26054438|TIR_19	Populus_pruinosa	Chr5	26054049	26054438	TIR	DNA/TcMar
Populus_pruinosa|Chr5:26059118-26059840|Denovo_Non_LTR_1	Populus_pruinosa	Chr5	26059118	26059840	TIR	DNA/hAT
Populus_pruinosa|Chr5:26309215-26309407|TIR_4	Populus_pruinosa	Chr5	26309215	26309407	TIR	DNA/TcMar
Populus_pruinosa|Chr5:29409515-29409679|TIR_43	Populus_pruinosa	Chr5	29409515	29409679	TIR	DNA/PIF-Harbinger
Populus_pruinosa|Chr5:29412051-29412226|TIR_4	Populus_pruinosa	Chr5	29412051	29412226	TIR	DNA/TcMar
Populus_pruinosa|Chr5:31205964-31206082|TIR_12	Populus_pruinosa	Chr5	31205964	31206082	TIR	DNA/PIF-Harbinger
Populus_pruinosa|Chr5:31206082-31206767|Denovo_Non_LTR_1	Populus_pruinosa	Chr5	31206082	31206767	TIR	DNA/hAT
Populus_pruinosa|Chr6:2195564-2195617|Denovo_Non_LTR_9	Populus_pruinosa	Chr6	2195564	2195617	non-LTR	SINE/tRNA
Populus_pruinosa|Chr6:2200890-2201051|TIR_4	Populus_pruinosa	Chr6	2200890	2201051	TIR	DNA/TcMar
Populus_pruinosa|Chr6:2705972-2706064|Denovo_Non_LTR_6	Populus_pruinosa	Chr6	2705972	2706064	non-LTR	SINE/tRNA
Populus_pruinosa|Chr6:6400992-6401143|TIR_42	Populus_pruinosa	Chr6	6400992	6401143	TIR	DNA/TcMar
Populus_pruinosa|Chr6:32077189-32077562|TIR_40	Populus_pruinosa	Chr6	32077189	32077562	Helitron	RC/Helitron
Populus_pruinosa|Chr6:33935400-33936518|TIR_12	Populus_pruinosa	Chr6	33935400	33936518	TIR	DNA/PIF-Harbinger
Populus_pruinosa|Chr6:33936518-33937075|Denovo_Non_LTR_1	Populus_pruinosa	Chr6	33936518	33937075	TIR	DNA/hAT
Populus_pruinosa|Chr7:475060-475122|LTR_269-int	Populus_pruinosa	Chr7	475060	475122	LTR	LTR/Copia
Populus_pruinosa|Chr7:477372-477563|TIR_4	Populus_pruinosa	Chr7	477372	477563	TIR	DNA/TcMar
Populus_pruinosa|Chr7:478145-478482|TIR_41	Populus_pruinosa	Chr7	478145	478482	TIR	DNA/PIF-Harbinger
Populus_pruinosa|Chr7:1539320-1539466|Denovo_Non_LTR_7	Populus_pruinosa	Chr7	1539320	1539466	non-LTR	SINE/tRNA
Populus_pruinosa|Chr7:1539321-1539484|LTR_269-int	Populus_pruinosa	Chr7	1539321	1539484	LTR	LTR/Copia
Populus_pruinosa|Chr7:15523628-15524034|TIR_8	Populus_pruinosa	Chr7	15523628	15524034	TIR	DNA/PIF-Harbinger
Populus_pruinosa|Chr7:15524117-15524312|TIR_4	Populus_pruinosa	Chr7	15524117	15524312	TIR	DNA/TcMar
Populus_pruinosa|Chr7:15532690-15532846|LTR_269-int	Populus_pruinosa	Chr7	15532690	15532846	LTR	LTR/Copia
Populus_pruinosa|Chr8:830159-830219|Denovo_Non_LTR_2	Populus_pruinosa	Chr8	830159	830219	non-LTR	SINE/tRNA
Populus_pruinosa|Chr8:830821-831424|Denovo_Non_LTR_1	Populus_pruinosa	Chr8	830821	831424	TIR	DNA/hAT
Populus_pruinosa|Chr8:831424-831456|TIR_12	Populus_pruinosa	Chr8	831424	831456	TIR	DNA/PIF-Harbinger
Populus_pruinosa|Chr8:6772707-6772934|TIR_7	Populus_pruinosa	Chr8	6772707	6772934	TIR	DNA/other
Populus_pruinosa|Chr9:7164792-7165008|TIR_40	Populus_pruinosa	Chr9	7164792	7165008	Helitron	RC/Helitron
Populus_pruinosa|Chr9:11999297-11999496|TIR_16	Populus_pruinosa	Chr9	11999297	11999496	TIR	DNA/PIF-Harbinger
Populus_pruinosa|Chr9:13768358-13768549|Denovo_Non_LTR_6	Populus_pruinosa	Chr9	13768358	13768549	non-LTR	SINE/tRNA
Populus_pruinosa|Chr9:15452564-15452598|LTR_147-LTR	Populus_pruinosa	Chr9	15452564	15452598	LTR	LTR/Gypsy
Populus_pruinosa|Chr9:15966870-15967053|TIR_4	Populus_pruinosa	Chr9	15966870	15967053	TIR	DNA/TcMar
Populus_pseudoglauca|Chr1:11438249-11438369|TIR_82	Populus_pseudoglauca	Chr1	11438249	11438369	TIR	DNA/other
Populus_pseudoglauca|Chr1:11438714-11438874|TIR_82	Populus_pseudoglauca	Chr1	11438714	11438874	TIR	DNA/other
Populus_pseudoglauca|Chr1:11799046-11799174|TIR_145	Populus_pseudoglauca	Chr1	11799046	11799174	TIR	DNA/TcMar
Populus_pseudoglauca|Chr1:11803123-11803284|TIR_82	Populus_pseudoglauca	Chr1	11803123	11803284	TIR	DNA/other
Populus_pseudoglauca|Chr1:39325042-39325762|LTR_1292-int	Populus_pseudoglauca	Chr1	39325042	39325762	LTR	LTR/Copia
Populus_pseudoglauca|Chr1:42448579-42450845|TIR_123	Populus_pseudoglauca	Chr1	42448579	42450845	TIR	DNA/hAT
Populus_pseudoglauca|Chr1:42451857-42452043|TIR_74	Populus_pseudoglauca	Chr1	42451857	42452043	TIR	DNA/hAT
Populus_pseudoglauca|Chr1:42453146-42453318|TIR_74	Populus_pseudoglauca	Chr1	42453146	42453318	TIR	DNA/hAT
Populus_pseudoglauca|Chr1:42459952-42460108|TIR_82	Populus_pseudoglauca	Chr1	42459952	42460108	TIR	DNA/other
Populus_pseudoglauca|Chr1:42460269-42460379|TIR_82	Populus_pseudoglauca	Chr1	42460269	42460379	TIR	DNA/other
Populus_pseudoglauca|Chr1:47615561-47615683|TIR_51	Populus_pseudoglauca	Chr1	47615561	47615683	TIR	DNA/TcMar
Populus_pseudoglauca|Chr1:47620098-47620255|TIR_82	Populus_pseudoglauca	Chr1	47620098	47620255	TIR	DNA/other
Populus_pseudoglauca|Chr1:52072785-52072864|TIR_164	Populus_pseudoglauca	Chr1	52072785	52072864	TIR	DNA/other
Populus_pseudoglauca|Chr10:12176853-12176972|TIR_25	Populus_pseudoglauca	Chr10	12176853	12176972	TIR	DNA/other
Populus_pseudoglauca|Chr10:14305526-14305706|TIR_25	Populus_pseudoglauca	Chr10	14305526	14305706	TIR	DNA/other
Populus_pseudoglauca|Chr10:14309689-14309861|TIR_167	Populus_pseudoglauca	Chr10	14309689	14309861	TIR	DNA/PIF-Harbinger
Populus_pseudoglauca|Chr10:14310443-14310554|TIR_167	Populus_pseudoglauca	Chr10	14310443	14310554	TIR	DNA/PIF-Harbinger
Populus_pseudoglauca|Chr10:18751375-18751560|TIR_25	Populus_pseudoglauca	Chr10	18751375	18751560	TIR	DNA/other
Populus_pseudoglauca|Chr10:19784141-19784283|TIR_25	Populus_pseudoglauca	Chr10	19784141	19784283	TIR	DNA/other
Populus_pseudoglauca|Chr10:19784388-19784565|TIR_25	Populus_pseudoglauca	Chr10	19784388	19784565	TIR	DNA/other
Populus_pseudoglauca|Chr11:301584-303132|LTR_1144-int	Populus_pseudoglauca	Chr11	301584	303132	LTR	LTR/Copia
Populus_pseudoglauca|Chr11:302210-303587|LTR_138-LTR	Populus_pseudoglauca	Chr11	302210	303587	LTR	LTR/Gypsy
Populus_pseudoglauca|Chr11:688837-688874|TIR_10	Populus_pseudoglauca	Chr11	688837	688874	non-LTR	LINE/L1
Populus_pseudoglauca|Chr11:6681900-6682156|TIR_21	Populus_pseudoglauca	Chr11	6681900	6682156	TIR	DNA/TcMar
Populus_pseudoglauca|Chr11:6684248-6684429|TIR_25	Populus_pseudoglauca	Chr11	6684248	6684429	TIR	DNA/other
Populus_pseudoglauca|Chr11:7573156-7573319|TIR_23	Populus_pseudoglauca	Chr11	7573156	7573319	TIR	DNA/PIF-Harbinger
Populus_pseudoglauca|Chr11:7573311-7573597|TIR_93	Populus_pseudoglauca	Chr11	7573311	7573597	TIR	DNA/PIF-Harbinger
Populus_pseudoglauca|Chr11:7576087-7576246|TIR_73	Populus_pseudoglauca	Chr11	7576087	7576246	TIR	DNA/TcMar
Populus_pseudoglauca|Chr12:447341-447485|Denovo_Non_LTR_11	Populus_pseudoglauca	Chr12	447341	447485	TIR	DNA/hAT
Populus_pseudoglauca|Chr12:7059172-7059988|TIR_167	Populus_pseudoglauca	Chr12	7059172	7059988	TIR	DNA/PIF-Harbinger
Populus_pseudoglauca|Chr12:7061203-7061343|TIR_61	Populus_pseudoglauca	Chr12	7061203	7061343	TIR	DNA/hAT
Populus_pseudoglauca|Chr12:15570632-15570804|TIR_25	Populus_pseudoglauca	Chr12	15570632	15570804	TIR	DNA/other
Populus_pseudoglauca|Chr12:15570865-15571050|TIR_73	Populus_pseudoglauca	Chr12	15570865	15571050	TIR	DNA/TcMar
Populus_pseudoglauca|Chr12:15570877-15571075|TIR_17	Populus_pseudoglauca	Chr12	15570877	15571075	TIR	DNA/PIF-Harbinger
Populus_pseudoglauca|Chr12:15571138-15571290|TIR_25	Populus_pseudoglauca	Chr12	15571138	15571290	TIR	DNA/other
Populus_pseudoglauca|Chr13:15570643-15570861|TIR_168	Populus_pseudoglauca	Chr13	15570643	15570861	TIR	DNA/TcMar
Populus_pseudoglauca|Chr13:15571893-15572082|TIR_25	Populus_pseudoglauca	Chr13	15571893	15572082	TIR	DNA/other
Populus_pseudoglauca|Chr13:15575285-15575357|TIR_25	Populus_pseudoglauca	Chr13	15575285	15575357	TIR	DNA/other
Populus_pseudoglauca|Chr14:1229740-1229790|Denovo_Non_LTR_12	Populus_pseudoglauca	Chr14	1229740	1229790	non-LTR	SINE/tRNA
Populus_pseudoglauca|Chr14:15731715-15731759|LTR_1093-int	Populus_pseudoglauca	Chr14	15731715	15731759	LTR	LTR/Gypsy
Populus_pseudoglauca|Chr14:17565081-17565237|TIR_105	Populus_pseudoglauca	Chr14	17565081	17565237	TIR	DNA/hAT
Populus_pseudoglauca|Chr15:5493585-5493758|Denovo_Non_LTR_9	Populus_pseudoglauca	Chr15	5493585	5493758	non-LTR	SINE/tRNA
Populus_pseudoglauca|Chr15:5494691-5494827|TIR_25	Populus_pseudoglauca	Chr15	5494691	5494827	TIR	DNA/other
Populus_pseudoglauca|Chr16:2387262-2387465|TIR_25	Populus_pseudoglauca	Chr16	2387262	2387465	TIR	DNA/other
Populus_pseudoglauca|Chr16:12838494-12838585|Homology_Non_LTR_2	Populus_pseudoglauca	Chr16	12838494	12838585	non-LTR	SINE/tRNA
Populus_pseudoglauca|Chr17:2460237-2460385|TIR_68	Populus_pseudoglauca	Chr17	2460237	2460385	TIR	DNA/hAT
Populus_pseudoglauca|Chr17:13259097-13259406|TIR_20	Populus_pseudoglauca	Chr17	13259097	13259406	TIR	DNA/CMC-EnSpm
Populus_pseudoglauca|Chr17:13267685-13267904|TIR_164	Populus_pseudoglauca	Chr17	13267685	13267904	TIR	DNA/other
Populus_pseudoglauca|Chr17:13267909-13268095|LTR_480-LTR	Populus_pseudoglauca	Chr17	13267909	13268095	LTR	LTR/Copia
Populus_pseudoglauca|Chr17:14843233-14843339|TIR_25	Populus_pseudoglauca	Chr17	14843233	14843339	TIR	DNA/other
Populus_pseudoglauca|Chr17:14843241-14843361|TIR_74	Populus_pseudoglauca	Chr17	14843241	14843361	TIR	DNA/hAT
Populus_pseudoglauca|Chr17:15346949-15347001|TIR_147	Populus_pseudoglauca	Chr17	15346949	15347001	TIR	DNA/CMC-EnSpm
Populus_pseudoglauca|Chr17:15348099-15348189|TIR_164	Populus_pseudoglauca	Chr17	15348099	15348189	TIR	DNA/other
Populus_pseudoglauca|Chr17:15352088-15352892|TIR_167	Populus_pseudoglauca	Chr17	15352088	15352892	TIR	DNA/PIF-Harbinger
Populus_pseudoglauca|Chr19:7192351-7192441|TIR_21	Populus_pseudoglauca	Chr19	7192351	7192441	TIR	DNA/TcMar
Populus_pseudoglauca|Chr19:7192777-7192921|TIR_25	Populus_pseudoglauca	Chr19	7192777	7192921	TIR	DNA/other
Populus_pseudoglauca|Chr19:7192942-7193139|TIR_74	Populus_pseudoglauca	Chr19	7192942	7193139	TIR	DNA/hAT
Populus_pseudoglauca|Chr19:7193139-7193175|TIR_110	Populus_pseudoglauca	Chr19	7193139	7193175	TIR	DNA/TcMar
Populus_pseudoglauca|Chr19:7195655-7195702|TIR_82	Populus_pseudoglauca	Chr19	7195655	7195702	TIR	DNA/other
Populus_pseudoglauca|Chr19:7196852-7197703|TIR_48	Populus_pseudoglauca	Chr19	7196852	7197703	TIR	DNA/hAT
Populus_pseudoglauca|Chr19:8909866-8910070|TIR_25	Populus_pseudoglauca	Chr19	8909866	8910070	TIR	DNA/other
Populus_pseudoglauca|Chr19:10094681-10094831|TIR_110	Populus_pseudoglauca	Chr19	10094681	10094831	TIR	DNA/TcMar
Populus_pseudoglauca|Chr19:10094698-10094832|Denovo_Non_LTR_11	Populus_pseudoglauca	Chr19	10094698	10094832	TIR	DNA/hAT
Populus_pseudoglauca|Chr19:10094959-10095017|TIR_20	Populus_pseudoglauca	Chr19	10094959	10095017	TIR	DNA/CMC-EnSpm
Populus_pseudoglauca|Chr19:10098370-10098569|TIR_25	Populus_pseudoglauca	Chr19	10098370	10098569	TIR	DNA/other
Populus_pseudoglauca|Chr19:10516899-10516989|TIR_74	Populus_pseudoglauca	Chr19	10516899	10516989	TIR	DNA/hAT
Populus_pseudoglauca|Chr19:10520283-10520378|LTR_476-LTR	Populus_pseudoglauca	Chr19	10520283	10520378	LTR	LTR/Gypsy
Populus_pseudoglauca|Chr19:11055502-11055690|TIR_25	Populus_pseudoglauca	Chr19	11055502	11055690	TIR	DNA/other
Populus_pseudoglauca|Chr19:12843070-12843234|TIR_74	Populus_pseudoglauca	Chr19	12843070	12843234	TIR	DNA/hAT
Populus_pseudoglauca|Chr19:12855024-12855120|TIR_21	Populus_pseudoglauca	Chr19	12855024	12855120	TIR	DNA/TcMar
Populus_pseudoglauca|Chr2:2738626-2738822|Denovo_Non_LTR_10	Populus_pseudoglauca	Chr2	2738626	2738822	non-LTR	SINE/tRNA
Populus_pseudoglauca|Chr2:4344871-4345045|TIR_144	Populus_pseudoglauca	Chr2	4344871	4345045	TIR	DNA/hAT
Populus_pseudoglauca|Chr2:4352285-4352619|TIR_36	Populus_pseudoglauca	Chr2	4352285	4352619	TIR	DNA/CMC-EnSpm
Populus_pseudoglauca|Chr2:4352855-4354502|TIR_2	Populus_pseudoglauca	Chr2	4352855	4354502	TIR	DNA/CMC-EnSpm
Populus_pseudoglauca|Chr2:6427355-6427471|TIR_51	Populus_pseudoglauca	Chr2	6427355	6427471	TIR	DNA/TcMar
Populus_pseudoglauca|Chr2:6427471-6427508|TIR_144	Populus_pseudoglauca	Chr2	6427471	6427508	TIR	DNA/hAT
Populus_pseudoglauca|Chr2:6432029-6432134|Denovo_Non_LTR_14	Populus_pseudoglauca	Chr2	6432029	6432134	LTR	LTR/other
Populus_pseudoglauca|Chr2:6432161-6432283|Denovo_Non_LTR_14	Populus_pseudoglauca	Chr2	6432161	6432283	LTR	LTR/other
Populus_pseudoglauca|Chr2:6432284-6432429|Denovo_Non_LTR_14	Populus_pseudoglauca	Chr2	6432284	6432429	LTR	LTR/other
Populus_pseudoglauca|Chr2:6432500-6432528|TIR_10	Populus_pseudoglauca	Chr2	6432500	6432528	non-LTR	LINE/L1
Populus_pseudoglauca|Chr2:6432555-6433672|TIR_10	Populus_pseudoglauca	Chr2	6432555	6433672	non-LTR	LINE/L1
Populus_pseudoglauca|Chr2:9273139-9273187|TIR_25	Populus_pseudoglauca	Chr2	9273139	9273187	TIR	DNA/other
Populus_pseudoglauca|Chr2:9273187-9273313|Denovo_Non_LTR_11	Populus_pseudoglauca	Chr2	9273187	9273313	TIR	DNA/hAT
Populus_pseudoglauca|Chr2:26721749-26721945|TIR_25	Populus_pseudoglauca	Chr2	26721749	26721945	TIR	DNA/other
Populus_pseudoglauca|Chr2:26726614-26726801|TIR_25	Populus_pseudoglauca	Chr2	26726614	26726801	TIR	DNA/other
Populus_pseudoglauca|Chr2:29395996-29396072|LTR_885-int	Populus_pseudoglauca	Chr2	29395996	29396072	LTR	LTR/Gypsy
Populus_pseudoglauca|Chr2:29396288-29396877|LTR_1235-int	Populus_pseudoglauca	Chr2	29396288	29396877	LTR	LTR/Gypsy
Populus_pseudoglauca|Chr2:29399955-29400083|TIR_17	Populus_pseudoglauca	Chr2	29399955	29400083	TIR	DNA/PIF-Harbinger
Populus_pseudoglauca|Chr2:29399969-29400104|TIR_83	Populus_pseudoglauca	Chr2	29399969	29400104	TIR	DNA/other
Populus_pseudoglauca|Chr3:2064124-2064385|TIR_164	Populus_pseudoglauca	Chr3	2064124	2064385	TIR	DNA/other
Populus_pseudoglauca|Chr3:6462767-6462945|Denovo_Non_LTR_9	Populus_pseudoglauca	Chr3	6462767	6462945	non-LTR	SINE/tRNA
Populus_pseudoglauca|Chr3:6463510-6466670|LTR_1338-int	Populus_pseudoglauca	Chr3	6463510	6466670	LTR	LTR/Copia
Populus_pseudoglauca|Chr3:7523261-7523315|TIR_25	Populus_pseudoglauca	Chr3	7523261	7523315	TIR	DNA/other
Populus_pseudoglauca|Chr3:7523340-7523421|TIR_25	Populus_pseudoglauca	Chr3	7523340	7523421	TIR	DNA/other
Populus_pseudoglauca|Chr3:7523769-7523925|TIR_82	Populus_pseudoglauca	Chr3	7523769	7523925	TIR	DNA/other
Populus_pseudoglauca|Chr3:7524656-7524826|TIR_25	Populus_pseudoglauca	Chr3	7524656	7524826	TIR	DNA/other
Populus_pseudoglauca|Chr3:7528886-7529058|Denovo_Non_LTR_9	Populus_pseudoglauca	Chr3	7528886	7529058	non-LTR	SINE/tRNA
Populus_pseudoglauca|Chr3:8009866-8009916|LTR_849-int	Populus_pseudoglauca	Chr3	8009866	8009916	LTR	LTR/Copia
Populus_pseudoglauca|Chr3:8012470-8012623|TIR_73	Populus_pseudoglauca	Chr3	8012470	8012623	TIR	DNA/TcMar
Populus_pseudoglauca|Chr3:8013259-8013412|TIR_25	Populus_pseudoglauca	Chr3	8013259	8013412	TIR	DNA/other
Populus_pseudoglauca|Chr3:16121156-16121834|LTR_345-LTR	Populus_pseudoglauca	Chr3	16121156	16121834	LTR	LTR/Copia
Populus_pseudoglauca|Chr4:2181406-2181584|TIR_73	Populus_pseudoglauca	Chr4	2181406	2181584	TIR	DNA/TcMar
Populus_pseudoglauca|Chr4:3082363-3082491|TIR_51	Populus_pseudoglauca	Chr4	3082363	3082491	TIR	DNA/TcMar
Populus_pseudoglauca|Chr4:3086404-3086617|TIR_19	Populus_pseudoglauca	Chr4	3086404	3086617	TIR	DNA/PIF-Harbinger
Populus_pseudoglauca|Chr4:4789908-4790073|TIR_51	Populus_pseudoglauca	Chr4	4789908	4790073	TIR	DNA/TcMar
Populus_pseudoglauca|Chr4:4790032-4790071|TIR_25	Populus_pseudoglauca	Chr4	4790032	4790071	TIR	DNA/other
Populus_pseudoglauca|Chr4:4790777-4790926|TIR_82	Populus_pseudoglauca	Chr4	4790777	4790926	TIR	DNA/other
Populus_pseudoglauca|Chr4:4791286-4791443|TIR_82	Populus_pseudoglauca	Chr4	4791286	4791443	TIR	DNA/other
Populus_pseudoglauca|Chr4:4982301-4982450|TIR_25	Populus_pseudoglauca	Chr4	4982301	4982450	TIR	DNA/other
Populus_pseudoglauca|Chr4:4982450-4982493|TIR_110	Populus_pseudoglauca	Chr4	4982450	4982493	TIR	DNA/TcMar
Populus_pseudoglauca|Chr4:6729327-6729416|TIR_82	Populus_pseudoglauca	Chr4	6729327	6729416	TIR	DNA/other
Populus_pseudoglauca|Chr4:6730175-6730191|TIR_51	Populus_pseudoglauca	Chr4	6730175	6730191	TIR	DNA/TcMar
Populus_pseudoglauca|Chr4:6730191-6730323|TIR_104	Populus_pseudoglauca	Chr4	6730191	6730323	TIR	DNA/hAT
Populus_pseudoglauca|Chr4:6730279-6730517|TIR_104	Populus_pseudoglauca	Chr4	6730279	6730517	TIR	DNA/hAT
Populus_pseudoglauca|Chr4:6730349-6730519|TIR_110	Populus_pseudoglauca	Chr4	6730349	6730519	TIR	DNA/TcMar
Populus_pseudoglauca|Chr4:9023470-9023541|TIR_25	Populus_pseudoglauca	Chr4	9023470	9023541	TIR	DNA/other
Populus_pseudoglauca|Chr4:9023541-9023576|TIR_19	Populus_pseudoglauca	Chr4	9023541	9023576	TIR	DNA/PIF-Harbinger
Populus_pseudoglauca|Chr4:9023639-9023839|TIR_74	Populus_pseudoglauca	Chr4	9023639	9023839	TIR	DNA/hAT
Populus_pseudoglauca|Chr4:9023887-9024072|TIR_71	Populus_pseudoglauca	Chr4	9023887	9024072	TIR	DNA/hAT
Populus_pseudoglauca|Chr4:9024112-9024299|TIR_25	Populus_pseudoglauca	Chr4	9024112	9024299	TIR	DNA/other
Populus_pseudoglauca|Chr4:9027662-9027716|TIR_17	Populus_pseudoglauca	Chr4	9027662	9027716	TIR	DNA/PIF-Harbinger
Populus_pseudoglauca|Chr4:9767527-9767699|TIR_31	Populus_pseudoglauca	Chr4	9767527	9767699	TIR	DNA/hAT
Populus_pseudoglauca|Chr4:9767773-9767932|TIR_31	Populus_pseudoglauca	Chr4	9767773	9767932	TIR	DNA/hAT
Populus_pseudoglauca|Chr4:9768467-9768654|TIR_167	Populus_pseudoglauca	Chr4	9768467	9768654	TIR	DNA/PIF-Harbinger
Populus_pseudoglauca|Chr4:13104590-13104666|LTR_1353-int	Populus_pseudoglauca	Chr4	13104590	13104666	LTR	LTR/Copia
Populus_pseudoglauca|Chr4:13111814-13111959|Denovo_Non_LTR_11	Populus_pseudoglauca	Chr4	13111814	13111959	TIR	DNA/hAT
Populus_pseudoglauca|Chr4:13111959-13111988|TIR_144	Populus_pseudoglauca	Chr4	13111959	13111988	TIR	DNA/hAT
Populus_pseudoglauca|Chr4:13111959-13112012|TIR_73	Populus_pseudoglauca	Chr4	13111959	13112012	TIR	DNA/TcMar
Populus_pseudoglauca|Chr4:13112040-13112931|TIR_167	Populus_pseudoglauca	Chr4	13112040	13112931	TIR	DNA/PIF-Harbinger
Populus_pseudoglauca|Chr4:16503463-16503595|Denovo_Non_LTR_11	Populus_pseudoglauca	Chr4	16503463	16503595	TIR	DNA/hAT
Populus_pseudoglauca|Chr4:16503595-16503633|TIR_25	Populus_pseudoglauca	Chr4	16503595	16503633	TIR	DNA/other
Populus_pseudoglauca|Chr4:16507036-16507150|LTR_413-LTR	Populus_pseudoglauca	Chr4	16507036	16507150	LTR	LTR/Gypsy
Populus_pseudoglauca|Chr5:181173-181229|TIR_120	Populus_pseudoglauca	Chr5	181173	181229	TIR	DNA/hAT
Populus_pseudoglauca|Chr5:1076584-1077334|TIR_113	Populus_pseudoglauca	Chr5	1076584	1077334	TIR	DNA/PIF-Harbinger
Populus_pseudoglauca|Chr5:1080011-1080212|Denovo_Non_LTR_12	Populus_pseudoglauca	Chr5	1080011	1080212	non-LTR	SINE/tRNA
Populus_pseudoglauca|Chr5:1992274-1992391|TIR_51	Populus_pseudoglauca	Chr5	1992274	1992391	TIR	DNA/TcMar
Populus_pseudoglauca|Chr5:1995286-1995429|Denovo_Non_LTR_11	Populus_pseudoglauca	Chr5	1995286	1995429	TIR	DNA/hAT
Populus_pseudoglauca|Chr5:1995429-1995474|TIR_74	Populus_pseudoglauca	Chr5	1995429	1995474	TIR	DNA/hAT
Populus_pseudoglauca|Chr5:1995594-1995736|Denovo_Non_LTR_11	Populus_pseudoglauca	Chr5	1995594	1995736	TIR	DNA/hAT
Populus_pseudoglauca|Chr5:1995611-1995757|TIR_51	Populus_pseudoglauca	Chr5	1995611	1995757	TIR	DNA/TcMar
Populus_pseudoglauca|Chr5:1995736-1995757|TIR_25	Populus_pseudoglauca	Chr5	1995736	1995757	TIR	DNA/other
Populus_pseudoglauca|Chr5:3110756-3110854|TIR_8	Populus_pseudoglauca	Chr5	3110756	3110854	non-LTR	SINE/tRNA
Populus_pseudoglauca|Chr5:5227503-5227560|Homology_Non_LTR_2	Populus_pseudoglauca	Chr5	5227503	5227560	non-LTR	SINE/tRNA
Populus_pseudoglauca|Chr5:5227759-5227906|Denovo_Non_LTR_9	Populus_pseudoglauca	Chr5	5227759	5227906	non-LTR	SINE/tRNA
Populus_pseudoglauca|Chr5:5234718-5234905|LTR_1230-int	Populus_pseudoglauca	Chr5	5234718	5234905	LTR	LTR/Gypsy
Populus_pseudoglauca|Chr5:5459434-5459561|Homology_Non_LTR_2	Populus_pseudoglauca	Chr5	5459434	5459561	non-LTR	SINE/tRNA
Populus_pseudoglauca|Chr5:5459568-5459779|Denovo_Non_LTR_9	Populus_pseudoglauca	Chr5	5459568	5459779	non-LTR	SINE/tRNA
Populus_pseudoglauca|Chr5:5460554-5460693|TIR_165	Populus_pseudoglauca	Chr5	5460554	5460693	TIR	DNA/PIF-Harbinger
Populus_pseudoglauca|Chr5:7959150-7959737|LTR_1181-int	Populus_pseudoglauca	Chr5	7959150	7959737	LTR	LTR/Gypsy
Populus_pseudoglauca|Chr5:7959330-7959822|LTR_465-LTR	Populus_pseudoglauca	Chr5	7959330	7959822	LTR	LTR/Gypsy
Populus_pseudoglauca|Chr5:7960242-7960440|TIR_19	Populus_pseudoglauca	Chr5	7960242	7960440	TIR	DNA/PIF-Harbinger
Populus_pseudoglauca|Chr5:15936533-15936627|LTR_761-LTR	Populus_pseudoglauca	Chr5	15936533	15936627	LTR	LTR/Copia
Populus_pseudoglauca|Chr5:15937685-15937964|LTR_628-LTR	Populus_pseudoglauca	Chr5	15937685	15937964	LTR	LTR/Copia
Populus_pseudoglauca|Chr5:15937966-15939656|LTR_1307-int	Populus_pseudoglauca	Chr5	15937966	15939656	LTR	LTR/Copia
Populus_pseudoglauca|Chr5:16593119-16593290|Homology_Non_LTR_2	Populus_pseudoglauca	Chr5	16593119	16593290	non-LTR	SINE/tRNA
Populus_pseudoglauca|Chr5:16593315-16593404|Homology_Non_LTR_2	Populus_pseudoglauca	Chr5	16593315	16593404	non-LTR	SINE/tRNA
Populus_pseudoglauca|Chr5:16594038-16594147|Denovo_Non_LTR_11	Populus_pseudoglauca	Chr5	16594038	16594147	TIR	DNA/hAT
Populus_pseudoglauca|Chr5:16596486-16596714|TIR_164	Populus_pseudoglauca	Chr5	16596486	16596714	TIR	DNA/other
Populus_pseudoglauca|Chr5:16596886-16597154|TIR_9	Populus_pseudoglauca	Chr5	16596886	16597154	TIR	DNA/PIF-Harbinger
Populus_pseudoglauca|Chr5:16596896-16597206|TIR_55	Populus_pseudoglauca	Chr5	16596896	16597206	TIR	DNA/hAT
Populus_pseudoglauca|Chr5:17707303-17707379|TIR_82	Populus_pseudoglauca	Chr5	17707303	17707379	TIR	DNA/other
Populus_pseudoglauca|Chr5:17707618-17707719|Denovo_Non_LTR_14	Populus_pseudoglauca	Chr5	17707618	17707719	LTR	LTR/other
Populus_pseudoglauca|Chr5:20482211-20482232|TIR_104	Populus_pseudoglauca	Chr5	20482211	20482232	TIR	DNA/hAT
Populus_pseudoglauca|Chr5:20482232-20482303|TIR_25	Populus_pseudoglauca	Chr5	20482232	20482303	TIR	DNA/other
Populus_pseudoglauca|Chr6:1662273-1663041|LTR_1173-int	Populus_pseudoglauca	Chr6	1662273	1663041	LTR	LTR/Gypsy
Populus_pseudoglauca|Chr6:1667018-1669568|TIR_2	Populus_pseudoglauca	Chr6	1667018	1669568	TIR	DNA/CMC-EnSpm
Populus_pseudoglauca|Chr6:15091405-15091558|Denovo_Non_LTR_9	Populus_pseudoglauca	Chr6	15091405	15091558	non-LTR	SINE/tRNA
Populus_pseudoglauca|Chr7:401346-401696|LTR_1216-int	Populus_pseudoglauca	Chr7	401346	401696	LTR	LTR/Gypsy
Populus_pseudoglauca|Chr7:402542-402644|TIR_164	Populus_pseudoglauca	Chr7	402542	402644	TIR	DNA/other
Populus_pseudoglauca|Chr7:402645-402713|TIR_142	Populus_pseudoglauca	Chr7	402645	402713	TIR	DNA/CMC-EnSpm
Populus_pseudoglauca|Chr7:404348-404504|TIR_82	Populus_pseudoglauca	Chr7	404348	404504	TIR	DNA/other
Populus_pseudoglauca|Chr7:404996-405130|TIR_82	Populus_pseudoglauca	Chr7	404996	405130	TIR	DNA/other
Populus_pseudoglauca|Chr7:15112169-15112455|TIR_21	Populus_pseudoglauca	Chr7	15112169	15112455	TIR	DNA/TcMar
Populus_pseudoglauca|Chr7:15651567-15653385|TIR_10	Populus_pseudoglauca	Chr7	15651567	15653385	non-LTR	LINE/L1
Populus_pseudoglauca|Chr7:22137578-22137779|TIR_74	Populus_pseudoglauca	Chr7	22137578	22137779	TIR	DNA/hAT
Populus_pseudoglauca|Chr7:22430422-22430569|TIR_25	Populus_pseudoglauca	Chr7	22430422	22430569	TIR	DNA/other
Populus_pseudoglauca|Chr7:22430569-22430601|TIR_74	Populus_pseudoglauca	Chr7	22430569	22430601	TIR	DNA/hAT
Populus_pseudoglauca|Chr7:22432374-22433125|TIR_12	Populus_pseudoglauca	Chr7	22432374	22433125	TIR	DNA/PIF-Harbinger
Populus_pseudoglauca|Chr7:22445155-22445379|TIR_77	Populus_pseudoglauca	Chr7	22445155	22445379	TIR	DNA/PIF-Harbinger
Populus_pseudoglauca|Chr8:327227-327256|TIR_25	Populus_pseudoglauca	Chr8	327227	327256	TIR	DNA/other
Populus_pseudoglauca|Chr8:327256-327371|TIR_73	Populus_pseudoglauca	Chr8	327256	327371	TIR	DNA/TcMar
Populus_pseudoglauca|Chr8:328461-328511|TIR_74	Populus_pseudoglauca	Chr8	328461	328511	TIR	DNA/hAT
Populus_pseudoglauca|Chr8:328547-328600|Denovo_Non_LTR_7	Populus_pseudoglauca	Chr8	328547	328600	non-LTR	SINE/tRNA
Populus_pseudoglauca|Chr8:333085-333125|TIR_82	Populus_pseudoglauca	Chr8	333085	333125	TIR	DNA/other
Populus_pseudoglauca|Chr8:333129-333230|Denovo_Non_LTR_14	Populus_pseudoglauca	Chr8	333129	333230	LTR	LTR/other
Populus_pseudoglauca|Chr8:3013399-3013547|TIR_104	Populus_pseudoglauca	Chr8	3013399	3013547	TIR	DNA/hAT
Populus_qiongdaoensis|Chr1:6330650-6332207|LTR_811-int	Populus_qiongdaoensis	Chr1	6330650	6332207	LTR	LTR/Copia
Populus_qiongdaoensis|Chr1:6332201-6332235|LTR_811-int	Populus_qiongdaoensis	Chr1	6332201	6332235	LTR	LTR/Copia
Populus_qiongdaoensis|Chr1:6332232-6332801|LTR_811-int	Populus_qiongdaoensis	Chr1	6332232	6332801	LTR	LTR/Copia
Populus_qiongdaoensis|Chr1:6332775-6333041|LTR_811-int	Populus_qiongdaoensis	Chr1	6332775	6333041	LTR	LTR/Copia
Populus_qiongdaoensis|Chr1:6333035-6333069|LTR_811-int	Populus_qiongdaoensis	Chr1	6333035	6333069	LTR	LTR/Copia
Populus_qiongdaoensis|Chr1:6333066-6334472|LTR_811-int	Populus_qiongdaoensis	Chr1	6333066	6334472	LTR	LTR/Copia
Populus_qiongdaoensis|Chr1:6334474-6334773|LTR_337-LTR	Populus_qiongdaoensis	Chr1	6334474	6334773	LTR	LTR/Copia
Populus_qiongdaoensis|Chr1:6334773-6336598|LTR_801-int	Populus_qiongdaoensis	Chr1	6334773	6336598	LTR	LTR/Copia
Populus_qiongdaoensis|Chr1:45208970-45212911|LTR_773-int	Populus_qiongdaoensis	Chr1	45208970	45212911	LTR	LTR/Copia
Populus_qiongdaoensis|Chr1:45212920-45213267|LTR_448-LTR	Populus_qiongdaoensis	Chr1	45212920	45213267	LTR	LTR/Copia
Populus_qiongdaoensis|Chr10:2442536-2443253|LTR_196-LTR	Populus_qiongdaoensis	Chr10	2442536	2443253	LTR	LTR/Gypsy
Populus_qiongdaoensis|Chr10:2444621-2445037|LTR_338-LTR	Populus_qiongdaoensis	Chr10	2444621	2445037	LTR	LTR/Gypsy
Populus_qiongdaoensis|Chr10:2445015-2445215|LTR_581-int	Populus_qiongdaoensis	Chr10	2445015	2445215	LTR	LTR/Gypsy
Populus_qiongdaoensis|Chr10:2446143-2446159|LTR_581-int	Populus_qiongdaoensis	Chr10	2446143	2446159	LTR	LTR/Gypsy
Populus_qiongdaoensis|Chr10:2446185-2446738|LTR_581-int	Populus_qiongdaoensis	Chr10	2446185	2446738	LTR	LTR/Gypsy
Populus_qiongdaoensis|Chr10:11732525-11732668|LTR_586-int	Populus_qiongdaoensis	Chr10	11732525	11732668	LTR	LTR/Copia
Populus_qiongdaoensis|Chr10:12674185-12674356|LTR_586-int	Populus_qiongdaoensis	Chr10	12674185	12674356	LTR	LTR/Copia
Populus_qiongdaoensis|Chr10:20991455-20991656|LTR_586-int	Populus_qiongdaoensis	Chr10	20991455	20991656	LTR	LTR/Copia
Populus_qiongdaoensis|Chr11:829295-829451|LTR_581-int	Populus_qiongdaoensis	Chr11	829295	829451	LTR	LTR/Gypsy
Populus_qiongdaoensis|Chr11:829944-830149|LTR_748-int	Populus_qiongdaoensis	Chr11	829944	830149	LTR	LTR/Copia
Populus_qiongdaoensis|Chr11:830145-830324|LTR_658-int	Populus_qiongdaoensis	Chr11	830145	830324	LTR	LTR/Copia
Populus_qiongdaoensis|Chr11:830166-830351|LTR_155-LTR	Populus_qiongdaoensis	Chr11	830166	830351	TIR	DNA/TcMar
Populus_qiongdaoensis|Chr11:830167-830477|LTR_748-int	Populus_qiongdaoensis	Chr11	830167	830477	LTR	LTR/Copia
Populus_qiongdaoensis|Chr11:830204-830936|LTR_581-int	Populus_qiongdaoensis	Chr11	830204	830936	LTR	LTR/Gypsy
Populus_qiongdaoensis|Chr11:830999-831128|LTR_688-int	Populus_qiongdaoensis	Chr11	830999	831128	LTR	LTR/Copia
Populus_qiongdaoensis|Chr11:831878-832250|LTR_581-int	Populus_qiongdaoensis	Chr11	831878	832250	LTR	LTR/Gypsy
Populus_qiongdaoensis|Chr11:832436-832575|LTR_823-int	Populus_qiongdaoensis	Chr11	832436	832575	LTR	LTR/Gypsy
Populus_qiongdaoensis|Chr11:833774-835137|LTR_710-int	Populus_qiongdaoensis	Chr11	833774	835137	LTR	LTR/Gypsy
Populus_qiongdaoensis|Chr11:1634857-1634880|LTR_710-int	Populus_qiongdaoensis	Chr11	1634857	1634880	LTR	LTR/Gypsy
Populus_qiongdaoensis|Chr11:1634880-1634995|LTR_586-int	Populus_qiongdaoensis	Chr11	1634880	1634995	LTR	LTR/Copia
Populus_qiongdaoensis|Chr11:1634995-1635022|LTR_710-int	Populus_qiongdaoensis	Chr11	1634995	1635022	LTR	LTR/Gypsy
Populus_qiongdaoensis|Chr11:1635372-1637022|LTR_519-int	Populus_qiongdaoensis	Chr11	1635372	1637022	LTR	LTR/Copia
Populus_qiongdaoensis|Chr11:3970169-3970344|LTR_586-int	Populus_qiongdaoensis	Chr11	3970169	3970344	LTR	LTR/Copia
Populus_qiongdaoensis|Chr11:3970358-3970488|LTR_586-int	Populus_qiongdaoensis	Chr11	3970358	3970488	LTR	LTR/Copia
Populus_qiongdaoensis|Chr11:3973166-3973289|Homology_Non_LTR_1	Populus_qiongdaoensis	Chr11	3973166	3973289	non-LTR	SINE/tRNA
Populus_qiongdaoensis|Chr11:8238819-8238907|LTR_586-int	Populus_qiongdaoensis	Chr11	8238819	8238907	LTR	LTR/Copia
Populus_qiongdaoensis|Chr13:11353900-11354090|LTR_630-int	Populus_qiongdaoensis	Chr13	11353900	11354090	LTR	LTR/Copia
Populus_qiongdaoensis|Chr13:11356134-11356473|LTR_409-LTR	Populus_qiongdaoensis	Chr13	11356134	11356473	LTR	LTR/Copia
Populus_qiongdaoensis|Chr13:11356658-11356793|LTR_586-int	Populus_qiongdaoensis	Chr13	11356658	11356793	LTR	LTR/Copia
Populus_qiongdaoensis|Chr13:11356793-11356814|LTR_710-int	Populus_qiongdaoensis	Chr13	11356793	11356814	LTR	LTR/Gypsy
Populus_qiongdaoensis|Chr15:3970369-3970475|LTR_710-int	Populus_qiongdaoensis	Chr15	3970369	3970475	LTR	LTR/Gypsy
Populus_qiongdaoensis|Chr15:4698798-4699003|LTR_196-LTR	Populus_qiongdaoensis	Chr15	4698798	4699003	LTR	LTR/Gypsy
Populus_qiongdaoensis|Chr15:4699168-4699442|LTR_196-LTR	Populus_qiongdaoensis	Chr15	4699168	4699442	LTR	LTR/Gypsy
Populus_qiongdaoensis|Chr15:4981508-4981612|LTR_586-int	Populus_qiongdaoensis	Chr15	4981508	4981612	LTR	LTR/Copia
Populus_qiongdaoensis|Chr15:4981612-4981623|LTR_710-int	Populus_qiongdaoensis	Chr15	4981612	4981623	LTR	LTR/Gypsy
Populus_qiongdaoensis|Chr15:4982306-4982450|LTR_257-LTR	Populus_qiongdaoensis	Chr15	4982306	4982450	LTR	LTR/Copia
Populus_qiongdaoensis|Chr15:4982426-4982650|LTR_778-int	Populus_qiongdaoensis	Chr15	4982426	4982650	LTR	LTR/Copia
Populus_qiongdaoensis|Chr15:8724070-8724242|LTR_710-int	Populus_qiongdaoensis	Chr15	8724070	8724242	LTR	LTR/Gypsy
Populus_qiongdaoensis|Chr15:8725032-8725181|Homology_Non_LTR_1	Populus_qiongdaoensis	Chr15	8725032	8725181	non-LTR	SINE/tRNA
Populus_qiongdaoensis|Chr15:8725181-8725281|Homology_Non_LTR_1	Populus_qiongdaoensis	Chr15	8725181	8725281	non-LTR	SINE/tRNA
Populus_qiongdaoensis|Chr15:8731801-8731966|LTR_586-int	Populus_qiongdaoensis	Chr15	8731801	8731966	LTR	LTR/Copia
Populus_qiongdaoensis|Chr15:8732152-8732324|LTR_630-int	Populus_qiongdaoensis	Chr15	8732152	8732324	LTR	LTR/Copia
Populus_qiongdaoensis|Chr15:8732642-8732802|LTR_20-LTR	Populus_qiongdaoensis	Chr15	8732642	8732802	LTR	LTR/Copia
Populus_qiongdaoensis|Chr16:6556137-6556283|LTR_586-int	Populus_qiongdaoensis	Chr16	6556137	6556283	LTR	LTR/Copia
Populus_qiongdaoensis|Chr16:6560477-6560644|Homology_Non_LTR_1	Populus_qiongdaoensis	Chr16	6560477	6560644	non-LTR	SINE/tRNA
Populus_qiongdaoensis|Chr16:7992908-7993072|LTR_586-int	Populus_qiongdaoensis	Chr16	7992908	7993072	LTR	LTR/Copia
Populus_qiongdaoensis|Chr16:7997379-7997409|LTR_748-int	Populus_qiongdaoensis	Chr16	7997379	7997409	LTR	LTR/Copia
Populus_qiongdaoensis|Chr16:7997409-7997516|LTR_155-LTR	Populus_qiongdaoensis	Chr16	7997409	7997516	TIR	DNA/TcMar
Populus_qiongdaoensis|Chr16:7997516-7998148|LTR_748-int	Populus_qiongdaoensis	Chr16	7997516	7998148	LTR	LTR/Copia
Populus_qiongdaoensis|Chr16:8001691-8001760|LTR_630-int	Populus_qiongdaoensis	Chr16	8001691	8001760	LTR	LTR/Copia
Populus_qiongdaoensis|Chr16:8002486-8002646|LTR_630-int	Populus_qiongdaoensis	Chr16	8002486	8002646	LTR	LTR/Copia
Populus_qiongdaoensis|Chr16:9005813-9006102|LTR_10-LTR	Populus_qiongdaoensis	Chr16	9005813	9006102	LTR	LTR/Gypsy
Populus_qiongdaoensis|Chr19:2013025-2013146|LTR_60-LTR	Populus_qiongdaoensis	Chr19	2013025	2013146	LTR	LTR/Copia
Populus_qiongdaoensis|Chr19:2022896-2022912|LTR_710-int	Populus_qiongdaoensis	Chr19	2022896	2022912	LTR	LTR/Gypsy
Populus_qiongdaoensis|Chr19:2022912-2023048|LTR_586-int	Populus_qiongdaoensis	Chr19	2022912	2023048	LTR	LTR/Copia
Populus_qiongdaoensis|Chr19:2023085-2023270|LTR_586-int	Populus_qiongdaoensis	Chr19	2023085	2023270	LTR	LTR/Copia
Populus_qiongdaoensis|Chr19:2023477-2023928|LTR_586-int	Populus_qiongdaoensis	Chr19	2023477	2023928	LTR	LTR/Copia
Populus_qiongdaoensis|Chr2:4728423-4728618|LTR_406-LTR	Populus_qiongdaoensis	Chr2	4728423	4728618	LTR	LTR/Gypsy
Populus_qiongdaoensis|Chr2:4731295-4731551|LTR_271-LTR	Populus_qiongdaoensis	Chr2	4731295	4731551	LTR	LTR/Copia
Populus_qiongdaoensis|Chr2:4731552-4736214|LTR_594-int	Populus_qiongdaoensis	Chr2	4731552	4736214	LTR	LTR/Copia
Populus_qiongdaoensis|Chr2:13361546-13361728|LTR_586-int	Populus_qiongdaoensis	Chr2	13361546	13361728	LTR	LTR/Copia
Populus_qiongdaoensis|Chr2:13362118-13362296|Homology_Non_LTR_0	Populus_qiongdaoensis	Chr2	13362118	13362296	non-LTR	SINE/tRNA
Populus_qiongdaoensis|Chr2:13362659-13362836|Denovo_Non_LTR_0	Populus_qiongdaoensis	Chr2	13362659	13362836	non-LTR	SINE/tRNA
Populus_qiongdaoensis|Chr2:17638423-17638589|LTR_710-int	Populus_qiongdaoensis	Chr2	17638423	17638589	LTR	LTR/Gypsy
Populus_qiongdaoensis|Chr2:17640543-17640693|LTR_710-int	Populus_qiongdaoensis	Chr2	17640543	17640693	LTR	LTR/Gypsy
Populus_qiongdaoensis|Chr2:17854641-17854791|Homology_Non_LTR_1	Populus_qiongdaoensis	Chr2	17854641	17854791	non-LTR	SINE/tRNA
Populus_qiongdaoensis|Chr2:21905242-21905415|LTR_710-int	Populus_qiongdaoensis	Chr2	21905242	21905415	LTR	LTR/Gypsy
Populus_qiongdaoensis|Chr3:7493668-7493817|Homology_Non_LTR_2	Populus_qiongdaoensis	Chr3	7493668	7493817	non-LTR	SINE?
Populus_qiongdaoensis|Chr3:7493693-7493818|Denovo_Non_LTR_1	Populus_qiongdaoensis	Chr3	7493693	7493818	non-LTR	SINE/tRNA
Populus_qiongdaoensis|Chr3:7494720-7494893|LTR_20-LTR	Populus_qiongdaoensis	Chr3	7494720	7494893	LTR	LTR/Copia
Populus_qiongdaoensis|Chr3:7494748-7494908|LTR_710-int	Populus_qiongdaoensis	Chr3	7494748	7494908	LTR	LTR/Gypsy
Populus_qiongdaoensis|Chr3:7962724-7962922|LTR_710-int	Populus_qiongdaoensis	Chr3	7962724	7962922	LTR	LTR/Gypsy
Populus_qiongdaoensis|Chr3:8510249-8510555|LTR_322-LTR	Populus_qiongdaoensis	Chr3	8510249	8510555	LTR	LTR/Copia
Populus_qiongdaoensis|Chr3:8514145-8514276|LTR_586-int	Populus_qiongdaoensis	Chr3	8514145	8514276	LTR	LTR/Copia
Populus_qiongdaoensis|Chr4:487239-487622|LTR_827-int	Populus_qiongdaoensis	Chr4	487239	487622	LTR	LTR/Copia
Populus_qiongdaoensis|Chr4:1439693-1439890|LTR_710-int	Populus_qiongdaoensis	Chr4	1439693	1439890	LTR	LTR/Gypsy
Populus_qiongdaoensis|Chr4:1439907-1440073|LTR_586-int	Populus_qiongdaoensis	Chr4	1439907	1440073	LTR	LTR/Copia
Populus_qiongdaoensis|Chr4:1440904-1440981|LTR_586-int	Populus_qiongdaoensis	Chr4	1440904	1440981	LTR	LTR/Copia
Populus_qiongdaoensis|Chr4:4511476-4511650|LTR_586-int	Populus_qiongdaoensis	Chr4	4511476	4511650	LTR	LTR/Copia
Populus_qiongdaoensis|Chr4:4515850-4516032|LTR_586-int	Populus_qiongdaoensis	Chr4	4515850	4516032	LTR	LTR/Copia
Populus_qiongdaoensis|Chr4:4516368-4516504|LTR_710-int	Populus_qiongdaoensis	Chr4	4516368	4516504	LTR	LTR/Gypsy
Populus_qiongdaoensis|Chr4:4516529-4516681|LTR_658-int	Populus_qiongdaoensis	Chr4	4516529	4516681	LTR	LTR/Copia
Populus_qiongdaoensis|Chr4:4517381-4517533|LTR_658-int	Populus_qiongdaoensis	Chr4	4517381	4517533	LTR	LTR/Copia
Populus_qiongdaoensis|Chr4:8948283-8948372|LTR_809-int	Populus_qiongdaoensis	Chr4	8948283	8948372	LTR	LTR/Copia
Populus_qiongdaoensis|Chr4:8948294-8948442|LTR_819-int	Populus_qiongdaoensis	Chr4	8948294	8948442	LTR	LTR/Copia
Populus_qiongdaoensis|Chr4:8952792-8952881|LTR_588-int	Populus_qiongdaoensis	Chr4	8952792	8952881	LTR	LTR/Copia
Populus_qiongdaoensis|Chr4:8952803-8952951|LTR_819-int	Populus_qiongdaoensis	Chr4	8952803	8952951	LTR	LTR/Copia
Populus_qiongdaoensis|Chr4:19901058-19904355|LTR_645-int	Populus_qiongdaoensis	Chr4	19901058	19904355	LTR	LTR/Gypsy
Populus_qiongdaoensis|Chr4:19905095-19905264|LTR_586-int	Populus_qiongdaoensis	Chr4	19905095	19905264	LTR	LTR/Copia
Populus_qiongdaoensis|Chr4:22689453-22689994|LTR_586-int	Populus_qiongdaoensis	Chr4	22689453	22689994	LTR	LTR/Copia
Populus_qiongdaoensis|Chr4:22700490-22700652|LTR_196-LTR	Populus_qiongdaoensis	Chr4	22700490	22700652	LTR	LTR/Gypsy
Populus_qiongdaoensis|Chr5:2235153-2235290|LTR_710-int	Populus_qiongdaoensis	Chr5	2235153	2235290	LTR	LTR/Gypsy
Populus_qiongdaoensis|Chr5:2239859-2239943|LTR_586-int	Populus_qiongdaoensis	Chr5	2239859	2239943	LTR	LTR/Copia
Populus_qiongdaoensis|Chr6:10749000-10750620|LTR_19-LTR	Populus_qiongdaoensis	Chr6	10749000	10750620	LTR	LTR/Gypsy
Populus_qiongdaoensis|Chr6:10750620-10751607|LTR_702-int	Populus_qiongdaoensis	Chr6	10750620	10751607	LTR	LTR/Gypsy
Populus_qiongdaoensis|Chr6:10751610-10751860|LTR_264-LTR	Populus_qiongdaoensis	Chr6	10751610	10751860	LTR	LTR/Gypsy
Populus_qiongdaoensis|Chr6:10752189-10752418|LTR_586-int	Populus_qiongdaoensis	Chr6	10752189	10752418	LTR	LTR/Copia
Populus_qiongdaoensis|Chr6:12340171-12340701|LTR_586-int	Populus_qiongdaoensis	Chr6	12340171	12340701	LTR	LTR/Copia
Populus_qiongdaoensis|Chr6:12346411-12346521|LTR_345-LTR	Populus_qiongdaoensis	Chr6	12346411	12346521	LTR	LTR/Copia
Populus_qiongdaoensis|Chr6:12346567-12346606|LTR_210-LTR	Populus_qiongdaoensis	Chr6	12346567	12346606	LTR	LTR/Copia
Populus_qiongdaoensis|Chr6:12346606-12346694|LTR_345-LTR	Populus_qiongdaoensis	Chr6	12346606	12346694	LTR	LTR/Copia
Populus_qiongdaoensis|Chr6:12346694-12346718|LTR_210-LTR	Populus_qiongdaoensis	Chr6	12346694	12346718	LTR	LTR/Copia
Populus_qiongdaoensis|Chr6:12979020-12979226|LTR_539-int	Populus_qiongdaoensis	Chr6	12979020	12979226	LTR	LTR/Gypsy
Populus_qiongdaoensis|Chr6:12979226-12979731|LTR_330-LTR	Populus_qiongdaoensis	Chr6	12979226	12979731	LTR	LTR/Gypsy
Populus_qiongdaoensis|Chr6:12979734-12979993|LTR_330-LTR	Populus_qiongdaoensis	Chr6	12979734	12979993	LTR	LTR/Gypsy
Populus_qiongdaoensis|Chr6:15052302-15052464|LTR_710-int	Populus_qiongdaoensis	Chr6	15052302	15052464	LTR	LTR/Gypsy
Populus_qiongdaoensis|Chr6:15054791-15054996|LTR_710-int	Populus_qiongdaoensis	Chr6	15054791	15054996	LTR	LTR/Gypsy
Populus_qiongdaoensis|Chr6:15055126-15055297|LTR_586-int	Populus_qiongdaoensis	Chr6	15055126	15055297	LTR	LTR/Copia
Populus_qiongdaoensis|Chr7:1737720-1737873|LTR_710-int	Populus_qiongdaoensis	Chr7	1737720	1737873	LTR	LTR/Gypsy
Populus_qiongdaoensis|Chr7:1741796-1741818|LTR_710-int	Populus_qiongdaoensis	Chr7	1741796	1741818	LTR	LTR/Gypsy
Populus_qiongdaoensis|Chr7:1741818-1741972|LTR_586-int	Populus_qiongdaoensis	Chr7	1741818	1741972	LTR	LTR/Copia
Populus_qiongdaoensis|Chr7:5030185-5030495|LTR_204-LTR	Populus_qiongdaoensis	Chr7	5030185	5030495	LTR	LTR/Copia
Populus_qiongdaoensis|Chr7:5030495-5034579|LTR_829-int	Populus_qiongdaoensis	Chr7	5030495	5034579	LTR	LTR/Copia
Populus_qiongdaoensis|Chr7:5034579-5034886|LTR_204-LTR	Populus_qiongdaoensis	Chr7	5034579	5034886	LTR	LTR/Copia
Populus_qiongdaoensis|Chr8:2341848-2342043|Denovo_Non_LTR_0	Populus_qiongdaoensis	Chr8	2341848	2342043	non-LTR	SINE/tRNA
Populus_qiongdaoensis|Chr8:9097883-9098265|LTR_586-int	Populus_qiongdaoensis	Chr8	9097883	9098265	LTR	LTR/Copia
Populus_qiongdaoensis|Chr8:9098377-9098618|LTR_586-int	Populus_qiongdaoensis	Chr8	9098377	9098618	LTR	LTR/Copia
Populus_qiongdaoensis|Chr8:9099328-9099717|LTR_586-int	Populus_qiongdaoensis	Chr8	9099328	9099717	LTR	LTR/Copia
Populus_qiongdaoensis|Chr9:7705066-7705214|LTR_710-int	Populus_qiongdaoensis	Chr9	7705066	7705214	LTR	LTR/Gypsy
Populus_qiongdaoensis|Chr9:8500892-8500994|Homology_Non_LTR_1	Populus_qiongdaoensis	Chr9	8500892	8500994	non-LTR	SINE/tRNA
Populus_qiongdaoensis|Scaffold_000001:7089390-7089696|LTR_360-LTR	Populus_qiongdaoensis	Scaffold_000001	7089390	7089696	LTR	LTR/Copia
Populus_qiongdaoensis|Scaffold_000001:7094554-7094790|LTR_473-LTR	Populus_qiongdaoensis	Scaffold_000001	7094554	7094790	LTR	LTR/Copia
Populus_qiongdaoensis|Scaffold_000001:7094790-7094823|LTR_473-LTR	Populus_qiongdaoensis	Scaffold_000001	7094790	7094823	LTR	LTR/Copia
Populus_rotundifolia|Chr1:2162834-2162944|TIR_20	Populus_rotundifolia	Chr1	2162834	2162944	TIR	DNA/TcMar
Populus_rotundifolia|Chr1:2828097-2828172|LTR_1098-int	Populus_rotundifolia	Chr1	2828097	2828172	LTR	LTR/Copia
Populus_rotundifolia|Chr1:6504315-6504565|LTR_663-LTR	Populus_rotundifolia	Chr1	6504315	6504565	LTR	LTR/Copia
Populus_rotundifolia|Chr1:6504565-6509203|LTR_1126-int	Populus_rotundifolia	Chr1	6504565	6509203	LTR	LTR/Copia
Populus_rotundifolia|Chr1:11954252-11954377|TIR_32	Populus_rotundifolia	Chr1	11954252	11954377	TIR	DNA/PIF-Harbinger
Populus_rotundifolia|Chr1:11956682-11958612|TIR_136	Populus_rotundifolia	Chr1	11956682	11958612	TIR	DNA/hAT
Populus_rotundifolia|Chr1:15022340-15023035|LTR_965-int	Populus_rotundifolia	Chr1	15022340	15023035	LTR	LTR/Copia
Populus_rotundifolia|Chr1:44639798-44640253|TIR_91	Populus_rotundifolia	Chr1	44639798	44640253	TIR	DNA/PIF-Harbinger
Populus_rotundifolia|Chr10:11138505-11138533|TIR_20	Populus_rotundifolia	Chr10	11138505	11138533	TIR	DNA/TcMar
Populus_rotundifolia|Chr10:11138533-11138651|Denovo_Non_LTR_1	Populus_rotundifolia	Chr10	11138533	11138651	non-LTR	SINE/tRNA
Populus_rotundifolia|Chr10:11141458-11141634|TIR_20	Populus_rotundifolia	Chr10	11141458	11141634	TIR	DNA/TcMar
Populus_rotundifolia|Chr10:11141634-11141655|TIR_32	Populus_rotundifolia	Chr10	11141634	11141655	TIR	DNA/PIF-Harbinger
Populus_rotundifolia|Chr10:13372726-13372851|TIR_20	Populus_rotundifolia	Chr10	13372726	13372851	TIR	DNA/TcMar
Populus_rotundifolia|Chr10:13373026-13373422|TIR_26	Populus_rotundifolia	Chr10	13373026	13373422	TIR	DNA/PIF-Harbinger
Populus_rotundifolia|Chr10:13373800-13373935|TIR_20	Populus_rotundifolia	Chr10	13373800	13373935	TIR	DNA/TcMar
Populus_rotundifolia|Chr10:13377733-13377887|TIR_28	Populus_rotundifolia	Chr10	13377733	13377887	TIR	DNA/PIF-Harbinger
Populus_rotundifolia|Chr10:13378371-13378471|TIR_106	Populus_rotundifolia	Chr10	13378371	13378471	TIR	DNA/PIF-Harbinger
Populus_rotundifolia|Chr10:17773548-17773689|TIR_33	Populus_rotundifolia	Chr10	17773548	17773689	TIR	DNA/other
Populus_rotundifolia|Chr10:19087295-19087609|TIR_28	Populus_rotundifolia	Chr10	19087295	19087609	TIR	DNA/PIF-Harbinger
Populus_rotundifolia|Chr10:19087602-19088004|TIR_28	Populus_rotundifolia	Chr10	19087602	19088004	TIR	DNA/PIF-Harbinger
Populus_rotundifolia|Chr12:10590021-10590126|TIR_35	Populus_rotundifolia	Chr12	10590021	10590126	TIR	DNA/other
Populus_rotundifolia|Chr12:10590133-10590149|TIR_20	Populus_rotundifolia	Chr12	10590133	10590149	TIR	DNA/TcMar
Populus_rotundifolia|Chr12:10590149-10590296|TIR_33	Populus_rotundifolia	Chr12	10590149	10590296	TIR	DNA/other
Populus_rotundifolia|Chr12:10590159-10590338|TIR_35	Populus_rotundifolia	Chr12	10590159	10590338	TIR	DNA/other
Populus_rotundifolia|Chr12:10941512-10941802|TIR_29	Populus_rotundifolia	Chr12	10941512	10941802	LTR	LTR/Copia
Populus_rotundifolia|Chr12:17224178-17224413|LTR_134-LTR	Populus_rotundifolia	Chr12	17224178	17224413	LTR	LTR/Copia
Populus_rotundifolia|Chr12:17224896-17225044|LTR_415-LTR	Populus_rotundifolia	Chr12	17224896	17225044	LTR	LTR/Gypsy
Populus_rotundifolia|Chr12:17225546-17225696|TIR_92	Populus_rotundifolia	Chr12	17225546	17225696	TIR	DNA/hAT
Populus_rotundifolia|Chr12:17589992-17590199|TIR_30	Populus_rotundifolia	Chr12	17589992	17590199	TIR	DNA/hAT
Populus_rotundifolia|Chr13:1488341-1488638|TIR_29	Populus_rotundifolia	Chr13	1488341	1488638	LTR	LTR/Copia
Populus_rotundifolia|Chr13:1493278-1493440|LTR_607-LTR	Populus_rotundifolia	Chr13	1493278	1493440	LTR	LTR/Gypsy
Populus_rotundifolia|Chr13:1868764-1868841|TIR_29	Populus_rotundifolia	Chr13	1868764	1868841	LTR	LTR/Copia
Populus_rotundifolia|Chr13:2195943-2196010|TIR_35	Populus_rotundifolia	Chr13	2195943	2196010	TIR	DNA/other
Populus_rotundifolia|Chr13:3528625-3529459|TIR_28	Populus_rotundifolia	Chr13	3528625	3529459	TIR	DNA/PIF-Harbinger
Populus_rotundifolia|Chr13:13131455-13132209|TIR_28	Populus_rotundifolia	Chr13	13131455	13132209	TIR	DNA/PIF-Harbinger
Populus_rotundifolia|Chr14:2720612-2720806|Denovo_Non_LTR_7	Populus_rotundifolia	Chr14	2720612	2720806	non-LTR	SINE/tRNA
Populus_rotundifolia|Chr15:463912-463932|TIR_33	Populus_rotundifolia	Chr15	463912	463932	TIR	DNA/other
Populus_rotundifolia|Chr15:463932-464053|TIR_35	Populus_rotundifolia	Chr15	463932	464053	TIR	DNA/other
Populus_rotundifolia|Chr15:464133-464567|TIR_29	Populus_rotundifolia	Chr15	464133	464567	LTR	LTR/Copia
Populus_rotundifolia|Chr15:464422-464608|LTR_1098-int	Populus_rotundifolia	Chr15	464422	464608	LTR	LTR/Copia
Populus_rotundifolia|Chr15:467269-467425|Homology_Non_LTR_3	Populus_rotundifolia	Chr15	467269	467425	non-LTR	SINE/tRNA
Populus_rotundifolia|Chr16:367866-368050|TIR_37	Populus_rotundifolia	Chr16	367866	368050	TIR	DNA/other
Populus_rotundifolia|Chr16:3133868-3134883|LTR_1011-int	Populus_rotundifolia	Chr16	3133868	3134883	LTR	LTR/Copia
Populus_rotundifolia|Chr16:11559658-11559863|TIR_35	Populus_rotundifolia	Chr16	11559658	11559863	TIR	DNA/other
Populus_rotundifolia|Chr16:11559863-11559881|LTR_1178-int	Populus_rotundifolia	Chr16	11559863	11559881	LTR	LTR/Copia
Populus_rotundifolia|Chr16:11560905-11561061|TIR_20	Populus_rotundifolia	Chr16	11560905	11561061	TIR	DNA/TcMar
Populus_rotundifolia|Chr17:9307006-9307458|LTR_49-LTR	Populus_rotundifolia	Chr17	9307006	9307458	LTR	LTR/Gypsy
Populus_rotundifolia|Chr17:9307478-9307624|LTR_135-LTR	Populus_rotundifolia	Chr17	9307478	9307624	LTR	LTR/Copia
Populus_rotundifolia|Chr17:9308348-9308427|Denovo_Non_LTR_8	Populus_rotundifolia	Chr17	9308348	9308427	non-LTR	SINE/tRNA
Populus_rotundifolia|Chr17:9311650-9311704|TIR_8	Populus_rotundifolia	Chr17	9311650	9311704	Helitron	RC/Helitron
Populus_rotundifolia|Chr19:1755166-1755255|TIR_8	Populus_rotundifolia	Chr19	1755166	1755255	Helitron	RC/Helitron
Populus_rotundifolia|Chr19:5846735-5846855|Denovo_Non_LTR_27	Populus_rotundifolia	Chr19	5846735	5846855	non-LTR	LINE/L1
Populus_rotundifolia|Chr19:5848966-5848977|TIR_14	Populus_rotundifolia	Chr19	5848966	5848977	TIR	DNA/PIF-Harbinger
Populus_rotundifolia|Chr19:5848977-5849150|TIR_20	Populus_rotundifolia	Chr19	5848977	5849150	TIR	DNA/TcMar
Populus_rotundifolia|Chr19:5849150-5849163|TIR_14	Populus_rotundifolia	Chr19	5849150	5849163	TIR	DNA/PIF-Harbinger
Populus_rotundifolia|Chr19:8381319-8381481|TIR_119	Populus_rotundifolia	Chr19	8381319	8381481	TIR	DNA/hAT
Populus_rotundifolia|Chr19:8381341-8381591|TIR_129	Populus_rotundifolia	Chr19	8381341	8381591	TIR	DNA/hAT
Populus_rotundifolia|Chr19:8382780-8382807|TIR_2	Populus_rotundifolia	Chr19	8382780	8382807	TIR	DNA/PIF-Harbinger
Populus_rotundifolia|Chr19:8382807-8382923|TIR_72	Populus_rotundifolia	Chr19	8382807	8382923	TIR	DNA/TcMar
Populus_rotundifolia|Chr19:8388069-8388170|LTR_946-int	Populus_rotundifolia	Chr19	8388069	8388170	LTR	LTR/Copia
Populus_rotundifolia|Chr19:9871306-9871481|TIR_37	Populus_rotundifolia	Chr19	9871306	9871481	TIR	DNA/other
Populus_rotundifolia|Chr19:9871531-9871662|TIR_58	Populus_rotundifolia	Chr19	9871531	9871662	TIR	DNA/TcMar
Populus_rotundifolia|Chr19:10277574-10277590|LTR_150-LTR	Populus_rotundifolia	Chr19	10277574	10277590	TIR	DNA/TcMar
Populus_rotundifolia|Chr19:10277590-10277636|LTR_704-LTR	Populus_rotundifolia	Chr19	10277590	10277636	LTR	LTR/Copia
Populus_rotundifolia|Chr19:10759872-10760076|TIR_37	Populus_rotundifolia	Chr19	10759872	10760076	TIR	DNA/other
Populus_rotundifolia|Chr19:12526726-12526771|TIR_81	Populus_rotundifolia	Chr19	12526726	12526771	TIR	DNA/hAT
Populus_rotundifolia|Chr19:12530454-12530663|Denovo_Non_LTR_5	Populus_rotundifolia	Chr19	12530454	12530663	non-LTR	SINE/tRNA
Populus_rotundifolia|Chr19:12542745-12542857|Denovo_Non_LTR_1	Populus_rotundifolia	Chr19	12542745	12542857	non-LTR	SINE/tRNA
Populus_rotundifolia|Chr19:12543041-12543247|TIR_16	Populus_rotundifolia	Chr19	12543041	12543247	TIR	DNA/PIF-Harbinger
Populus_rotundifolia|Chr2:16132236-16132305|TIR_91	Populus_rotundifolia	Chr2	16132236	16132305	TIR	DNA/PIF-Harbinger
Populus_rotundifolia|Chr2:16133470-16133666|TIR_14	Populus_rotundifolia	Chr2	16133470	16133666	TIR	DNA/PIF-Harbinger
Populus_rotundifolia|Chr2:16140578-16140667|Denovo_Non_LTR_8	Populus_rotundifolia	Chr2	16140578	16140667	non-LTR	SINE/tRNA
Populus_rotundifolia|Chr2:16140639-16140745|Homology_Non_LTR_3	Populus_rotundifolia	Chr2	16140639	16140745	non-LTR	SINE/tRNA
Populus_rotundifolia|Chr2:24691289-24691464|TIR_29	Populus_rotundifolia	Chr2	24691289	24691464	LTR	LTR/Copia
Populus_rotundifolia|Chr3:2439094-2439561|LTR_1153-int	Populus_rotundifolia	Chr3	2439094	2439561	LTR	LTR/Copia
Populus_rotundifolia|Chr3:2789795-2794274|LTR_760-int	Populus_rotundifolia	Chr3	2789795	2794274	LTR	LTR/Gypsy
Populus_rotundifolia|Chr3:2794278-2794587|LTR_619-LTR	Populus_rotundifolia	Chr3	2794278	2794587	LTR	LTR/Gypsy
Populus_rotundifolia|Chr3:3228059-3228239|TIR_106	Populus_rotundifolia	Chr3	3228059	3228239	TIR	DNA/PIF-Harbinger
Populus_rotundifolia|Chr3:4813936-4814090|Denovo_Non_LTR_23	Populus_rotundifolia	Chr3	4813936	4814090	non-LTR	LINE/L1
Populus_rotundifolia|Chr3:4815365-4815521|TIR_33	Populus_rotundifolia	Chr3	4815365	4815521	TIR	DNA/other
Populus_rotundifolia|Chr3:4822921-4823237|TIR_4	Populus_rotundifolia	Chr3	4822921	4823237	TIR	DNA/CMC-EnSpm
Populus_rotundifolia|Chr3:4823479-4825230|TIR_4	Populus_rotundifolia	Chr3	4823479	4825230	TIR	DNA/CMC-EnSpm
Populus_rotundifolia|Chr3:10022504-10022616|TIR_35	Populus_rotundifolia	Chr3	10022504	10022616	TIR	DNA/other
Populus_rotundifolia|Chr3:23773336-23773366|TIR_35	Populus_rotundifolia	Chr3	23773336	23773366	TIR	DNA/other
Populus_rotundifolia|Chr3:23773366-23773489|TIR_33	Populus_rotundifolia	Chr3	23773366	23773489	TIR	DNA/other
Populus_rotundifolia|Chr3:23775539-23775606|TIR_71	Populus_rotundifolia	Chr3	23775539	23775606	TIR	DNA/TcMar
Populus_rotundifolia|Chr3:25675196-25675407|TIR_14	Populus_rotundifolia	Chr3	25675196	25675407	TIR	DNA/PIF-Harbinger
Populus_rotundifolia|Chr3:25675614-25675849|LTR_893-int	Populus_rotundifolia	Chr3	25675614	25675849	LTR	LTR/Gypsy
Populus_rotundifolia|Chr3:25675844-25676021|Denovo_Non_LTR_9	Populus_rotundifolia	Chr3	25675844	25676021	non-LTR	SINE/tRNA
Populus_rotundifolia|Chr3:25676077-25676149|LTR_893-int	Populus_rotundifolia	Chr3	25676077	25676149	LTR	LTR/Gypsy
Populus_rotundifolia|Chr4:4345691-4345893|Denovo_Non_LTR_7	Populus_rotundifolia	Chr4	4345691	4345893	non-LTR	SINE/tRNA
Populus_rotundifolia|Chr4:9916826-9917423|TIR_49	Populus_rotundifolia	Chr4	9916826	9917423	TIR	DNA/hAT
Populus_rotundifolia|Chr4:9918136-9918334|Denovo_Non_LTR_5	Populus_rotundifolia	Chr4	9918136	9918334	non-LTR	SINE/tRNA
Populus_rotundifolia|Chr4:10967327-10967797|TIR_103	Populus_rotundifolia	Chr4	10967327	10967797	TIR	DNA/PIF-Harbinger
Populus_rotundifolia|Chr4:10968369-10968394|LTR_946-int	Populus_rotundifolia	Chr4	10968369	10968394	LTR	LTR/Copia
Populus_rotundifolia|Chr4:10968394-10968581|TIR_33	Populus_rotundifolia	Chr4	10968394	10968581	TIR	DNA/other
Populus_rotundifolia|Chr4:16644743-16645382|LTR_946-int	Populus_rotundifolia	Chr4	16644743	16645382	LTR	LTR/Copia
Populus_rotundifolia|Chr4:16644911-16645452|LTR_514-LTR	Populus_rotundifolia	Chr4	16644911	16645452	LTR	LTR/Gypsy
Populus_rotundifolia|Chr4:18885193-18885396|LTR_816-int	Populus_rotundifolia	Chr4	18885193	18885396	LTR	LTR/Copia
Populus_rotundifolia|Chr4:18885290-18885398|LTR_452-LTR	Populus_rotundifolia	Chr4	18885290	18885398	LTR	LTR/Gypsy
Populus_rotundifolia|Chr4:18889686-18889846|TIR_33	Populus_rotundifolia	Chr4	18889686	18889846	TIR	DNA/other
Populus_rotundifolia|Chr4:18890034-18890090|TIR_117	Populus_rotundifolia	Chr4	18890034	18890090	TIR	DNA/hAT
Populus_rotundifolia|Chr4:18890090-18890277|TIR_37	Populus_rotundifolia	Chr4	18890090	18890277	TIR	DNA/other
Populus_rotundifolia|Chr4:19109633-19110011|LTR_1175-int	Populus_rotundifolia	Chr4	19109633	19110011	LTR	LTR/Gypsy
Populus_rotundifolia|Chr4:22107731-22107880|TIR_20	Populus_rotundifolia	Chr4	22107731	22107880	TIR	DNA/TcMar
Populus_rotundifolia|Chr4:22108590-22108699|TIR_32	Populus_rotundifolia	Chr4	22108590	22108699	TIR	DNA/PIF-Harbinger
Populus_rotundifolia|Chr4:23028122-23028282|TIR_32	Populus_rotundifolia	Chr4	23028122	23028282	TIR	DNA/PIF-Harbinger
Populus_rotundifolia|Chr4:23031876-23032410|TIR_100	Populus_rotundifolia	Chr4	23031876	23032410	TIR	DNA/PIF-Harbinger
Populus_rotundifolia|Chr4:23881807-23881899|TIR_8	Populus_rotundifolia	Chr4	23881807	23881899	Helitron	RC/Helitron
Populus_rotundifolia|Chr5:7845048-7845193|TIR_24	Populus_rotundifolia	Chr5	7845048	7845193	LTR	LTR/Gypsy
Populus_rotundifolia|Chr5:10699374-10699541|TIR_33	Populus_rotundifolia	Chr5	10699374	10699541	TIR	DNA/other
Populus_rotundifolia|Chr5:13899870-13900076|TIR_30	Populus_rotundifolia	Chr5	13899870	13900076	TIR	DNA/hAT
Populus_rotundifolia|Chr5:14545799-14545966|TIR_33	Populus_rotundifolia	Chr5	14545799	14545966	TIR	DNA/other
Populus_rotundifolia|Chr5:16778308-16778470|TIR_20	Populus_rotundifolia	Chr5	16778308	16778470	TIR	DNA/TcMar
Populus_rotundifolia|Chr5:20383238-20383375|TIR_20	Populus_rotundifolia	Chr5	20383238	20383375	TIR	DNA/TcMar
Populus_rotundifolia|Chr5:20383469-20383636|TIR_19	Populus_rotundifolia	Chr5	20383469	20383636	TIR	DNA/hAT
Populus_rotundifolia|Chr6:4454913-4455006|TIR_7	Populus_rotundifolia	Chr6	4454913	4455006	TIR	DNA/hAT
Populus_rotundifolia|Chr7:1452125-1452246|TIR_29	Populus_rotundifolia	Chr7	1452125	1452246	LTR	LTR/Copia
Populus_rotundifolia|Chr7:5727393-5727564|Homology_Non_LTR_3	Populus_rotundifolia	Chr7	5727393	5727564	non-LTR	SINE/tRNA
Populus_rotundifolia|Chr7:5728251-5728385|TIR_35	Populus_rotundifolia	Chr7	5728251	5728385	TIR	DNA/other
Populus_rotundifolia|Chr7:6171113-6171227|Denovo_Non_LTR_1	Populus_rotundifolia	Chr7	6171113	6171227	non-LTR	SINE/tRNA
Populus_rotundifolia|Chr7:6171951-6172170|TIR_14	Populus_rotundifolia	Chr7	6171951	6172170	TIR	DNA/PIF-Harbinger
Populus_rotundifolia|Chr7:6172205-6172408|Denovo_Non_LTR_5	Populus_rotundifolia	Chr7	6172205	6172408	non-LTR	SINE/tRNA
Populus_rotundifolia|Chr7:6174915-6175060|TIR_35	Populus_rotundifolia	Chr7	6174915	6175060	TIR	DNA/other
Populus_rotundifolia|Chr7:6174942-6175083|LTR_1178-int	Populus_rotundifolia	Chr7	6174942	6175083	LTR	LTR/Copia
Populus_rotundifolia|Chr7:6175229-6175241|TIR_32	Populus_rotundifolia	Chr7	6175229	6175241	TIR	DNA/PIF-Harbinger
Populus_rotundifolia|Chr7:6175241-6175347|Denovo_Non_LTR_1	Populus_rotundifolia	Chr7	6175241	6175347	non-LTR	SINE/tRNA
Populus_rotundifolia|Chr7:6175347-6175402|TIR_32	Populus_rotundifolia	Chr7	6175347	6175402	TIR	DNA/PIF-Harbinger
Populus_rotundifolia|Chr7:7697447-7697793|LTR_1030-int	Populus_rotundifolia	Chr7	7697447	7697793	LTR	LTR/Copia
Populus_rotundifolia|Chr7:11869850-11870070|TIR_16	Populus_rotundifolia	Chr7	11869850	11870070	TIR	DNA/PIF-Harbinger
Populus_rotundifolia|Chr7:11870802-11870958|TIR_20	Populus_rotundifolia	Chr7	11870802	11870958	TIR	DNA/TcMar
Populus_rotundifolia|Chr8:229270-229525|Denovo_Non_LTR_4	Populus_rotundifolia	Chr8	229270	229525	non-LTR	SINE/tRNA
Populus_rotundifolia|Chr8:229608-229752|TIR_35	Populus_rotundifolia	Chr8	229608	229752	TIR	DNA/other
Populus_rotundifolia|Chr8:2964724-2964976|TIR_13	Populus_rotundifolia	Chr8	2964724	2964976	TIR	DNA/hAT
Populus_rotundifolia|Chr8:2965293-2965423|TIR_20	Populus_rotundifolia	Chr8	2965293	2965423	TIR	DNA/TcMar
Populus_rotundifolia|Chr8:2970177-2970301|LTR_496-LTR	Populus_rotundifolia	Chr8	2970177	2970301	LTR	LTR/Gypsy
Populus_rotundifolia|Chr9:405678-407696|LTR_818-int	Populus_rotundifolia	Chr9	405678	407696	LTR	LTR/Copia
Populus_rotundifolia|Chr9:416553-416587|TIR_32	Populus_rotundifolia	Chr9	416553	416587	TIR	DNA/PIF-Harbinger
Populus_rotundifolia|Chr9:416587-416750|Denovo_Non_LTR_0	Populus_rotundifolia	Chr9	416587	416750	LTR	LTR/other
Populus_rotundifolia|Chr9:418438-418618|TIR_32	Populus_rotundifolia	Chr9	418438	418618	TIR	DNA/PIF-Harbinger
Populus_rotundifolia|Chr9:768358-768504|TIR_20	Populus_rotundifolia	Chr9	768358	768504	TIR	DNA/TcMar
Populus_rotundifolia|Chr9:774342-774499|TIR_32	Populus_rotundifolia	Chr9	774342	774499	TIR	DNA/PIF-Harbinger
Populus_rotundifolia|Chr9:7049482-7049520|Denovo_Non_LTR_9	Populus_rotundifolia	Chr9	7049482	7049520	non-LTR	SINE/tRNA
Populus_rotundifolia|Chr9:19679669-19679848|TIR_20	Populus_rotundifolia	Chr9	19679669	19679848	TIR	DNA/TcMar
Populus_rotundifolia|Chr9:19681225-19681691|Denovo_Non_LTR_17	Populus_rotundifolia	Chr9	19681225	19681691	non-LTR	LINE/L1
Populus_rotundifolia|Chr9:19684608-19684889|TIR_48	Populus_rotundifolia	Chr9	19684608	19684889	TIR	DNA/hAT
Populus_rotundifolia|Chr9:19684863-19684918|TIR_135	Populus_rotundifolia	Chr9	19684863	19684918	TIR	DNA/hAT
Populus_simonii|Chr1:12989285-12989487|TIR_42	Populus_simonii	Chr1	12989285	12989487	TIR	DNA/TcMar
Populus_simonii|Chr1:39119130-39119823|LTR_1012-int	Populus_simonii	Chr1	39119130	39119823	LTR	LTR/Copia
Populus_simonii|Chr1:42107349-42107408|TIR_49	Populus_simonii	Chr1	42107349	42107408	TIR	DNA/TcMar
Populus_simonii|Chr1:42107408-42107537|TIR_24	Populus_simonii	Chr1	42107408	42107537	TIR	DNA/hAT
Populus_simonii|Chr1:42108640-42108803|TIR_24	Populus_simonii	Chr1	42108640	42108803	TIR	DNA/hAT
Populus_simonii|Chr1:42108803-42108827|LTR_1057-int	Populus_simonii	Chr1	42108803	42108827	LTR	LTR/Gypsy
Populus_simonii|Chr1:47529949-47530074|TIR_29	Populus_simonii	Chr1	47529949	47530074	TIR	DNA/TcMar
Populus_simonii|Chr1:51117937-51118016|TIR_10	Populus_simonii	Chr1	51117937	51118016	TIR	DNA/other
Populus_simonii|Chr1:51782251-51782432|Denovo_Non_LTR_5	Populus_simonii	Chr1	51782251	51782432	non-LTR	SINE/tRNA
Populus_simonii|Chr1:51786152-51786304|LTR_300-LTR	Populus_simonii	Chr1	51786152	51786304	LTR	LTR/Gypsy
Populus_simonii|Chr1:51786304-51786424|LTR_360-LTR	Populus_simonii	Chr1	51786304	51786424	LTR	LTR/Gypsy
Populus_simonii|Chr10:9395885-9396029|TIR_24	Populus_simonii	Chr10	9395885	9396029	TIR	DNA/hAT
Populus_simonii|Chr10:11502748-11502931|TIR_23	Populus_simonii	Chr10	11502748	11502931	TIR	DNA/TcMar
Populus_simonii|Chr10:11506886-11507053|TIR_39	Populus_simonii	Chr10	11506886	11507053	TIR	DNA/PIF-Harbinger
Populus_simonii|Chr10:16012418-16012607|TIR_24	Populus_simonii	Chr10	16012418	16012607	TIR	DNA/hAT
Populus_simonii|Chr10:17003617-17003801|TIR_24	Populus_simonii	Chr10	17003617	17003801	TIR	DNA/hAT
Populus_simonii|Chr11:14577485-14577498|LTR_680-LTR	Populus_simonii	Chr11	14577485	14577498	LTR	LTR/Gypsy
Populus_simonii|Chr11:14577498-14577602|LTR_597-LTR	Populus_simonii	Chr11	14577498	14577602	LTR	LTR/Copia
Populus_simonii|Chr11:14581768-14581789|TIR_24	Populus_simonii	Chr11	14581768	14581789	TIR	DNA/hAT
Populus_simonii|Chr11:14581789-14581912|TIR_23	Populus_simonii	Chr11	14581789	14581912	TIR	DNA/TcMar
Populus_simonii|Chr11:14582269-14582504|TIR_28	Populus_simonii	Chr11	14582269	14582504	TIR	DNA/hAT
Populus_simonii|Chr11:17416937-17417115|Homology_Non_LTR_1	Populus_simonii	Chr11	17416937	17417115	non-LTR	SINE/tRNA
Populus_simonii|Chr11:17416953-17417267|Denovo_Non_LTR_16	Populus_simonii	Chr11	17416953	17417267	non-LTR	SINE/tRNA
Populus_simonii|Chr11:17417134-17417344|TIR_42	Populus_simonii	Chr11	17417134	17417344	TIR	DNA/TcMar
Populus_simonii|Chr12:54248-54974|LTR_1081-int	Populus_simonii	Chr12	54248	54974	LTR	LTR/Copia
Populus_simonii|Chr12:54981-55112|LTR_1023-int	Populus_simonii	Chr12	54981	55112	LTR	LTR/Copia
Populus_simonii|Chr12:11031455-11031734|TIR_57	Populus_simonii	Chr12	11031455	11031734	TIR	DNA/hAT
Populus_simonii|Chr12:11032339-11032500|Homology_Non_LTR_1	Populus_simonii	Chr12	11032339	11032500	non-LTR	SINE/tRNA
Populus_simonii|Chr13:3054205-3054385|TIR_23	Populus_simonii	Chr13	3054205	3054385	TIR	DNA/TcMar
Populus_simonii|Chr13:3054446-3054643|TIR_24	Populus_simonii	Chr13	3054446	3054643	TIR	DNA/hAT
Populus_simonii|Chr13:9999283-9999428|TIR_57	Populus_simonii	Chr13	9999283	9999428	TIR	DNA/hAT
Populus_simonii|Chr13:15614063-15614217|TIR_29	Populus_simonii	Chr13	15614063	15614217	TIR	DNA/TcMar
Populus_simonii|Chr13:15614083-15614241|TIR_24	Populus_simonii	Chr13	15614083	15614241	TIR	DNA/hAT
Populus_simonii|Chr13:15614217-15614246|TIR_36	Populus_simonii	Chr13	15614217	15614246	TIR	DNA/PIF-Harbinger
Populus_simonii|Chr14:13617766-13617866|Homology_Non_LTR_1	Populus_simonii	Chr14	13617766	13617866	non-LTR	SINE/tRNA
Populus_simonii|Chr14:13617778-13617937|Denovo_Non_LTR_17	Populus_simonii	Chr14	13617778	13617937	non-LTR	SINE/tRNA
Populus_simonii|Chr15:1317363-1317418|TIR_87	Populus_simonii	Chr15	1317363	1317418	TIR	DNA/TcMar
Populus_simonii|Chr15:15408062-15408202|TIR_33	Populus_simonii	Chr15	15408062	15408202	TIR	DNA/hAT
Populus_simonii|Chr15:15408202-15408224|TIR_45	Populus_simonii	Chr15	15408202	15408224	TIR	DNA/PIF-Harbinger
Populus_simonii|Chr15:15411642-15411744|TIR_0	Populus_simonii	Chr15	15411642	15411744	LTR	LTR/Copia
Populus_simonii|Chr15:15411779-15414464|TIR_0	Populus_simonii	Chr15	15411779	15414464	LTR	LTR/Copia
Populus_simonii|Chr17:2087194-2087395|TIR_49	Populus_simonii	Chr17	2087194	2087395	TIR	DNA/TcMar
Populus_simonii|Chr17:2087946-2088012|TIR_24	Populus_simonii	Chr17	2087946	2088012	TIR	DNA/hAT
Populus_simonii|Chr17:2088708-2088839|TIR_125	Populus_simonii	Chr17	2088708	2088839	TIR	DNA/CMC-EnSpm
Populus_simonii|Chr17:2091712-2092198|LTR_508-LTR	Populus_simonii	Chr17	2091712	2092198	LTR	LTR/Gypsy
Populus_simonii|Chr17:11997270-11997385|TIR_46	Populus_simonii	Chr17	11997270	11997385	TIR	DNA/CMC-EnSpm
Populus_simonii|Chr17:11997385-11997695|TIR_3	Populus_simonii	Chr17	11997385	11997695	TIR	DNA/CMC-EnSpm
Populus_simonii|Chr17:12974221-12974350|Denovo_Non_LTR_3	Populus_simonii	Chr17	12974221	12974350	TIR	DNA/TcMar
Populus_simonii|Chr17:13802408-13802594|LTR_239-LTR	Populus_simonii	Chr17	13802408	13802594	LTR	LTR/Gypsy
Populus_simonii|Chr17:13807261-13807374|Denovo_Non_LTR_17	Populus_simonii	Chr17	13807261	13807374	non-LTR	SINE/tRNA
Populus_simonii|Chr17:13807972-13808072|Denovo_Non_LTR_3	Populus_simonii	Chr17	13807972	13808072	TIR	DNA/TcMar
Populus_simonii|Chr18:1787705-1787897|TIR_24	Populus_simonii	Chr18	1787705	1787897	TIR	DNA/hAT
Populus_simonii|Chr18:10928057-10928153|Homology_Non_LTR_1	Populus_simonii	Chr18	10928057	10928153	non-LTR	SINE/tRNA
Populus_simonii|Chr18:10928190-10928550|LTR_221-LTR	Populus_simonii	Chr18	10928190	10928550	LTR	LTR/Gypsy
Populus_simonii|Chr18:10928467-10928822|LTR_710-int	Populus_simonii	Chr18	10928467	10928822	LTR	LTR/Copia
Populus_simonii|Chr19:403868-404069|TIR_49	Populus_simonii	Chr19	403868	404069	TIR	DNA/TcMar
Populus_simonii|Chr19:406705-406891|TIR_109	Populus_simonii	Chr19	406705	406891	TIR	DNA/TcMar
Populus_simonii|Chr19:2316675-2316871|Denovo_Non_LTR_0	Populus_simonii	Chr19	2316675	2316871	non-LTR	SINE/tRNA
Populus_simonii|Chr19:2317651-2317771|TIR_24	Populus_simonii	Chr19	2317651	2317771	TIR	DNA/hAT
Populus_simonii|Chr19:2804088-2804439|TIR_27	Populus_simonii	Chr19	2804088	2804439	TIR	DNA/PIF-Harbinger
Populus_simonii|Chr19:2804427-2804574|TIR_27	Populus_simonii	Chr19	2804427	2804574	TIR	DNA/PIF-Harbinger
Populus_simonii|Chr19:2804620-2804810|TIR_64	Populus_simonii	Chr19	2804620	2804810	TIR	DNA/PIF-Harbinger
Populus_simonii|Chr19:2804853-2805036|TIR_64	Populus_simonii	Chr19	2804853	2805036	TIR	DNA/PIF-Harbinger
Populus_simonii|Chr19:2807245-2807291|LTR_328-LTR	Populus_simonii	Chr19	2807245	2807291	LTR	LTR/Copia
Populus_simonii|Chr19:2807291-2807330|LTR_295-LTR	Populus_simonii	Chr19	2807291	2807330	LTR	LTR/Copia
Populus_simonii|Chr19:2810608-2810639|TIR_49	Populus_simonii	Chr19	2810608	2810639	TIR	DNA/TcMar
Populus_simonii|Chr19:2810639-2810815|Denovo_Non_LTR_14	Populus_simonii	Chr19	2810639	2810815	LTR	LTR/other
Populus_simonii|Chr19:3223197-3223356|TIR_29	Populus_simonii	Chr19	3223197	3223356	TIR	DNA/TcMar
Populus_simonii|Chr19:3223215-3223380|TIR_24	Populus_simonii	Chr19	3223215	3223380	TIR	DNA/hAT
Populus_simonii|Chr19:4400905-4401056|TIR_29	Populus_simonii	Chr19	4400905	4401056	TIR	DNA/TcMar
Populus_simonii|Chr19:4401777-4402001|TIR_62	Populus_simonii	Chr19	4401777	4402001	TIR	DNA/PIF-Harbinger
Populus_simonii|Chr19:6087047-6087250|TIR_36	Populus_simonii	Chr19	6087047	6087250	TIR	DNA/PIF-Harbinger
Populus_simonii|Chr19:6087274-6087393|TIR_29	Populus_simonii	Chr19	6087274	6087393	TIR	DNA/TcMar
Populus_simonii|Chr2:1704156-1704355|Denovo_Non_LTR_6	Populus_simonii	Chr2	1704156	1704355	non-LTR	SINE/tRNA
Populus_simonii|Chr2:2106882-2107026|TIR_27	Populus_simonii	Chr2	2106882	2107026	TIR	DNA/PIF-Harbinger
Populus_simonii|Chr2:2525407-2525607|TIR_42	Populus_simonii	Chr2	2525407	2525607	TIR	DNA/TcMar
Populus_simonii|Chr2:2525706-2525904|Denovo_Non_LTR_0	Populus_simonii	Chr2	2525706	2525904	non-LTR	SINE/tRNA
Populus_simonii|Chr2:4145772-4145915|Denovo_Non_LTR_14	Populus_simonii	Chr2	4145772	4145915	LTR	LTR/other
Populus_simonii|Chr2:4145773-4145946|TIR_49	Populus_simonii	Chr2	4145773	4145946	TIR	DNA/TcMar
Populus_simonii|Chr2:4146806-4146839|TIR_5	Populus_simonii	Chr2	4146806	4146839	TIR	DNA/CMC-EnSpm
Populus_simonii|Chr2:4146839-4146981|TIR_19	Populus_simonii	Chr2	4146839	4146981	TIR	DNA/CMC-EnSpm
Populus_simonii|Chr2:4147035-4147186|TIR_71	Populus_simonii	Chr2	4147035	4147186	TIR	DNA/hAT
Populus_simonii|Chr2:6253701-6253738|TIR_23	Populus_simonii	Chr2	6253701	6253738	TIR	DNA/TcMar
Populus_simonii|Chr2:6253738-6253813|TIR_24	Populus_simonii	Chr2	6253738	6253813	TIR	DNA/hAT
Populus_simonii|Chr2:6253813-6253827|TIR_23	Populus_simonii	Chr2	6253813	6253827	TIR	DNA/TcMar
Populus_simonii|Chr2:9022490-9022603|TIR_23	Populus_simonii	Chr2	9022490	9022603	TIR	DNA/TcMar
Populus_simonii|Chr2:9022670-9022864|TIR_27	Populus_simonii	Chr2	9022670	9022864	TIR	DNA/PIF-Harbinger
Populus_simonii|Chr2:9022846-9023412|TIR_73	Populus_simonii	Chr2	9022846	9023412	TIR	DNA/PIF-Harbinger
Populus_simonii|Chr2:24684875-24685069|TIR_24	Populus_simonii	Chr2	24684875	24685069	TIR	DNA/hAT
Populus_simonii|Chr2:26821015-26821127|LTR_818-int	Populus_simonii	Chr2	26821015	26821127	LTR	LTR/Gypsy
Populus_simonii|Chr2:26821299-26821389|LTR_839-int	Populus_simonii	Chr2	26821299	26821389	LTR	LTR/Gypsy
Populus_simonii|Chr2:26821558-26821919|LTR_839-int	Populus_simonii	Chr2	26821558	26821919	LTR	LTR/Gypsy
Populus_simonii|Chr2:26823787-26823861|LTR_840-int	Populus_simonii	Chr2	26823787	26823861	LTR	LTR/Copia
Populus_simonii|Chr3:1236607-1237284|LTR_658-LTR	Populus_simonii	Chr3	1236607	1237284	LTR	LTR/Gypsy
Populus_simonii|Chr3:3164766-3164901|TIR_29	Populus_simonii	Chr3	3164766	3164901	TIR	DNA/TcMar
Populus_simonii|Chr3:4869223-4869691|TIR_55	Populus_simonii	Chr3	4869223	4869691	TIR	DNA/PIF-Harbinger
Populus_simonii|Chr3:6730699-6730852|TIR_29	Populus_simonii	Chr3	6730699	6730852	TIR	DNA/TcMar
Populus_simonii|Chr3:6730899-6731027|TIR_29	Populus_simonii	Chr3	6730899	6731027	TIR	DNA/TcMar
Populus_simonii|Chr3:6731027-6731047|TIR_24	Populus_simonii	Chr3	6731027	6731047	TIR	DNA/hAT
Populus_simonii|Chr3:6745075-6749635|TIR_0	Populus_simonii	Chr3	6745075	6749635	LTR	LTR/Copia
Populus_simonii|Chr3:6749754-6749939|TIR_0	Populus_simonii	Chr3	6749754	6749939	LTR	LTR/Copia
Populus_simonii|Chr3:6750076-6750114|TIR_0	Populus_simonii	Chr3	6750076	6750114	LTR	LTR/Copia
Populus_simonii|Chr3:8991229-8991298|TIR_132	Populus_simonii	Chr3	8991229	8991298	TIR	DNA/hAT
Populus_simonii|Chr3:8991779-8991982|TIR_110	Populus_simonii	Chr3	8991779	8991982	TIR	DNA/hAT
Populus_simonii|Chr3:8991900-8991997|TIR_131	Populus_simonii	Chr3	8991900	8991997	TIR	DNA/hAT
Populus_simonii|Chr3:8992013-8992201|TIR_24	Populus_simonii	Chr3	8992013	8992201	TIR	DNA/hAT
Populus_simonii|Chr3:9733222-9733398|TIR_51	Populus_simonii	Chr3	9733222	9733398	TIR	DNA/hAT
Populus_simonii|Chr3:9733472-9733631|TIR_51	Populus_simonii	Chr3	9733472	9733631	TIR	DNA/hAT
Populus_simonii|Chr3:12969742-12970322|LTR_207-LTR	Populus_simonii	Chr3	12969742	12970322	LTR	LTR/Copia
Populus_simonii|Chr3:12970923-12971205|Denovo_Non_LTR_11	Populus_simonii	Chr3	12970923	12971205	non-LTR	SINE/tRNA
Populus_simonii|Chr3:12971384-12971566|Denovo_Non_LTR_9	Populus_simonii	Chr3	12971384	12971566	non-LTR	SINE/tRNA
Populus_simonii|Chr3:12973072-12973148|LTR_915-int	Populus_simonii	Chr3	12973072	12973148	LTR	LTR/Copia
Populus_simonii|Chr3:12979120-12979254|TIR_39	Populus_simonii	Chr3	12979120	12979254	TIR	DNA/PIF-Harbinger
Populus_simonii|Chr3:12979511-12979723|TIR_15	Populus_simonii	Chr3	12979511	12979723	TIR	DNA/hAT
Populus_simonii|Chr3:12979733-12979813|TIR_15	Populus_simonii	Chr3	12979733	12979813	TIR	DNA/hAT
Populus_simonii|Chr3:12979799-12980089|TIR_15	Populus_simonii	Chr3	12979799	12980089	TIR	DNA/hAT
Populus_simonii|Chr3:16173719-16173813|TIR_49	Populus_simonii	Chr3	16173719	16173813	TIR	DNA/TcMar
Populus_simonii|Chr3:16176674-16177455|TIR_47	Populus_simonii	Chr3	16176674	16177455	TIR	DNA/TcMar
Populus_simonii|Chr3:16177640-16177944|TIR_57	Populus_simonii	Chr3	16177640	16177944	TIR	DNA/hAT
Populus_simonii|Chr4:186062-186318|TIR_64	Populus_simonii	Chr4	186062	186318	TIR	DNA/PIF-Harbinger
Populus_simonii|Chr4:186318-187230|TIR_27	Populus_simonii	Chr4	186318	187230	TIR	DNA/PIF-Harbinger
Populus_simonii|Chr4:1069393-1070158|TIR_39	Populus_simonii	Chr4	1069393	1070158	TIR	DNA/PIF-Harbinger
Populus_simonii|Chr4:1070813-1071529|TIR_72	Populus_simonii	Chr4	1070813	1071529	TIR	DNA/PIF-Harbinger
Populus_simonii|Chr4:1074374-1074578|TIR_42	Populus_simonii	Chr4	1074374	1074578	TIR	DNA/TcMar
Populus_simonii|Chr4:1942810-1942849|TIR_29	Populus_simonii	Chr4	1942810	1942849	TIR	DNA/TcMar
Populus_simonii|Chr4:1942849-1942950|TIR_23	Populus_simonii	Chr4	1942849	1942950	TIR	DNA/TcMar
Populus_simonii|Chr4:1943628-1943800|TIR_23	Populus_simonii	Chr4	1943628	1943800	TIR	DNA/TcMar
Populus_simonii|Chr4:1946209-1946337|TIR_29	Populus_simonii	Chr4	1946209	1946337	TIR	DNA/TcMar
Populus_simonii|Chr4:1946467-1946615|TIR_29	Populus_simonii	Chr4	1946467	1946615	TIR	DNA/TcMar
Populus_simonii|Chr4:1946957-1947105|Denovo_Non_LTR_17	Populus_simonii	Chr4	1946957	1947105	non-LTR	SINE/tRNA
Populus_simonii|Chr4:2956005-2956826|Denovo_Non_LTR_16	Populus_simonii	Chr4	2956005	2956826	non-LTR	SINE/tRNA
Populus_simonii|Chr4:5003672-5003734|Denovo_Non_LTR_17	Populus_simonii	Chr4	5003672	5003734	non-LTR	SINE/tRNA
Populus_simonii|Chr4:5003919-5004076|Homology_Non_LTR_1	Populus_simonii	Chr4	5003919	5004076	non-LTR	SINE/tRNA
Populus_simonii|Chr4:5011038-5011226|LTR_791-int	Populus_simonii	Chr4	5011038	5011226	LTR	LTR/Gypsy
Populus_simonii|Chr4:5248768-5248923|TIR_23	Populus_simonii	Chr4	5248768	5248923	TIR	DNA/TcMar
Populus_simonii|Chr4:5249230-5249402|LTR_154-LTR	Populus_simonii	Chr4	5249230	5249402	LTR	LTR/Gypsy
Populus_simonii|Chr4:5249507-5249615|LTR_161-LTR	Populus_simonii	Chr4	5249507	5249615	LTR	LTR/Copia
Populus_simonii|Chr4:7603286-7603330|LTR_54-LTR	Populus_simonii	Chr4	7603286	7603330	LTR	LTR/Gypsy
Populus_simonii|Chr4:7603330-7603738|LTR_794-int	Populus_simonii	Chr4	7603330	7603738	LTR	LTR/Gypsy
Populus_simonii|Chr4:7603738-7603855|LTR_54-LTR	Populus_simonii	Chr4	7603738	7603855	LTR	LTR/Gypsy
Populus_simonii|Chr4:7603738-7604124|LTR_710-int	Populus_simonii	Chr4	7603738	7604124	LTR	LTR/Copia
Populus_simonii|Chr4:15279659-15279754|TIR_83	Populus_simonii	Chr4	15279659	15279754	TIR	DNA/hAT
Populus_simonii|Chr4:15279754-15279770|TIR_77	Populus_simonii	Chr4	15279754	15279770	TIR	DNA/hAT
Populus_simonii|Chr4:15280574-15280614|TIR_83	Populus_simonii	Chr4	15280574	15280614	TIR	DNA/hAT
Populus_simonii|Chr4:15280614-15280804|TIR_77	Populus_simonii	Chr4	15280614	15280804	TIR	DNA/hAT
Populus_simonii|Chr4:15281037-15281225|TIR_49	Populus_simonii	Chr4	15281037	15281225	TIR	DNA/TcMar
Populus_simonii|Chr4:15927959-15928270|TIR_52	Populus_simonii	Chr4	15927959	15928270	TIR	DNA/PIF-Harbinger
Populus_simonii|Chr4:15929856-15930044|TIR_24	Populus_simonii	Chr4	15929856	15930044	TIR	DNA/hAT
Populus_simonii|Chr4:15930795-15931020|TIR_10	Populus_simonii	Chr4	15930795	15931020	TIR	DNA/other
Populus_simonii|Chr4:15931173-15931305|TIR_68	Populus_simonii	Chr4	15931173	15931305	TIR	DNA/hAT
Populus_simonii|Chr4:16743158-16743942|TIR_39	Populus_simonii	Chr4	16743158	16743942	TIR	DNA/PIF-Harbinger
Populus_simonii|Chr4:19518889-19518977|TIR_24	Populus_simonii	Chr4	19518889	19518977	TIR	DNA/hAT
Populus_simonii|Chr5:1694635-1694897|TIR_10	Populus_simonii	Chr5	1694635	1694897	TIR	DNA/other
Populus_simonii|Chr5:5289927-5290100|Homology_Non_LTR_1	Populus_simonii	Chr5	5289927	5290100	non-LTR	SINE/tRNA
Populus_simonii|Chr5:6187705-6187880|TIR_23	Populus_simonii	Chr5	6187705	6187880	TIR	DNA/TcMar
Populus_simonii|Chr5:6191910-6192088|Homology_Non_LTR_1	Populus_simonii	Chr5	6191910	6192088	non-LTR	SINE/tRNA
Populus_simonii|Chr5:6192747-6192926|TIR_23	Populus_simonii	Chr5	6192747	6192926	TIR	DNA/TcMar
Populus_simonii|Chr5:6696777-6696899|TIR_29	Populus_simonii	Chr5	6696777	6696899	TIR	DNA/TcMar
Populus_simonii|Chr5:6696899-6696917|TIR_24	Populus_simonii	Chr5	6696899	6696917	TIR	DNA/hAT
Populus_simonii|Chr5:6697368-6697519|TIR_52	Populus_simonii	Chr5	6697368	6697519	TIR	DNA/PIF-Harbinger
Populus_simonii|Chr5:6697421-6697531|TIR_6	Populus_simonii	Chr5	6697421	6697531	TIR	DNA/PIF-Harbinger
Populus_simonii|Chr5:6697525-6697608|Denovo_Non_LTR_14	Populus_simonii	Chr5	6697525	6697608	LTR	LTR/other
Populus_simonii|Chr5:8267841-8267988|TIR_42	Populus_simonii	Chr5	8267841	8267988	TIR	DNA/TcMar
Populus_simonii|Chr5:13623315-13623959|LTR_129-LTR	Populus_simonii	Chr5	13623315	13623959	LTR	LTR/Copia
Populus_simonii|Chr6:1477469-1477633|Denovo_Non_LTR_14	Populus_simonii	Chr6	1477469	1477633	LTR	LTR/other
Populus_simonii|Chr6:1477633-1477651|LTR_1057-int	Populus_simonii	Chr6	1477633	1477651	LTR	LTR/Gypsy
Populus_simonii|Chr6:11953407-11953553|Homology_Non_LTR_1	Populus_simonii	Chr6	11953407	11953553	non-LTR	SINE/tRNA
Populus_simonii|Chr6:20269532-20269907|LTR_645-LTR	Populus_simonii	Chr6	20269532	20269907	LTR	LTR/Copia
Populus_simonii|Chr6:20272257-20272342|Denovo_Non_LTR_3	Populus_simonii	Chr6	20272257	20272342	TIR	DNA/TcMar
Populus_simonii|Chr7:449410-449432|LTR_1057-int	Populus_simonii	Chr7	449410	449432	LTR	LTR/Gypsy
Populus_simonii|Chr7:449432-449581|TIR_24	Populus_simonii	Chr7	449432	449581	TIR	DNA/hAT
Populus_simonii|Chr7:449624-449688|Denovo_Non_LTR_14	Populus_simonii	Chr7	449624	449688	LTR	LTR/other
Populus_simonii|Chr7:713970-714732|TIR_12	Populus_simonii	Chr7	713970	714732	TIR	DNA/PIF-Harbinger
Populus_simonii|Chr7:7221531-7221718|Denovo_Non_LTR_9	Populus_simonii	Chr7	7221531	7221718	non-LTR	SINE/tRNA
Populus_simonii|Chr7:7749590-7749849|TIR_10	Populus_simonii	Chr7	7749590	7749849	TIR	DNA/other
Populus_simonii|Chr7:8331778-8331883|TIR_20	Populus_simonii	Chr7	8331778	8331883	TIR	DNA/TcMar
Populus_simonii|Chr7:8333033-8333312|LTR_101-LTR	Populus_simonii	Chr7	8333033	8333312	LTR	LTR/Copia
Populus_simonii|Chr7:8333313-8337860|LTR_1042-int	Populus_simonii	Chr7	8333313	8337860	LTR	LTR/Copia
Populus_simonii|Chr7:8337862-8338149|LTR_101-LTR	Populus_simonii	Chr7	8337862	8338149	LTR	LTR/Copia
Populus_simonii|Chr7:21177099-21177111|LTR_954-int	Populus_simonii	Chr7	21177099	21177111	LTR	LTR/Copia
Populus_simonii|Chr7:21177111-21177212|TIR_10	Populus_simonii	Chr7	21177111	21177212	TIR	DNA/other
Populus_simonii|Chr7:21177219-21177443|LTR_992-int	Populus_simonii	Chr7	21177219	21177443	LTR	LTR/Gypsy
Populus_simonii|Chr7:21177535-21177802|LTR_548-LTR	Populus_simonii	Chr7	21177535	21177802	LTR	LTR/Gypsy
Populus_simonii|Chr7:21177813-21178423|LTR_992-int	Populus_simonii	Chr7	21177813	21178423	LTR	LTR/Gypsy
Populus_simonii|Chr8:13760714-13760871|TIR_29	Populus_simonii	Chr8	13760714	13760871	TIR	DNA/TcMar
Populus_simonii|Chr8:13760721-13760734|LTR_1057-int	Populus_simonii	Chr8	13760721	13760734	LTR	LTR/Gypsy
Populus_simonii|Chr8:13760734-13760897|TIR_24	Populus_simonii	Chr8	13760734	13760897	TIR	DNA/hAT
Populus_simonii|Chr8:13762936-13763195|TIR_10	Populus_simonii	Chr8	13762936	13763195	TIR	DNA/other
Populus_simonii|Chr8:20187503-20187555|TIR_70	Populus_simonii	Chr8	20187503	20187555	TIR	DNA/hAT
Populus_szechuanica|Chr1:2486689-2486768|TIR_93	Populus_szechuanica	Chr1	2486689	2486768	TIR	DNA/other
Populus_szechuanica|Chr1:6752784-6753348|LTR_1247-int	Populus_szechuanica	Chr1	6752784	6753348	LTR	LTR/Copia
Populus_szechuanica|Chr1:6753396-6753886|LTR_1247-int	Populus_szechuanica	Chr1	6753396	6753886	LTR	LTR/Copia
Populus_szechuanica|Chr1:6758157-6759052|Denovo_Non_LTR_2	Populus_szechuanica	Chr1	6758157	6759052	TIR	DNA/TcMar
Populus_szechuanica|Chr1:6759201-6759340|Denovo_Non_LTR_2	Populus_szechuanica	Chr1	6759201	6759340	TIR	DNA/TcMar
Populus_szechuanica|Chr1:11867921-11868081|LTR_1247-int	Populus_szechuanica	Chr1	11867921	11868081	LTR	LTR/Copia
Populus_szechuanica|Chr1:11867977-11868243|LTR_1247-int	Populus_szechuanica	Chr1	11867977	11868243	LTR	LTR/Copia
Populus_szechuanica|Chr1:11874805-11874979|TIR_198	Populus_szechuanica	Chr1	11874805	11874979	TIR	DNA/other
Populus_szechuanica|Chr1:11876063-11876230|TIR_198	Populus_szechuanica	Chr1	11876063	11876230	TIR	DNA/other
Populus_szechuanica|Chr1:14950277-14950990|LTR_841-int	Populus_szechuanica	Chr1	14950277	14950990	LTR	LTR/Copia
Populus_szechuanica|Chr1:24561946-24562034|TIR_0	Populus_szechuanica	Chr1	24561946	24562034	TIR	DNA/hAT
Populus_szechuanica|Chr1:24561964-24562144|TIR_176	Populus_szechuanica	Chr1	24561964	24562144	TIR	DNA/hAT
Populus_szechuanica|Chr1:24562864-24563123|TIR_3	Populus_szechuanica	Chr1	24562864	24563123	TIR	DNA/hAT
Populus_szechuanica|Chr1:24565495-24565648|TIR_18	Populus_szechuanica	Chr1	24565495	24565648	TIR	DNA/PIF-Harbinger
Populus_szechuanica|Chr1:41910917-41910973|LTR_1247-int	Populus_szechuanica	Chr1	41910917	41910973	LTR	LTR/Copia
Populus_szechuanica|Chr1:41911001-41911307|LTR_1247-int	Populus_szechuanica	Chr1	41911001	41911307	LTR	LTR/Copia
Populus_szechuanica|Chr1:41911358-41911872|LTR_1247-int	Populus_szechuanica	Chr1	41911358	41911872	LTR	LTR/Copia
Populus_szechuanica|Chr11:915986-916196|Denovo_Non_LTR_26	Populus_szechuanica	Chr11	915986	916196	non-LTR	SINE/tRNA
Populus_szechuanica|Chr11:1108567-1108742|TIR_85	Populus_szechuanica	Chr11	1108567	1108742	TIR	DNA/TcMar
Populus_szechuanica|Chr11:1108849-1108966|TIR_85	Populus_szechuanica	Chr11	1108849	1108966	TIR	DNA/TcMar
Populus_szechuanica|Chr11:1108856-1108989|TIR_198	Populus_szechuanica	Chr11	1108856	1108989	TIR	DNA/other
Populus_szechuanica|Chr11:2122137-2122289|TIR_80	Populus_szechuanica	Chr11	2122137	2122289	TIR	DNA/hAT
Populus_szechuanica|Chr11:2122289-2122308|TIR_85	Populus_szechuanica	Chr11	2122289	2122308	TIR	DNA/TcMar
Populus_szechuanica|Chr11:6514469-6514573|TIR_77	Populus_szechuanica	Chr11	6514469	6514573	TIR	DNA/PIF-Harbinger
Populus_szechuanica|Chr11:6514513-6514724|TIR_82	Populus_szechuanica	Chr11	6514513	6514724	TIR	DNA/PIF-Harbinger
Populus_szechuanica|Chr11:6515131-6515301|TIR_71	Populus_szechuanica	Chr11	6515131	6515301	TIR	DNA/PIF-Harbinger
Populus_szechuanica|Chr11:6519289-6519476|TIR_85	Populus_szechuanica	Chr11	6519289	6519476	TIR	DNA/TcMar
Populus_szechuanica|Chr11:8568836-8568854|TIR_22	Populus_szechuanica	Chr11	8568836	8568854	TIR	DNA/PIF-Harbinger
Populus_szechuanica|Chr11:8568854-8568979|TIR_85	Populus_szechuanica	Chr11	8568854	8568979	TIR	DNA/TcMar
Populus_szechuanica|Chr11:8571940-8572076|TIR_137	Populus_szechuanica	Chr11	8571940	8572076	TIR	DNA/hAT
Populus_szechuanica|Chr12:4083297-4083412|Denovo_Non_LTR_26	Populus_szechuanica	Chr12	4083297	4083412	non-LTR	SINE/tRNA
Populus_szechuanica|Chr12:14924269-14924333|LTR_1032-int	Populus_szechuanica	Chr12	14924269	14924333	LTR	LTR/Gypsy
Populus_szechuanica|Chr12:14928747-14928940|TIR_85	Populus_szechuanica	Chr12	14928747	14928940	TIR	DNA/TcMar
Populus_szechuanica|Chr13:3484367-3485232|TIR_0	Populus_szechuanica	Chr13	3484367	3485232	TIR	DNA/hAT
Populus_szechuanica|Chr13:3485542-3485654|TIR_66	Populus_szechuanica	Chr13	3485542	3485654	TIR	DNA/TcMar
Populus_szechuanica|Chr13:11232761-11232901|TIR_32	Populus_szechuanica	Chr13	11232761	11232901	TIR	DNA/hAT
Populus_szechuanica|Chr13:11234109-11234912|TIR_77	Populus_szechuanica	Chr13	11234109	11234912	TIR	DNA/PIF-Harbinger
Populus_szechuanica|Chr13:15013210-15018024|TIR_23	Populus_szechuanica	Chr13	15013210	15018024	LTR	LTR/Copia
Populus_szechuanica|Chr14:2526510-2526632|TIR_2	Populus_szechuanica	Chr14	2526510	2526632	TIR	DNA/CMC-EnSpm
Populus_szechuanica|Chr14:2527787-2527936|TIR_70	Populus_szechuanica	Chr14	2527787	2527936	TIR	DNA/hAT
Populus_szechuanica|Chr14:2529818-2530207|TIR_58	Populus_szechuanica	Chr14	2529818	2530207	TIR	DNA/PIF-Harbinger
Populus_szechuanica|Chr14:13582809-13583118|TIR_53	Populus_szechuanica	Chr14	13582809	13583118	TIR	DNA/CMC-EnSpm
Populus_szechuanica|Chr14:13591427-13591462|LTR_296-LTR	Populus_szechuanica	Chr14	13591427	13591462	LTR	LTR/Copia
Populus_szechuanica|Chr14:14823708-14823836|TIR_80	Populus_szechuanica	Chr14	14823708	14823836	TIR	DNA/hAT
Populus_szechuanica|Chr14:15178789-15178899|TIR_22	Populus_szechuanica	Chr14	15178789	15178899	TIR	DNA/PIF-Harbinger
Populus_szechuanica|Chr14:15673145-15673235|TIR_93	Populus_szechuanica	Chr14	15673145	15673235	TIR	DNA/other
Populus_szechuanica|Chr14:15677134-15677933|TIR_77	Populus_szechuanica	Chr14	15677134	15677933	TIR	DNA/PIF-Harbinger
Populus_szechuanica|Chr15:14703729-14703885|TIR_22	Populus_szechuanica	Chr15	14703729	14703885	TIR	DNA/PIF-Harbinger
Populus_szechuanica|Chr15:14703885-14703899|TIR_47	Populus_szechuanica	Chr15	14703885	14703899	TIR	DNA/PIF-Harbinger
Populus_szechuanica|Chr15:14703917-14704072|TIR_22	Populus_szechuanica	Chr15	14703917	14704072	TIR	DNA/PIF-Harbinger
Populus_szechuanica|Chr15:15472381-15472564|TIR_163	Populus_szechuanica	Chr15	15472381	15472564	TIR	DNA/PIF-Harbinger
Populus_szechuanica|Chr15:16522843-16522973|TIR_116	Populus_szechuanica	Chr15	16522843	16522973	TIR	DNA/hAT
Populus_szechuanica|Chr15:16523539-16523772|TIR_164	Populus_szechuanica	Chr15	16523539	16523772	TIR	DNA/hAT
Populus_szechuanica|Chr15:16524154-16524277|TIR_165	Populus_szechuanica	Chr15	16524154	16524277	TIR	DNA/hAT
Populus_szechuanica|Chr16:2384864-2385296|LTR_1247-int	Populus_szechuanica	Chr16	2384864	2385296	LTR	LTR/Copia
Populus_szechuanica|Chr16:2385442-2385692|LTR_1247-int	Populus_szechuanica	Chr16	2385442	2385692	LTR	LTR/Copia
Populus_szechuanica|Chr16:2385595-2385708|LTR_1247-int	Populus_szechuanica	Chr16	2385595	2385708	LTR	LTR/Copia
Populus_szechuanica|Chr16:2386305-2386377|TIR_85	Populus_szechuanica	Chr16	2386305	2386377	TIR	DNA/TcMar
Populus_szechuanica|Chr16:2389589-2389792|TIR_85	Populus_szechuanica	Chr16	2389589	2389792	TIR	DNA/TcMar
Populus_szechuanica|Chr16:2389915-2390114|TIR_198	Populus_szechuanica	Chr16	2389915	2390114	TIR	DNA/other
Populus_szechuanica|Chr17:11156377-11156529|TIR_54	Populus_szechuanica	Chr17	11156377	11156529	TIR	DNA/other
Populus_szechuanica|Chr17:11156382-11156547|Homology_Non_LTR_1	Populus_szechuanica	Chr17	11156382	11156547	non-LTR	SINE/tRNA
Populus_szechuanica|Chr17:11159643-11159707|Denovo_Non_LTR_2	Populus_szechuanica	Chr17	11159643	11159707	TIR	DNA/TcMar
Populus_szechuanica|Chr19:3589969-3590126|LTR_1247-int	Populus_szechuanica	Chr19	3589969	3590126	LTR	LTR/Copia
Populus_szechuanica|Chr19:3590309-3590424|Denovo_Non_LTR_2	Populus_szechuanica	Chr19	3590309	3590424	TIR	DNA/TcMar
Populus_szechuanica|Chr19:3590343-3590820|LTR_1247-int	Populus_szechuanica	Chr19	3590343	3590820	LTR	LTR/Copia
Populus_szechuanica|Chr19:9726992-9727188|TIR_85	Populus_szechuanica	Chr19	9726992	9727188	TIR	DNA/TcMar
Populus_szechuanica|Chr19:9727338-9727484|Denovo_Non_LTR_11	Populus_szechuanica	Chr19	9727338	9727484	non-LTR	SINE/tRNA
Populus_szechuanica|Chr19:10876531-10876543|TIR_85	Populus_szechuanica	Chr19	10876531	10876543	TIR	DNA/TcMar
Populus_szechuanica|Chr19:10876543-10876683|TIR_69	Populus_szechuanica	Chr19	10876543	10876683	TIR	DNA/other
Populus_szechuanica|Chr19:10876683-10876705|TIR_85	Populus_szechuanica	Chr19	10876683	10876705	TIR	DNA/TcMar
Populus_szechuanica|Chr19:10876824-10876882|TIR_87	Populus_szechuanica	Chr19	10876824	10876882	TIR	DNA/CMC-EnSpm
Populus_szechuanica|Chr19:10880147-10880676|TIR_22	Populus_szechuanica	Chr19	10880147	10880676	TIR	DNA/PIF-Harbinger
Populus_szechuanica|Chr19:11264519-11264704|TIR_80	Populus_szechuanica	Chr19	11264519	11264704	TIR	DNA/hAT
Populus_szechuanica|Chr19:11264581-11264719|TIR_99	Populus_szechuanica	Chr19	11264581	11264719	TIR	DNA/PIF-Harbinger
Populus_szechuanica|Chr19:11267754-11267780|LTR_640-LTR	Populus_szechuanica	Chr19	11267754	11267780	LTR	LTR/Copia
Populus_szechuanica|Chr19:11267780-11267832|LTR_350-LTR	Populus_szechuanica	Chr19	11267780	11267832	LTR	LTR/Copia
Populus_szechuanica|Chr19:11762687-11762870|TIR_80	Populus_szechuanica	Chr19	11762687	11762870	TIR	DNA/hAT
Populus_szechuanica|Chr19:13647681-13647909|LTR_1247-int	Populus_szechuanica	Chr19	13647681	13647909	LTR	LTR/Copia
Populus_szechuanica|Chr19:13658616-13658666|TIR_181	Populus_szechuanica	Chr19	13658616	13658666	TIR	DNA/hAT
Populus_szechuanica|Chr2:196002-196366|LTR_924-int	Populus_szechuanica	Chr2	196002	196366	LTR	LTR/Gypsy
Populus_szechuanica|Chr2:196499-196884|LTR_866-int	Populus_szechuanica	Chr2	196499	196884	LTR	LTR/Gypsy
Populus_szechuanica|Chr2:196796-196902|LTR_977-int	Populus_szechuanica	Chr2	196796	196902	LTR	LTR/Gypsy
Populus_szechuanica|Chr2:2084544-2084747|TIR_85	Populus_szechuanica	Chr2	2084544	2084747	TIR	DNA/TcMar
Populus_szechuanica|Chr2:2084614-2084764|TIR_99	Populus_szechuanica	Chr2	2084614	2084764	TIR	DNA/PIF-Harbinger
Populus_szechuanica|Chr2:2089435-2089578|TIR_22	Populus_szechuanica	Chr2	2089435	2089578	TIR	DNA/PIF-Harbinger
Populus_szechuanica|Chr2:2089578-2089707|TIR_154	Populus_szechuanica	Chr2	2089578	2089707	TIR	DNA/hAT
Populus_szechuanica|Chr2:2090138-2091640|LTR_1247-int	Populus_szechuanica	Chr2	2090138	2091640	LTR	LTR/Copia
Populus_szechuanica|Chr2:18224335-18224351|TIR_85	Populus_szechuanica	Chr2	18224335	18224351	TIR	DNA/TcMar
Populus_szechuanica|Chr2:18224351-18224518|TIR_80	Populus_szechuanica	Chr2	18224351	18224518	TIR	DNA/hAT
Populus_szechuanica|Chr2:21011781-21011940|Denovo_Non_LTR_0	Populus_szechuanica	Chr2	21011781	21011940	non-LTR	SINE/tRNA
Populus_szechuanica|Chr2:21017190-21017341|TIR_85	Populus_szechuanica	Chr2	21017190	21017341	TIR	DNA/TcMar
Populus_szechuanica|Chr2:23070977-23072613|TIR_16	Populus_szechuanica	Chr2	23070977	23072613	TIR	DNA/CMC-EnSpm
Populus_szechuanica|Chr2:23072822-23073186|TIR_78	Populus_szechuanica	Chr2	23072822	23073186	TIR	DNA/CMC-EnSpm
Populus_szechuanica|Chr2:23080460-23080476|TIR_22	Populus_szechuanica	Chr2	23080460	23080476	TIR	DNA/PIF-Harbinger
Populus_szechuanica|Chr2:23080476-23080603|TIR_66	Populus_szechuanica	Chr2	23080476	23080603	TIR	DNA/TcMar
Populus_szechuanica|Chr2:23080603-23080624|TIR_22	Populus_szechuanica	Chr2	23080603	23080624	TIR	DNA/PIF-Harbinger
Populus_szechuanica|Chr2:23081398-23081600|LTR_1247-int	Populus_szechuanica	Chr2	23081398	23081600	LTR	LTR/Copia
Populus_szechuanica|Chr2:24671974-24672256|LTR_1247-int	Populus_szechuanica	Chr2	24671974	24672256	LTR	LTR/Copia
Populus_szechuanica|Chr2:24671975-24672347|LTR_1247-int	Populus_szechuanica	Chr2	24671975	24672347	LTR	LTR/Copia
Populus_szechuanica|Chr2:25080954-25081127|TIR_22	Populus_szechuanica	Chr2	25080954	25081127	TIR	DNA/PIF-Harbinger
Populus_szechuanica|Chr2:25081117-25081260|TIR_22	Populus_szechuanica	Chr2	25081117	25081260	TIR	DNA/PIF-Harbinger
Populus_szechuanica|Chr2:25466695-25466889|TIR_83	Populus_szechuanica	Chr2	25466695	25466889	TIR	DNA/hAT
Populus_szechuanica|Chr3:11656208-11656830|LTR_277-LTR	Populus_szechuanica	Chr3	11656208	11656830	LTR	LTR/Copia
Populus_szechuanica|Chr3:19404977-19404994|TIR_80	Populus_szechuanica	Chr3	19404977	19404994	TIR	DNA/hAT
Populus_szechuanica|Chr3:19404994-19405119|TIR_66	Populus_szechuanica	Chr3	19404994	19405119	TIR	DNA/TcMar
Populus_szechuanica|Chr3:19405119-19405164|TIR_80	Populus_szechuanica	Chr3	19405119	19405164	TIR	DNA/hAT
Populus_szechuanica|Chr3:19405760-19405908|TIR_66	Populus_szechuanica	Chr3	19405760	19405908	TIR	DNA/TcMar
Populus_szechuanica|Chr3:19871242-19871393|TIR_66	Populus_szechuanica	Chr3	19871242	19871393	TIR	DNA/TcMar
Populus_szechuanica|Chr3:19872058-19872228|TIR_54	Populus_szechuanica	Chr3	19872058	19872228	TIR	DNA/other
Populus_szechuanica|Chr3:19876272-19876457|TIR_18	Populus_szechuanica	Chr3	19876272	19876457	TIR	DNA/PIF-Harbinger
Populus_szechuanica|Chr3:19876305-19876469|TIR_85	Populus_szechuanica	Chr3	19876305	19876469	TIR	DNA/TcMar
Populus_szechuanica|Chr3:19877172-19877407|LTR_1247-int	Populus_szechuanica	Chr3	19877172	19877407	LTR	LTR/Copia
Populus_szechuanica|Chr3:19877699-19877776|TIR_22	Populus_szechuanica	Chr3	19877699	19877776	TIR	DNA/PIF-Harbinger
Populus_szechuanica|Chr3:19877803-19877863|TIR_22	Populus_szechuanica	Chr3	19877803	19877863	TIR	DNA/PIF-Harbinger
Populus_szechuanica|Chr3:20674106-20674543|LTR_1086-int	Populus_szechuanica	Chr3	20674106	20674543	LTR	LTR/Copia
Populus_szechuanica|Chr3:20675434-20675608|TIR_54	Populus_szechuanica	Chr3	20675434	20675608	TIR	DNA/other
Populus_szechuanica|Chr3:24178127-24178391|TIR_93	Populus_szechuanica	Chr3	24178127	24178391	TIR	DNA/other
Populus_szechuanica|Chr4:156119-156279|Denovo_Non_LTR_2	Populus_szechuanica	Chr4	156119	156279	TIR	DNA/TcMar
Populus_szechuanica|Chr4:156298-156349|Denovo_Non_LTR_2	Populus_szechuanica	Chr4	156298	156349	TIR	DNA/TcMar
Populus_szechuanica|Chr4:1061770-1062466|TIR_163	Populus_szechuanica	Chr4	1061770	1062466	TIR	DNA/PIF-Harbinger
Populus_szechuanica|Chr4:1062464-1062885|TIR_163	Populus_szechuanica	Chr4	1062464	1062885	TIR	DNA/PIF-Harbinger
Populus_szechuanica|Chr4:1958862-1958980|TIR_22	Populus_szechuanica	Chr4	1958862	1958980	TIR	DNA/PIF-Harbinger
Populus_szechuanica|Chr4:1959683-1959702|LTR_1247-int	Populus_szechuanica	Chr4	1959683	1959702	LTR	LTR/Copia
Populus_szechuanica|Chr4:1959705-1959853|TIR_69	Populus_szechuanica	Chr4	1959705	1959853	TIR	DNA/other
Populus_szechuanica|Chr4:1962225-1962405|LTR_1247-int	Populus_szechuanica	Chr4	1962225	1962405	LTR	LTR/Copia
Populus_szechuanica|Chr4:1962553-1962700|TIR_69	Populus_szechuanica	Chr4	1962553	1962700	TIR	DNA/other
Populus_szechuanica|Chr4:1962941-1962992|LTR_319-LTR	Populus_szechuanica	Chr4	1962941	1962992	LTR	LTR/Gypsy
Populus_szechuanica|Chr4:5091566-5091626|TIR_54	Populus_szechuanica	Chr4	5091566	5091626	TIR	DNA/other
Populus_szechuanica|Chr4:5091787-5091811|TIR_114	Populus_szechuanica	Chr4	5091787	5091811	TIR	DNA/hAT
Populus_szechuanica|Chr4:5091811-5091965|TIR_54	Populus_szechuanica	Chr4	5091811	5091965	TIR	DNA/other
Populus_szechuanica|Chr4:5098854-5099204|LTR_853-int	Populus_szechuanica	Chr4	5098854	5099204	LTR	LTR/Gypsy
Populus_szechuanica|Chr4:5335062-5335189|TIR_54	Populus_szechuanica	Chr4	5335062	5335189	TIR	DNA/other
Populus_szechuanica|Chr4:5335194-5335392|Homology_Non_LTR_1	Populus_szechuanica	Chr4	5335194	5335392	non-LTR	SINE/tRNA
Populus_szechuanica|Chr4:5342378-5342452|LTR_1062-int	Populus_szechuanica	Chr4	5342378	5342452	LTR	LTR/Copia
Populus_szechuanica|Chr4:7762595-7762679|LTR_454-LTR	Populus_szechuanica	Chr4	7762595	7762679	LTR	LTR/Gypsy
Populus_szechuanica|Chr4:15541847-15541941|LTR_552-LTR	Populus_szechuanica	Chr4	15541847	15541941	LTR	LTR/Copia
Populus_szechuanica|Chr4:15543043-15543321|LTR_231-LTR	Populus_szechuanica	Chr4	15543043	15543321	LTR	LTR/Copia
Populus_szechuanica|Chr4:15543324-15544996|LTR_778-int	Populus_szechuanica	Chr4	15543324	15544996	LTR	LTR/Copia
Populus_szechuanica|Chr4:16213890-16213992|TIR_80	Populus_szechuanica	Chr4	16213890	16213992	TIR	DNA/hAT
Populus_szechuanica|Chr4:16216322-16216555|TIR_93	Populus_szechuanica	Chr4	16216322	16216555	TIR	DNA/other
Populus_szechuanica|Chr4:16216734-16217005|TIR_164	Populus_szechuanica	Chr4	16216734	16217005	TIR	DNA/hAT
Populus_szechuanica|Chr4:17095530-17096552|LTR_1247-int	Populus_szechuanica	Chr4	17095530	17096552	LTR	LTR/Copia
Populus_szechuanica|Chr4:17095900-17096934|LTR_1247-int	Populus_szechuanica	Chr4	17095900	17096934	LTR	LTR/Copia
Populus_szechuanica|Chr4:19620119-19620223|TIR_13	Populus_szechuanica	Chr4	19620119	19620223	TIR	DNA/hAT
Populus_szechuanica|Chr4:19620253-19620927|TIR_13	Populus_szechuanica	Chr4	19620253	19620927	TIR	DNA/hAT
Populus_szechuanica|Chr4:19623028-19623140|LTR_1247-int	Populus_szechuanica	Chr4	19623028	19623140	LTR	LTR/Copia
Populus_szechuanica|Chr4:19623064-19623144|TIR_22	Populus_szechuanica	Chr4	19623064	19623144	TIR	DNA/PIF-Harbinger
Populus_szechuanica|Chr5:2071108-2071122|TIR_112	Populus_szechuanica	Chr5	2071108	2071122	TIR	DNA/hAT
Populus_szechuanica|Chr5:2071122-2071328|TIR_85	Populus_szechuanica	Chr5	2071122	2071328	TIR	DNA/TcMar
Populus_szechuanica|Chr5:2981599-2981729|TIR_69	Populus_szechuanica	Chr5	2981599	2981729	TIR	DNA/other
Populus_szechuanica|Chr5:4706455-4706986|LTR_1247-int	Populus_szechuanica	Chr5	4706455	4706986	LTR	LTR/Copia
Populus_szechuanica|Chr5:4707014-4707469|LTR_1247-int	Populus_szechuanica	Chr5	4707014	4707469	LTR	LTR/Copia
Populus_szechuanica|Chr5:4906512-4906621|TIR_66	Populus_szechuanica	Chr5	4906512	4906621	TIR	DNA/TcMar
Populus_szechuanica|Chr5:4906621-4906671|TIR_80	Populus_szechuanica	Chr5	4906621	4906671	TIR	DNA/hAT
Populus_szechuanica|Chr5:6641775-6642351|LTR_1247-int	Populus_szechuanica	Chr5	6641775	6642351	LTR	LTR/Copia
Populus_szechuanica|Chr5:6643093-6643207|TIR_66	Populus_szechuanica	Chr5	6643093	6643207	TIR	DNA/TcMar
Populus_szechuanica|Chr5:6643332-6643472|TIR_66	Populus_szechuanica	Chr5	6643332	6643472	TIR	DNA/TcMar
Populus_szechuanica|Chr5:6643340-6643493|TIR_163	Populus_szechuanica	Chr5	6643340	6643493	TIR	DNA/PIF-Harbinger
Populus_szechuanica|Chr5:9094746-9094800|TIR_18	Populus_szechuanica	Chr5	9094746	9094800	TIR	DNA/PIF-Harbinger
Populus_szechuanica|Chr5:9094753-9094820|TIR_22	Populus_szechuanica	Chr5	9094753	9094820	TIR	DNA/PIF-Harbinger
Populus_szechuanica|Chr5:9094800-9094813|LTR_1247-int	Populus_szechuanica	Chr5	9094800	9094813	LTR	LTR/Copia
Populus_szechuanica|Chr5:9094915-9095117|TIR_198	Populus_szechuanica	Chr5	9094915	9095117	TIR	DNA/other
Populus_szechuanica|Chr5:9095166-9095354|TIR_14	Populus_szechuanica	Chr5	9095166	9095354	TIR	DNA/hAT
Populus_szechuanica|Chr5:9095396-9095582|TIR_85	Populus_szechuanica	Chr5	9095396	9095582	TIR	DNA/TcMar
Populus_szechuanica|Chr5:9098801-9099307|TIR_22	Populus_szechuanica	Chr5	9098801	9099307	TIR	DNA/PIF-Harbinger
Populus_szechuanica|Chr5:9868079-9868243|TIR_86	Populus_szechuanica	Chr5	9868079	9868243	TIR	DNA/hAT
Populus_szechuanica|Chr5:9868308-9868484|TIR_37	Populus_szechuanica	Chr5	9868308	9868484	TIR	DNA/hAT
Populus_szechuanica|Chr5:9869006-9869190|TIR_77	Populus_szechuanica	Chr5	9869006	9869190	TIR	DNA/PIF-Harbinger
Populus_szechuanica|Chr5:13153130-13153321|TIR_22	Populus_szechuanica	Chr5	13153130	13153321	TIR	DNA/PIF-Harbinger
Populus_szechuanica|Chr5:13153344-13154232|TIR_77	Populus_szechuanica	Chr5	13153344	13154232	TIR	DNA/PIF-Harbinger
Populus_szechuanica|Chr5:16361791-16361806|TIR_99	Populus_szechuanica	Chr5	16361791	16361806	TIR	DNA/PIF-Harbinger
Populus_szechuanica|Chr5:16361806-16361940|TIR_66	Populus_szechuanica	Chr5	16361806	16361940	TIR	DNA/TcMar
Populus_szechuanica|Chr5:16361940-16361978|TIR_80	Populus_szechuanica	Chr5	16361940	16361978	TIR	DNA/hAT
Populus_szechuanica|Chr6:1501586-1501750|TIR_198	Populus_szechuanica	Chr6	1501586	1501750	TIR	DNA/other
Populus_szechuanica|Chr6:1501614-1501768|TIR_163	Populus_szechuanica	Chr6	1501614	1501768	TIR	DNA/PIF-Harbinger
Populus_szechuanica|Chr6:1504649-1504660|TIR_113	Populus_szechuanica	Chr6	1504649	1504660	TIR	DNA/TcMar
Populus_szechuanica|Chr6:1504660-1504814|LTR_352-LTR	Populus_szechuanica	Chr6	1504660	1504814	LTR	LTR/Gypsy
Populus_szechuanica|Chr6:1504814-1505018|TIR_91	Populus_szechuanica	Chr6	1504814	1505018	TIR	DNA/CMC-EnSpm
Populus_szechuanica|Chr6:1505016-1505135|TIR_91	Populus_szechuanica	Chr6	1505016	1505135	TIR	DNA/CMC-EnSpm
Populus_szechuanica|Chr6:1505169-1510118|TIR_91	Populus_szechuanica	Chr6	1505169	1510118	TIR	DNA/CMC-EnSpm
Populus_szechuanica|Chr6:1565606-1565718|TIR_146	Populus_szechuanica	Chr6	1565606	1565718	TIR	DNA/TcMar
Populus_szechuanica|Chr6:13761919-13761939|TIR_112	Populus_szechuanica	Chr6	13761919	13761939	TIR	DNA/hAT
Populus_szechuanica|Chr6:13761939-13762090|TIR_54	Populus_szechuanica	Chr6	13761939	13762090	TIR	DNA/other
Populus_szechuanica|Chr7:14699613-14699761|LTR_508-LTR	Populus_szechuanica	Chr7	14699613	14699761	LTR	LTR/Copia
Populus_szechuanica|Chr7:14699655-14699778|TIR_80	Populus_szechuanica	Chr7	14699655	14699778	TIR	DNA/hAT
Populus_szechuanica|Chr7:21077811-21078017|TIR_198	Populus_szechuanica	Chr7	21077811	21078017	TIR	DNA/other
Populus_szechuanica|Chr7:21346296-21346450|TIR_22	Populus_szechuanica	Chr7	21346296	21346450	TIR	DNA/PIF-Harbinger
Populus_szechuanica|Chr7:21346450-21346490|TIR_188	Populus_szechuanica	Chr7	21346450	21346490	TIR	DNA/CMC-EnSpm
Populus_szechuanica|Chr7:21348279-21349010|TIR_24	Populus_szechuanica	Chr7	21348279	21349010	TIR	DNA/PIF-Harbinger
Populus_szechuanica|Chr7:21361119-21361373|TIR_9	Populus_szechuanica	Chr7	21361119	21361373	TIR	DNA/hAT
Populus_szechuanica|Chr8:17928898-17929012|LTR_559-LTR	Populus_szechuanica	Chr8	17928898	17929012	LTR	LTR/Gypsy
Populus_szechuanica|Chr8:17933900-17933928|TIR_188	Populus_szechuanica	Chr8	17933900	17933928	TIR	DNA/CMC-EnSpm
Populus_szechuanica|Chr8:17933928-17934057|TIR_69	Populus_szechuanica	Chr8	17933928	17934057	TIR	DNA/other
Populus_szechuanica|Chr8:21139917-21140433|LTR_1247-int	Populus_szechuanica	Chr8	21139917	21140433	LTR	LTR/Copia
Populus_szechuanica|Chr8:21140416-21140849|LTR_1247-int	Populus_szechuanica	Chr8	21140416	21140849	LTR	LTR/Copia
Populus_szechuanica|Chr8:21144520-21145313|TIR_13	Populus_szechuanica	Chr8	21144520	21145313	TIR	DNA/hAT
Populus_szechuanica|Chr8:21145643-21145762|TIR_139	Populus_szechuanica	Chr8	21145643	21145762	TIR	DNA/hAT
Populus_szechuanica|Chr8:21145803-21145957|TIR_54	Populus_szechuanica	Chr8	21145803	21145957	TIR	DNA/other
Populus_szechuanica|Chr9:496518-497018|TIR_0	Populus_szechuanica	Chr9	496518	497018	TIR	DNA/hAT
Populus_szechuanica|Chr9:6768546-6768821|TIR_93	Populus_szechuanica	Chr9	6768546	6768821	TIR	DNA/other
Populus_szechuanica|Chr9:6770890-6771075|TIR_85	Populus_szechuanica	Chr9	6770890	6771075	TIR	DNA/TcMar
Populus_szechuanica|Chr9:7656026-7656189|TIR_150	Populus_szechuanica	Chr9	7656026	7656189	TIR	DNA/PIF-Harbinger
Populus_szechuanica|Chr9:7656183-7656308|TIR_9	Populus_szechuanica	Chr9	7656183	7656308	TIR	DNA/hAT
Populus_szechuanica|Chr9:7656268-7656485|TIR_47	Populus_szechuanica	Chr9	7656268	7656485	TIR	DNA/PIF-Harbinger
Populus_szechuanica|Chr9:7658960-7659082|TIR_66	Populus_szechuanica	Chr9	7658960	7659082	TIR	DNA/TcMar
Populus_szechuanica|Scaffold_000002:417371-417722|LTR_1151-int	Populus_szechuanica	Scaffold_000002	417371	417722	LTR	LTR/Gypsy
Populus_szechuanica|Scaffold_000002:417965-418034|TIR_167	Populus_szechuanica	Scaffold_000002	417965	418034	TIR	DNA/PIF-Harbinger
Populus_szechuanica|Scaffold_000002:418567-418669|TIR_93	Populus_szechuanica	Scaffold_000002	418567	418669	TIR	DNA/other
Populus_szechuanica|Scaffold_000002:418671-418738|TIR_16	Populus_szechuanica	Scaffold_000002	418671	418738	TIR	DNA/CMC-EnSpm
Populus_szechuanica|Scaffold_000002:420142-420285|LTR_1247-int	Populus_szechuanica	Scaffold_000002	420142	420285	LTR	LTR/Copia
Populus_szechuanica|Scaffold_000002:420302-420543|LTR_1247-int	Populus_szechuanica	Scaffold_000002	420302	420543	LTR	LTR/Copia
Populus_szechuanica|Scaffold_000002:420699-421212|LTR_1247-int	Populus_szechuanica	Scaffold_000002	420699	421212	LTR	LTR/Copia
Populus_tremula|Chr1:1950700-1950818|TIR_32	Populus_tremula	Chr1	1950700	1950818	TIR	DNA/TcMar
Populus_tremula|Chr1:2566210-2566285|TIR_6	Populus_tremula	Chr1	2566210	2566285	TIR	DNA/other
Populus_tremula|Chr1:6687797-6687899|TIR_64	Populus_tremula	Chr1	6687797	6687899	TIR	DNA/TcMar
Populus_tremula|Chr1:11691168-11691188|TIR_7	Populus_tremula	Chr1	11691168	11691188	TIR	DNA/other
Populus_tremula|Chr1:11691188-11691305|TIR_52	Populus_tremula	Chr1	11691188	11691305	TIR	DNA/PIF-Harbinger
Populus_tremula|Chr1:11693412-11695266|TIR_117	Populus_tremula	Chr1	11693412	11695266	TIR	DNA/hAT
Populus_tremula|Chr1:39358828-39358901|TIR_68	Populus_tremula	Chr1	39358828	39358901	TIR	DNA/hAT
Populus_tremula|Chr1:39362703-39362827|TIR_75	Populus_tremula	Chr1	39362703	39362827	TIR	DNA/hAT
Populus_tremula|Chr10:441022-441223|TIR_52	Populus_tremula	Chr10	441022	441223	TIR	DNA/PIF-Harbinger
Populus_tremula|Chr10:442940-443053|TIR_163	Populus_tremula	Chr10	442940	443053	TIR	DNA/hAT
Populus_tremula|Chr10:6961253-6961927|TIR_54	Populus_tremula	Chr10	6961253	6961927	TIR	DNA/TcMar
Populus_tremula|Chr10:6966731-6966805|TIR_90	Populus_tremula	Chr10	6966731	6966805	TIR	DNA/hAT
Populus_tremula|Chr10:6967229-6967600|TIR_3	Populus_tremula	Chr10	6967229	6967600	TIR	DNA/other
Populus_tremula|Chr10:6967597-6967869|TIR_3	Populus_tremula	Chr10	6967597	6967869	TIR	DNA/other
Populus_tremula|Chr10:19523661-19523761|TIR_24	Populus_tremula	Chr10	19523661	19523761	TIR	DNA/hAT
Populus_tremula|Chr10:19523677-19523777|TIR_111	Populus_tremula	Chr10	19523677	19523777	TIR	DNA/hAT
Populus_tremula|Chr10:19525147-19525289|TIR_32	Populus_tremula	Chr10	19525147	19525289	TIR	DNA/TcMar
Populus_tremula|Chr10:19526679-19527155|Denovo_Non_LTR_16	Populus_tremula	Chr10	19526679	19527155	non-LTR	LINE/L1
Populus_tremula|Chr10:19529752-19530024|LTR_354-LTR	Populus_tremula	Chr10	19529752	19530024	LTR	LTR/Gypsy
Populus_tremula|Chr10:19530046-19530360|TIR_58	Populus_tremula	Chr10	19530046	19530360	TIR	DNA/hAT
Populus_tremula|Chr10:19530360-19530540|LTR_354-LTR	Populus_tremula	Chr10	19530360	19530540	LTR	LTR/Gypsy
Populus_tremula|Chr13:300900-301074|TIR_66	Populus_tremula	Chr13	300900	301074	TIR	DNA/TcMar
Populus_tremula|Chr13:2656728-2656850|TIR_83	Populus_tremula	Chr13	2656728	2656850	TIR	DNA/hAT
Populus_tremula|Chr13:2656882-2657010|TIR_75	Populus_tremula	Chr13	2656882	2657010	TIR	DNA/hAT
Populus_tremula|Chr13:2657478-2658797|LTR_984-int	Populus_tremula	Chr13	2657478	2658797	LTR	LTR/Copia
Populus_tremula|Chr13:10627002-10627176|TIR_66	Populus_tremula	Chr13	10627002	10627176	TIR	DNA/TcMar
Populus_tremula|Chr13:10627242-10627465|TIR_32	Populus_tremula	Chr13	10627242	10627465	TIR	DNA/TcMar
Populus_tremula|Chr14:1782259-1782393|TIR_32	Populus_tremula	Chr14	1782259	1782393	TIR	DNA/TcMar
Populus_tremula|Chr14:6150279-6150406|TIR_145	Populus_tremula	Chr14	6150279	6150406	TIR	DNA/PIF-Harbinger
Populus_tremula|Chr14:6150868-6151021|TIR_13	Populus_tremula	Chr14	6150868	6151021	TIR	DNA/PIF-Harbinger
Populus_tremula|Chr14:6154658-6154823|TIR_32	Populus_tremula	Chr14	6154658	6154823	TIR	DNA/TcMar
Populus_tremula|Chr14:6155193-6155595|TIR_19	Populus_tremula	Chr14	6155193	6155595	TIR	DNA/PIF-Harbinger
Populus_tremula|Chr14:6155783-6155915|TIR_66	Populus_tremula	Chr14	6155783	6155915	TIR	DNA/TcMar
Populus_tremula|Chr14:8160987-8161096|Denovo_Non_LTR_1	Populus_tremula	Chr14	8160987	8161096	non-LTR	SINE/tRNA
Populus_tremula|Chr14:8164687-8164838|TIR_32	Populus_tremula	Chr14	8164687	8164838	TIR	DNA/TcMar
Populus_tremula|Chr15:8432390-8432560|Homology_Non_LTR_1	Populus_tremula	Chr15	8432390	8432560	non-LTR	SINE/tRNA
Populus_tremula|Chr16:1419615-1419697|TIR_6	Populus_tremula	Chr16	1419615	1419697	TIR	DNA/other
Populus_tremula|Chr16:1419627-1419916|TIR_8	Populus_tremula	Chr16	1419627	1419916	TIR	DNA/other
Populus_tremula|Chr16:1423633-1423723|TIR_6	Populus_tremula	Chr16	1423633	1423723	TIR	DNA/other
Populus_tremula|Chr16:1788321-1788340|LTR_634-int	Populus_tremula	Chr16	1788321	1788340	LTR	LTR/Gypsy
Populus_tremula|Chr16:1788340-1788646|TIR_53	Populus_tremula	Chr16	1788340	1788646	TIR	DNA/hAT
Populus_tremula|Chr16:1788816-1788969|TIR_82	Populus_tremula	Chr16	1788816	1788969	TIR	DNA/hAT
Populus_tremula|Chr16:1788994-1789294|TIR_13	Populus_tremula	Chr16	1788994	1789294	TIR	DNA/PIF-Harbinger
Populus_tremula|Chr16:2104208-2104409|Denovo_Non_LTR_0	Populus_tremula	Chr16	2104208	2104409	non-LTR	SINE/tRNA
Populus_tremula|Chr16:2105159-2105234|TIR_32	Populus_tremula	Chr16	2105159	2105234	TIR	DNA/TcMar
Populus_tremula|Chr16:3285438-3286228|TIR_13	Populus_tremula	Chr16	3285438	3286228	TIR	DNA/PIF-Harbinger
Populus_tremula|Chr16:11459912-11460683|TIR_13	Populus_tremula	Chr16	11459912	11460683	TIR	DNA/PIF-Harbinger
Populus_tremula|Chr17:11827433-11827536|TIR_64	Populus_tremula	Chr17	11827433	11827536	TIR	DNA/TcMar
Populus_tremula|Chr18:11192898-11193106|TIR_52	Populus_tremula	Chr18	11192898	11193106	TIR	DNA/PIF-Harbinger
Populus_tremula|Chr18:11193300-11193361|TIR_66	Populus_tremula	Chr18	11193300	11193361	TIR	DNA/TcMar
Populus_tremula|Chr18:11197512-11197870|TIR_9	Populus_tremula	Chr18	11197512	11197870	TIR	DNA/hAT
Populus_tremula|Chr19:233874-234030|TIR_32	Populus_tremula	Chr19	233874	234030	TIR	DNA/TcMar
Populus_tremula|Chr19:234734-234908|TIR_60	Populus_tremula	Chr19	234734	234908	TIR	DNA/hAT
Populus_tremula|Chr19:234760-234778|LTR_886-int	Populus_tremula	Chr19	234760	234778	LTR	LTR/Copia
Populus_tremula|Chr19:234778-234915|TIR_52	Populus_tremula	Chr19	234778	234915	TIR	DNA/PIF-Harbinger
Populus_tremula|Chr19:234915-234926|LTR_886-int	Populus_tremula	Chr19	234915	234926	LTR	LTR/Copia
Populus_tremula|Chr19:236695-236765|LTR_703-int	Populus_tremula	Chr19	236695	236765	LTR	LTR/Copia
Populus_tremula|Chr19:2863670-2863794|LTR_453-LTR	Populus_tremula	Chr19	2863670	2863794	LTR	LTR/Gypsy
Populus_tremula|Chr2:8518857-8519037|TIR_64	Populus_tremula	Chr2	8518857	8519037	TIR	DNA/TcMar
Populus_tremula|Chr2:11353227-11353406|TIR_32	Populus_tremula	Chr2	11353227	11353406	TIR	DNA/TcMar
Populus_tremula|Chr2:14266124-14266364|TIR_8	Populus_tremula	Chr2	14266124	14266364	TIR	DNA/other
Populus_tremula|Chr2:14914568-14914625|TIR_92	Populus_tremula	Chr2	14914568	14914625	TIR	DNA/hAT
Populus_tremula|Chr2:14914625-14914792|TIR_32	Populus_tremula	Chr2	14914625	14914792	TIR	DNA/TcMar
Populus_tremula|Chr2:17029700-17029836|TIR_32	Populus_tremula	Chr2	17029700	17029836	TIR	DNA/TcMar
Populus_tremula|Chr2:18717488-18718222|TIR_3	Populus_tremula	Chr2	18717488	18718222	TIR	DNA/other
Populus_tremula|Chr2:20507062-20507202|TIR_32	Populus_tremula	Chr2	20507062	20507202	TIR	DNA/TcMar
Populus_tremula|Chr2:20507296-20507464|TIR_65	Populus_tremula	Chr2	20507296	20507464	TIR	DNA/hAT
Populus_tremula|Chr2:22287618-22287981|LTR_916-int	Populus_tremula	Chr2	22287618	22287981	LTR	LTR/Copia
Populus_tremula|Chr2:22292267-22292402|TIR_32	Populus_tremula	Chr2	22292267	22292402	TIR	DNA/TcMar
Populus_tremula|Chr3:1553238-1553349|TIR_60	Populus_tremula	Chr3	1553238	1553349	TIR	DNA/hAT
Populus_tremula|Chr3:2544887-2545058|TIR_8	Populus_tremula	Chr3	2544887	2545058	TIR	DNA/other
Populus_tremula|Chr3:9917134-9917303|Homology_Non_LTR_1	Populus_tremula	Chr3	9917134	9917303	non-LTR	SINE/tRNA
Populus_tremula|Chr3:9924178-9924337|LTR_703-int	Populus_tremula	Chr3	9924178	9924337	LTR	LTR/Copia
Populus_tremula|Chr3:9924206-9924376|TIR_52	Populus_tremula	Chr3	9924206	9924376	TIR	DNA/PIF-Harbinger
Populus_tremula|Chr3:9925545-9925618|TIR_104	Populus_tremula	Chr3	9925545	9925618	TIR	DNA/PIF-Harbinger
Populus_tremula|Chr3:9925618-9925634|TIR_1	Populus_tremula	Chr3	9925618	9925634	TIR	DNA/PIF-Harbinger
Populus_tremula|Chr4:9557187-9557675|LTR_115-LTR	Populus_tremula	Chr4	9557187	9557675	LTR	LTR/Copia
Populus_tremula|Chr4:9557924-9557985|LTR_115-LTR	Populus_tremula	Chr4	9557924	9557985	LTR	LTR/Copia
Populus_tremula|Chr4:14963792-14963982|TIR_52	Populus_tremula	Chr4	14963792	14963982	TIR	DNA/PIF-Harbinger
Populus_tremula|Chr4:14964086-14964251|TIR_32	Populus_tremula	Chr4	14964086	14964251	TIR	DNA/TcMar
Populus_tremula|Chr4:14966809-14966901|Denovo_Non_LTR_2	Populus_tremula	Chr4	14966809	14966901	non-LTR	SINE/tRNA
Populus_tremula|Chr4:14967645-14967778|TIR_66	Populus_tremula	Chr4	14967645	14967778	TIR	DNA/TcMar
Populus_tremula|Chr4:15439618-15439749|TIR_66	Populus_tremula	Chr4	15439618	15439749	TIR	DNA/TcMar
Populus_tremula|Chr4:15440433-15440606|Homology_Non_LTR_1	Populus_tremula	Chr4	15440433	15440606	non-LTR	SINE/tRNA
Populus_tremula|Chr4:15445995-15446186|Denovo_Non_LTR_0	Populus_tremula	Chr4	15445995	15446186	non-LTR	SINE/tRNA
Populus_tremula|Chr4:16265294-16266813|LTR_989-int	Populus_tremula	Chr4	16265294	16266813	LTR	LTR/Copia
Populus_tremula|Chr5:143237-143962|TIR_23	Populus_tremula	Chr5	143237	143962	TIR	DNA/PIF-Harbinger
Populus_tremula|Chr5:147064-147208|TIR_3	Populus_tremula	Chr5	147064	147208	TIR	DNA/other
Populus_tremula|Chr5:992194-992626|TIR_170	Populus_tremula	Chr5	992194	992626	TIR	DNA/PIF-Harbinger
Populus_tremula|Chr5:996201-996323|TIR_52	Populus_tremula	Chr5	996201	996323	TIR	DNA/PIF-Harbinger
Populus_tremula|Chr5:4726385-4726543|TIR_52	Populus_tremula	Chr5	4726385	4726543	TIR	DNA/PIF-Harbinger
Populus_tremula|Chr5:4939437-4939632|TIR_60	Populus_tremula	Chr5	4939437	4939632	TIR	DNA/hAT
Populus_tremula|Chr5:4939887-4940044|TIR_32	Populus_tremula	Chr5	4939887	4940044	TIR	DNA/TcMar
Populus_tremula|Chr5:4944391-4944597|LTR_879-int	Populus_tremula	Chr5	4944391	4944597	LTR	LTR/Copia
Populus_tremula|Chr5:7238258-7238529|LTR_529-LTR	Populus_tremula	Chr5	7238258	7238529	LTR	LTR/Gypsy
Populus_tremula|Chr5:7238529-7238879|LTR_348-LTR	Populus_tremula	Chr5	7238529	7238879	LTR	LTR/Gypsy
Populus_tremula|Chr5:7238569-7238971|LTR_693-int	Populus_tremula	Chr5	7238569	7238971	LTR	LTR/Copia
Populus_tremula|Chr5:7238971-7239011|LTR_529-LTR	Populus_tremula	Chr5	7238971	7239011	LTR	LTR/Gypsy
Populus_tremula|Chr5:7239286-7239540|LTR_703-int	Populus_tremula	Chr5	7239286	7239540	LTR	LTR/Copia
Populus_tremula|Chr5:7239330-7239563|LTR_886-int	Populus_tremula	Chr5	7239330	7239563	LTR	LTR/Copia
Populus_tremula|Chr5:12406577-12406762|TIR_32	Populus_tremula	Chr5	12406577	12406762	TIR	DNA/TcMar
Populus_tremula|Chr5:12407361-12409916|TIR_143	Populus_tremula	Chr5	12407361	12409916	TIR	DNA/hAT
Populus_tremula|Chr5:15702086-15702144|TIR_32	Populus_tremula	Chr5	15702086	15702144	TIR	DNA/TcMar
Populus_tremula|Chr6:345844-346096|LTR_987-int	Populus_tremula	Chr6	345844	346096	LTR	LTR/Gypsy
Populus_tremula|Chr6:346463-346574|LTR_968-int	Populus_tremula	Chr6	346463	346574	LTR	LTR/Gypsy
Populus_tremula|Chr6:2134735-2134906|TIR_32	Populus_tremula	Chr6	2134735	2134906	TIR	DNA/TcMar
Populus_tremula|Chr6:2135601-2135807|Denovo_Non_LTR_0	Populus_tremula	Chr6	2135601	2135807	non-LTR	SINE/tRNA
Populus_tremula|Chr6:17599400-17599661|LTR_740-int	Populus_tremula	Chr6	17599400	17599661	LTR	LTR/Copia
Populus_tremula|Chr6:19756887-19757203|TIR_17	Populus_tremula	Chr6	19756887	19757203	TIR	DNA/CMC-EnSpm
Populus_tremula|Chr6:19764550-19765531|TIR_61	Populus_tremula	Chr6	19764550	19765531	TIR	DNA/hAT
Populus_tremula|Chr6:19765549-19765568|TIR_60	Populus_tremula	Chr6	19765549	19765568	TIR	DNA/hAT
Populus_tremula|Chr6:19765568-19765716|TIR_66	Populus_tremula	Chr6	19765568	19765716	TIR	DNA/TcMar
Populus_tremula|Chr6:21327742-21327897|TIR_145	Populus_tremula	Chr6	21327742	21327897	TIR	DNA/PIF-Harbinger
Populus_tremula|Chr6:21716301-21717167|TIR_13	Populus_tremula	Chr6	21716301	21717167	TIR	DNA/PIF-Harbinger
Populus_tremula|Chr6:22062089-22062519|LTR_105-LTR	Populus_tremula	Chr6	22062089	22062519	LTR	LTR/Gypsy
Populus_tremula|Chr6:22062495-22062596|LTR_769-int	Populus_tremula	Chr6	22062495	22062596	LTR	LTR/Copia
Populus_tremula|Chr6:22062512-22062598|LTR_105-LTR	Populus_tremula	Chr6	22062512	22062598	LTR	LTR/Gypsy
Populus_tremula|Chr7:12406048-12406234|Denovo_Non_LTR_1	Populus_tremula	Chr7	12406048	12406234	non-LTR	SINE/tRNA
Populus_tremula|Chr7:13454393-13454568|Homology_Non_LTR_1	Populus_tremula	Chr7	13454393	13454568	non-LTR	SINE/tRNA
Populus_tremula|Chr7:13454581-13454669|Denovo_Non_LTR_4	Populus_tremula	Chr7	13454581	13454669	non-LTR	SINE/tRNA
Populus_tremula|Chr7:13457311-13457796|TIR_6	Populus_tremula	Chr7	13457311	13457796	TIR	DNA/other
Populus_tremula|Chr7:13457859-13458041|TIR_60	Populus_tremula	Chr7	13457859	13458041	TIR	DNA/hAT
Populus_tremula|Chr8:439524-439681|Homology_Non_LTR_1	Populus_tremula	Chr8	439524	439681	non-LTR	SINE/tRNA
Populus_tremula|Chr8:775500-776108|TIR_24	Populus_tremula	Chr8	775500	776108	TIR	DNA/hAT
Populus_tremula|Chr8:776644-776761|LTR_931-int	Populus_tremula	Chr8	776644	776761	LTR	LTR/Gypsy
Populus_tremula|Chr8:777339-777529|LTR_145-LTR	Populus_tremula	Chr8	777339	777529	LTR	LTR/Copia
Populus_tremula|Chr8:6521246-6521469|TIR_8	Populus_tremula	Chr8	6521246	6521469	TIR	DNA/other
Populus_tremula|Chr8:7413777-7413899|TIR_68	Populus_tremula	Chr8	7413777	7413899	TIR	DNA/hAT
Populus_tremula|Chr8:7420342-7421405|TIR_124	Populus_tremula	Chr8	7420342	7421405	TIR	DNA/hAT
Populus_tremula|Chr9:367730-367905|TIR_52	Populus_tremula	Chr9	367730	367905	TIR	DNA/PIF-Harbinger
Populus_tremula|Chr9:379961-380153|Denovo_Non_LTR_2	Populus_tremula	Chr9	379961	380153	non-LTR	SINE/tRNA
Populus_tremula|Chr9:2163688-2163866|TIR_32	Populus_tremula	Chr9	2163688	2163866	TIR	DNA/TcMar
Populus_tremula|Chr9:2648059-2648107|LTR_183-LTR	Populus_tremula	Chr9	2648059	2648107	LTR	LTR/Gypsy
Populus_tremula|Chr9:2648068-2648145|LTR_167-LTR	Populus_tremula	Chr9	2648068	2648145	LTR	LTR/Copia
Populus_tremula|Chr9:2648107-2648122|LTR_166-LTR	Populus_tremula	Chr9	2648107	2648122	LTR	LTR/Gypsy
Populus_tremula|Chr9:2651456-2651519|TIR_66	Populus_tremula	Chr9	2651456	2651519	TIR	DNA/TcMar
Populus_tremula|Chr9:4204849-4204982|TIR_83	Populus_tremula	Chr9	4204849	4204982	TIR	DNA/hAT
Populus_tremula|Chr9:6966566-6966586|TIR_52	Populus_tremula	Chr9	6966566	6966586	TIR	DNA/PIF-Harbinger
Populus_tremula|Chr9:6966586-6966774|TIR_32	Populus_tremula	Chr9	6966586	6966774	TIR	DNA/TcMar
Populus_trichocarpa|Chr1:2240771-2240850|TIR_54	Populus_trichocarpa	Chr1	2240771	2240850	TIR	DNA/other
Populus_trichocarpa|Chr1:2242982-2243082|TIR_116	Populus_trichocarpa	Chr1	2242982	2243082	TIR	DNA/TcMar
Populus_trichocarpa|Chr1:2242999-2243104|TIR_80	Populus_trichocarpa	Chr1	2242999	2243104	TIR	DNA/hAT
Populus_trichocarpa|Chr1:5852050-5854010|LTR_1019-int	Populus_trichocarpa	Chr1	5852050	5854010	LTR	LTR/Copia
Populus_trichocarpa|Chr1:5853990-5854347|LTR_1019-int	Populus_trichocarpa	Chr1	5853990	5854347	LTR	LTR/Copia
Populus_trichocarpa|Chr1:5854350-5854625|LTR_124-LTR	Populus_trichocarpa	Chr1	5854350	5854625	LTR	LTR/Copia
Populus_trichocarpa|Chr1:5859011-5859111|Denovo_Non_LTR_9	Populus_trichocarpa	Chr1	5859011	5859111	LTR	LTR/other
Populus_trichocarpa|Chr1:5859111-5859133|TIR_76	Populus_trichocarpa	Chr1	5859111	5859133	TIR	DNA/TcMar
Populus_trichocarpa|Chr1:11076639-11076735|LTR_678-int	Populus_trichocarpa	Chr1	11076639	11076735	LTR	LTR/Copia
Populus_trichocarpa|Chr1:11076893-11076961|LTR_678-int	Populus_trichocarpa	Chr1	11076893	11076961	LTR	LTR/Copia
Populus_trichocarpa|Chr1:11076961-11077056|TIR_176	Populus_trichocarpa	Chr1	11076961	11077056	non-LTR	LINE/L1
Populus_trichocarpa|Chr1:11083696-11083726|TIR_61	Populus_trichocarpa	Chr1	11083696	11083726	TIR	DNA/TcMar
Populus_trichocarpa|Chr1:11083726-11083866|TIR_13	Populus_trichocarpa	Chr1	11083726	11083866	TIR	DNA/PIF-Harbinger
Populus_trichocarpa|Chr1:11084947-11085087|TIR_13	Populus_trichocarpa	Chr1	11084947	11085087	TIR	DNA/PIF-Harbinger
Populus_trichocarpa|Chr1:11084948-11085140|LTR_678-int	Populus_trichocarpa	Chr1	11084948	11085140	LTR	LTR/Copia
Populus_trichocarpa|Chr1:11086113-11088210|TIR_151	Populus_trichocarpa	Chr1	11086113	11088210	TIR	DNA/hAT
Populus_trichocarpa|Chr1:38895702-38895895|LTR_678-int	Populus_trichocarpa	Chr1	38895702	38895895	LTR	LTR/Copia
Populus_trichocarpa|Chr1:38899153-38899257|TIR_155	Populus_trichocarpa	Chr1	38899153	38899257	TIR	DNA/TcMar
Populus_trichocarpa|Chr1:39237007-39237123|TIR_176	Populus_trichocarpa	Chr1	39237007	39237123	non-LTR	LINE/L1
Populus_trichocarpa|Chr1:39237178-39237355|LTR_678-int	Populus_trichocarpa	Chr1	39237178	39237355	LTR	LTR/Copia
Populus_trichocarpa|Chr1:39237474-39237661|LTR_678-int	Populus_trichocarpa	Chr1	39237474	39237661	LTR	LTR/Copia
Populus_trichocarpa|Chr1:39237685-39237863|LTR_678-int	Populus_trichocarpa	Chr1	39237685	39237863	LTR	LTR/Copia
Populus_trichocarpa|Chr10:383254-389537|TIR_22	Populus_trichocarpa	Chr10	383254	389537	LTR	LTR/Gypsy
Populus_trichocarpa|Chr10:389698-390259|TIR_22	Populus_trichocarpa	Chr10	389698	390259	LTR	LTR/Gypsy
Populus_trichocarpa|Chr10:390251-390448|TIR_22	Populus_trichocarpa	Chr10	390251	390448	LTR	LTR/Gypsy
Populus_trichocarpa|Chr10:390444-390785|TIR_22	Populus_trichocarpa	Chr10	390444	390785	LTR	LTR/Gypsy
Populus_trichocarpa|Chr10:390785-390887|TIR_54	Populus_trichocarpa	Chr10	390785	390887	TIR	DNA/other
Populus_trichocarpa|Chr10:390889-390956|TIR_2	Populus_trichocarpa	Chr10	390889	390956	TIR	DNA/CMC-EnSpm
Populus_trichocarpa|Chr10:392565-392749|LTR_678-int	Populus_trichocarpa	Chr10	392565	392749	LTR	LTR/Copia
Populus_trichocarpa|Chr10:392945-393057|TIR_143	Populus_trichocarpa	Chr10	392945	393057	TIR	DNA/hAT
Populus_trichocarpa|Chr10:393010-393213|TIR_176	Populus_trichocarpa	Chr10	393010	393213	non-LTR	LINE/L1
Populus_trichocarpa|Chr10:393235-393414|LTR_678-int	Populus_trichocarpa	Chr10	393235	393414	LTR	LTR/Copia
Populus_trichocarpa|Chr10:15063539-15063741|TIR_112	Populus_trichocarpa	Chr10	15063539	15063741	TIR	DNA/TcMar
Populus_trichocarpa|Chr10:15577944-15578073|TIR_80	Populus_trichocarpa	Chr10	15577944	15578073	TIR	DNA/hAT
Populus_trichocarpa|Chr10:21964084-21964105|TIR_56	Populus_trichocarpa	Chr10	21964084	21964105	TIR	DNA/PIF-Harbinger
Populus_trichocarpa|Chr10:21964105-21964273|TIR_61	Populus_trichocarpa	Chr10	21964105	21964273	TIR	DNA/TcMar
Populus_trichocarpa|Chr10:22228966-22229120|TIR_13	Populus_trichocarpa	Chr10	22228966	22229120	TIR	DNA/PIF-Harbinger
Populus_trichocarpa|Chr10:22230953-22230967|TIR_73	Populus_trichocarpa	Chr10	22230953	22230967	TIR	DNA/TcMar
Populus_trichocarpa|Chr10:22230967-22231142|TIR_18	Populus_trichocarpa	Chr10	22230967	22231142	TIR	DNA/PIF-Harbinger
Populus_trichocarpa|Chr10:22231194-22231349|TIR_73	Populus_trichocarpa	Chr10	22231194	22231349	TIR	DNA/TcMar
Populus_trichocarpa|Chr10:22231349-22231632|TIR_18	Populus_trichocarpa	Chr10	22231349	22231632	TIR	DNA/PIF-Harbinger
Populus_trichocarpa|Chr10:22243343-22244152|TIR_70	Populus_trichocarpa	Chr10	22243343	22244152	TIR	DNA/PIF-Harbinger
Populus_trichocarpa|Chr13:2787356-2787520|TIR_80	Populus_trichocarpa	Chr13	2787356	2787520	TIR	DNA/hAT
Populus_trichocarpa|Chr13:2787574-2787768|TIR_30	Populus_trichocarpa	Chr13	2787574	2787768	TIR	DNA/other
Populus_trichocarpa|Chr13:2787805-2788009|Denovo_Non_LTR_3	Populus_trichocarpa	Chr13	2787805	2788009	non-LTR	SINE/tRNA
Populus_trichocarpa|Chr13:9366681-9366721|TIR_24	Populus_trichocarpa	Chr13	9366681	9366721	TIR	DNA/hAT
Populus_trichocarpa|Chr13:9366721-9366920|TIR_29	Populus_trichocarpa	Chr13	9366721	9366920	TIR	DNA/hAT
Populus_trichocarpa|Chr13:13270304-13270388|TIR_207	Populus_trichocarpa	Chr13	13270304	13270388	TIR	DNA/hAT
Populus_trichocarpa|Chr13:15183840-15184007|TIR_56	Populus_trichocarpa	Chr13	15183840	15184007	TIR	DNA/PIF-Harbinger
Populus_trichocarpa|Chr13:15187524-15187724|TIR_13	Populus_trichocarpa	Chr13	15187524	15187724	TIR	DNA/PIF-Harbinger
Populus_trichocarpa|Chr13:15188239-15188297|TIR_112	Populus_trichocarpa	Chr13	15188239	15188297	TIR	DNA/TcMar
Populus_trichocarpa|Chr14:585777-585987|Denovo_Non_LTR_3	Populus_trichocarpa	Chr14	585777	585987	non-LTR	SINE/tRNA
Populus_trichocarpa|Chr14:781917-782089|TIR_13	Populus_trichocarpa	Chr14	781917	782089	TIR	DNA/PIF-Harbinger
Populus_trichocarpa|Chr14:1772101-1772280|TIR_13	Populus_trichocarpa	Chr14	1772101	1772280	TIR	DNA/PIF-Harbinger
Populus_trichocarpa|Chr14:6116486-6116725|TIR_170	Populus_trichocarpa	Chr14	6116486	6116725	TIR	DNA/PIF-Harbinger
Populus_trichocarpa|Chr14:6117106-6117279|TIR_36	Populus_trichocarpa	Chr14	6117106	6117279	TIR	DNA/PIF-Harbinger
Populus_trichocarpa|Chr14:6121246-6121446|TIR_30	Populus_trichocarpa	Chr14	6121246	6121446	TIR	DNA/other
Populus_trichocarpa|Chr14:8105985-8106134|TIR_13	Populus_trichocarpa	Chr14	8105985	8106134	TIR	DNA/PIF-Harbinger
Populus_trichocarpa|Chr14:8106161-8106367|TIR_56	Populus_trichocarpa	Chr14	8106161	8106367	TIR	DNA/PIF-Harbinger
Populus_trichocarpa|Chr15:4807910-4808347|LTR_560-LTR	Populus_trichocarpa	Chr15	4807910	4808347	LTR	LTR/Gypsy
Populus_trichocarpa|Chr15:4808405-4808458|LTR_678-int	Populus_trichocarpa	Chr15	4808405	4808458	LTR	LTR/Copia
Populus_trichocarpa|Chr15:4808479-4808535|LTR_678-int	Populus_trichocarpa	Chr15	4808479	4808535	LTR	LTR/Copia
Populus_trichocarpa|Chr15:4811225-4811388|Homology_Non_LTR_1	Populus_trichocarpa	Chr15	4811225	4811388	non-LTR	SINE/tRNA
Populus_trichocarpa|Chr15:15170851-15171588|LTR_311-LTR	Populus_trichocarpa	Chr15	15170851	15171588	LTR	LTR/Gypsy
Populus_trichocarpa|Chr16:1347032-1347121|TIR_54	Populus_trichocarpa	Chr16	1347032	1347121	TIR	DNA/other
Populus_trichocarpa|Chr16:1347946-1348136|LTR_217-LTR	Populus_trichocarpa	Chr16	1347946	1348136	LTR	LTR/Gypsy
Populus_trichocarpa|Chr16:1824150-1824242|TIR_13	Populus_trichocarpa	Chr16	1824150	1824242	TIR	DNA/PIF-Harbinger
Populus_trichocarpa|Chr16:2172998-2173125|Denovo_Non_LTR_9	Populus_trichocarpa	Chr16	2172998	2173125	LTR	LTR/other
Populus_trichocarpa|Chr16:2173309-2173412|TIR_116	Populus_trichocarpa	Chr16	2173309	2173412	TIR	DNA/TcMar
Populus_trichocarpa|Chr16:2173320-2173433|TIR_80	Populus_trichocarpa	Chr16	2173320	2173433	TIR	DNA/hAT
Populus_trichocarpa|Chr16:3201662-3201971|TIR_20	Populus_trichocarpa	Chr16	3201662	3201971	TIR	DNA/CMC-EnSpm
Populus_trichocarpa|Chr17:1789381-1789582|TIR_30	Populus_trichocarpa	Chr17	1789381	1789582	TIR	DNA/other
Populus_trichocarpa|Chr17:1792404-1792424|LTR_16-LTR	Populus_trichocarpa	Chr17	1792404	1792424	LTR	LTR/Copia
Populus_trichocarpa|Chr17:1792449-1792485|LTR_16-LTR	Populus_trichocarpa	Chr17	1792449	1792485	LTR	LTR/Copia
Populus_trichocarpa|Chr17:11599806-11599919|TIR_112	Populus_trichocarpa	Chr17	11599806	11599919	TIR	DNA/TcMar
Populus_trichocarpa|Chr17:11600080-11600197|TIR_112	Populus_trichocarpa	Chr17	11600080	11600197	TIR	DNA/TcMar
Populus_trichocarpa|Chr18:2184822-2184944|LTR_678-int	Populus_trichocarpa	Chr18	2184822	2184944	LTR	LTR/Copia
Populus_trichocarpa|Chr18:2185422-2185497|TIR_176	Populus_trichocarpa	Chr18	2185422	2185497	non-LTR	LINE/L1
Populus_trichocarpa|Chr18:2185425-2185513|LTR_678-int	Populus_trichocarpa	Chr18	2185425	2185513	LTR	LTR/Copia
Populus_trichocarpa|Chr18:2186120-2186188|TIR_30	Populus_trichocarpa	Chr18	2186120	2186188	TIR	DNA/other
Populus_trichocarpa|Chr18:2189387-2189543|TIR_80	Populus_trichocarpa	Chr18	2189387	2189543	TIR	DNA/hAT
Populus_trichocarpa|Chr18:2189424-2189559|TIR_13	Populus_trichocarpa	Chr18	2189424	2189559	TIR	DNA/PIF-Harbinger
Populus_trichocarpa|Chr18:2190119-2190488|TIR_77	Populus_trichocarpa	Chr18	2190119	2190488	TIR	DNA/PIF-Harbinger
Populus_trichocarpa|Chr18:2190670-2191299|TIR_47	Populus_trichocarpa	Chr18	2190670	2191299	TIR	DNA/PIF-Harbinger
Populus_trichocarpa|Chr19:12969738-12969861|LTR_157-LTR	Populus_trichocarpa	Chr19	12969738	12969861	LTR	LTR/Gypsy
Populus_trichocarpa|Chr19:12974773-12974887|TIR_76	Populus_trichocarpa	Chr19	12974773	12974887	TIR	DNA/TcMar
Populus_trichocarpa|Chr19:15273267-15273769|LTR_678-int	Populus_trichocarpa	Chr19	15273267	15273769	LTR	LTR/Copia
Populus_trichocarpa|Chr19:15273753-15274062|LTR_678-int	Populus_trichocarpa	Chr19	15273753	15274062	LTR	LTR/Copia
Populus_trichocarpa|Chr19:15273763-15274173|LTR_678-int	Populus_trichocarpa	Chr19	15273763	15274173	LTR	LTR/Copia
Populus_trichocarpa|Chr19:15278404-15278553|Homology_Non_LTR_1	Populus_trichocarpa	Chr19	15278404	15278553	non-LTR	SINE/tRNA
Populus_trichocarpa|Chr19:15279431-15279605|TIR_13	Populus_trichocarpa	Chr19	15279431	15279605	TIR	DNA/PIF-Harbinger
Populus_trichocarpa|Chr2:1108555-1108634|TIR_120	Populus_trichocarpa	Chr2	1108555	1108634	TIR	DNA/MULE
Populus_trichocarpa|Chr2:1108812-1109257|LTR_398-LTR	Populus_trichocarpa	Chr2	1108812	1109257	LTR	LTR/Gypsy
Populus_trichocarpa|Chr2:2095629-2095825|LTR_678-int	Populus_trichocarpa	Chr2	2095629	2095825	LTR	LTR/Copia
Populus_trichocarpa|Chr2:2095654-2095864|TIR_13	Populus_trichocarpa	Chr2	2095654	2095864	TIR	DNA/PIF-Harbinger
Populus_trichocarpa|Chr2:2965962-2966173|TIR_56	Populus_trichocarpa	Chr2	2965962	2966173	TIR	DNA/PIF-Harbinger
Populus_trichocarpa|Chr2:2967574-2967705|TIR_80	Populus_trichocarpa	Chr2	2967574	2967705	TIR	DNA/hAT
Populus_trichocarpa|Chr2:4650851-4651044|TIR_30	Populus_trichocarpa	Chr2	4650851	4651044	TIR	DNA/other
Populus_trichocarpa|Chr2:4651003-4651046|TIR_80	Populus_trichocarpa	Chr2	4651003	4651046	TIR	DNA/hAT
Populus_trichocarpa|Chr2:4651531-4651706|LTR_678-int	Populus_trichocarpa	Chr2	4651531	4651706	LTR	LTR/Copia
Populus_trichocarpa|Chr2:4651748-4651932|LTR_678-int	Populus_trichocarpa	Chr2	4651748	4651932	LTR	LTR/Copia
Populus_trichocarpa|Chr2:4652261-4652428|LTR_678-int	Populus_trichocarpa	Chr2	4652261	4652428	LTR	LTR/Copia
Populus_trichocarpa|Chr2:4832832-4833031|TIR_13	Populus_trichocarpa	Chr2	4832832	4833031	TIR	DNA/PIF-Harbinger
Populus_trichocarpa|Chr2:4839598-4839629|TIR_15	Populus_trichocarpa	Chr2	4839598	4839629	TIR	DNA/PIF-Harbinger
Populus_trichocarpa|Chr2:4839629-4839769|Denovo_Non_LTR_9	Populus_trichocarpa	Chr2	4839629	4839769	LTR	LTR/other
Populus_trichocarpa|Chr2:4840085-4840180|TIR_112	Populus_trichocarpa	Chr2	4840085	4840180	TIR	DNA/TcMar
Populus_trichocarpa|Chr2:4840196-4840392|Denovo_Non_LTR_3	Populus_trichocarpa	Chr2	4840196	4840392	non-LTR	SINE/tRNA
Populus_trichocarpa|Chr2:6558127-6558240|LTR_678-int	Populus_trichocarpa	Chr2	6558127	6558240	LTR	LTR/Copia
Populus_trichocarpa|Chr2:6558345-6558909|LTR_678-int	Populus_trichocarpa	Chr2	6558345	6558909	LTR	LTR/Copia
Populus_trichocarpa|Chr2:6559310-6559432|TIR_80	Populus_trichocarpa	Chr2	6559310	6559432	TIR	DNA/hAT
Populus_trichocarpa|Chr2:8808606-8808740|Denovo_Non_LTR_9	Populus_trichocarpa	Chr2	8808606	8808740	LTR	LTR/other
Populus_trichocarpa|Chr2:8808922-8808993|TIR_30	Populus_trichocarpa	Chr2	8808922	8808993	TIR	DNA/other
Populus_trichocarpa|Chr2:8809156-8809219|TIR_25	Populus_trichocarpa	Chr2	8809156	8809219	TIR	DNA/hAT
Populus_trichocarpa|Chr2:8809216-8809272|TIR_25	Populus_trichocarpa	Chr2	8809216	8809272	TIR	DNA/hAT
Populus_trichocarpa|Chr2:8809272-8809340|TIR_151	Populus_trichocarpa	Chr2	8809272	8809340	TIR	DNA/hAT
Populus_trichocarpa|Chr2:8809380-8809577|TIR_30	Populus_trichocarpa	Chr2	8809380	8809577	TIR	DNA/other
Populus_trichocarpa|Chr2:9549031-9549204|TIR_32	Populus_trichocarpa	Chr2	9549031	9549204	TIR	DNA/hAT
Populus_trichocarpa|Chr2:9549278-9549418|TIR_32	Populus_trichocarpa	Chr2	9549278	9549418	TIR	DNA/hAT
Populus_trichocarpa|Chr2:12789863-12790064|TIR_56	Populus_trichocarpa	Chr2	12789863	12790064	TIR	DNA/PIF-Harbinger
Populus_trichocarpa|Chr2:12795348-12795630|TIR_36	Populus_trichocarpa	Chr2	12795348	12795630	TIR	DNA/PIF-Harbinger
Populus_trichocarpa|Chr2:15893177-15893352|TIR_80	Populus_trichocarpa	Chr2	15893177	15893352	TIR	DNA/hAT
Populus_trichocarpa|Chr2:15897017-15897164|Denovo_Non_LTR_15	Populus_trichocarpa	Chr2	15897017	15897164	non-LTR	SINE/tRNA
Populus_trichocarpa|Chr3:12333735-12333824|TIR_175	Populus_trichocarpa	Chr3	12333735	12333824	TIR	DNA/PIF-Harbinger
Populus_trichocarpa|Chr3:12341835-12341980|Homology_Non_LTR_1	Populus_trichocarpa	Chr3	12341835	12341980	non-LTR	SINE/tRNA
Populus_trichocarpa|Chr3:20337402-20338397|TIR_12	Populus_trichocarpa	Chr3	20337402	20338397	TIR	DNA/hAT
Populus_trichocarpa|Chr4:10144165-10144596|LTR_466-LTR	Populus_trichocarpa	Chr4	10144165	10144596	LTR	LTR/Copia
Populus_trichocarpa|Chr4:16296807-16297647|LTR_711-int	Populus_trichocarpa	Chr4	16296807	16297647	LTR	LTR/Gypsy
Populus_trichocarpa|Chr4:17900213-17900393|TIR_13	Populus_trichocarpa	Chr4	17900213	17900393	TIR	DNA/PIF-Harbinger
Populus_trichocarpa|Chr4:17900675-17900706|Denovo_Non_LTR_16	Populus_trichocarpa	Chr4	17900675	17900706	non-LTR	SINE/tRNA
Populus_trichocarpa|Chr4:17900706-17900948|TIR_56	Populus_trichocarpa	Chr4	17900706	17900948	TIR	DNA/PIF-Harbinger
Populus_trichocarpa|Chr4:17901200-17901301|TIR_76	Populus_trichocarpa	Chr4	17901200	17901301	TIR	DNA/TcMar
Populus_trichocarpa|Chr4:18351258-18351426|Homology_Non_LTR_1	Populus_trichocarpa	Chr4	18351258	18351426	non-LTR	SINE/tRNA
Populus_trichocarpa|Chr4:18355451-18355556|Denovo_Non_LTR_9	Populus_trichocarpa	Chr4	18355451	18355556	LTR	LTR/other
Populus_trichocarpa|Chr4:18355556-18355592|TIR_76	Populus_trichocarpa	Chr4	18355556	18355592	TIR	DNA/TcMar
Populus_trichocarpa|Chr4:18356380-18356560|LTR_678-int	Populus_trichocarpa	Chr4	18356380	18356560	LTR	LTR/Copia
Populus_trichocarpa|Chr4:18356899-18356959|TIR_30	Populus_trichocarpa	Chr4	18356899	18356959	TIR	DNA/other
Populus_trichocarpa|Chr4:18356990-18357062|TIR_30	Populus_trichocarpa	Chr4	18356990	18357062	TIR	DNA/other
Populus_trichocarpa|Chr4:19050692-19051095|TIR_170	Populus_trichocarpa	Chr4	19050692	19051095	TIR	DNA/PIF-Harbinger
Populus_trichocarpa|Chr4:19051985-19052150|Denovo_Non_LTR_16	Populus_trichocarpa	Chr4	19051985	19052150	non-LTR	SINE/tRNA
Populus_trichocarpa|Chr4:22489480-22489662|TIR_54	Populus_trichocarpa	Chr4	22489480	22489662	TIR	DNA/other
Populus_trichocarpa|Chr5:5593537-5593608|TIR_30	Populus_trichocarpa	Chr5	5593537	5593608	TIR	DNA/other
Populus_trichocarpa|Chr5:7959716-7959899|LTR_678-int	Populus_trichocarpa	Chr5	7959716	7959899	LTR	LTR/Copia
Populus_trichocarpa|Chr5:7959802-7959937|TIR_176	Populus_trichocarpa	Chr5	7959802	7959937	non-LTR	LINE/L1
Populus_trichocarpa|Chr5:7959932-7960608|LTR_678-int	Populus_trichocarpa	Chr5	7959932	7960608	LTR	LTR/Copia
Populus_trichocarpa|Chr5:7960608-7960942|TIR_176	Populus_trichocarpa	Chr5	7960608	7960942	non-LTR	LINE/L1
Populus_trichocarpa|Chr5:8765765-8766039|TIR_74	Populus_trichocarpa	Chr5	8765765	8766039	TIR	DNA/PIF-Harbinger
Populus_trichocarpa|Chr5:8765869-8765901|TIR_145	Populus_trichocarpa	Chr5	8765869	8765901	TIR	DNA/hAT
Populus_trichocarpa|Chr5:8765901-8766060|TIR_109	Populus_trichocarpa	Chr5	8765901	8766060	TIR	DNA/hAT
Populus_trichocarpa|Chr5:8766164-8766401|TIR_54	Populus_trichocarpa	Chr5	8766164	8766401	TIR	DNA/other
Populus_trichocarpa|Chr5:8767049-8767174|TIR_80	Populus_trichocarpa	Chr5	8767049	8767174	TIR	DNA/hAT
Populus_trichocarpa|Chr5:8767224-8767400|TIR_30	Populus_trichocarpa	Chr5	8767224	8767400	TIR	DNA/other
Populus_trichocarpa|Chr5:9398417-9400125|LTR_1081-int	Populus_trichocarpa	Chr5	9398417	9400125	LTR	LTR/Copia
Populus_trichocarpa|Chr5:17469015-17469130|LTR_561-LTR	Populus_trichocarpa	Chr5	17469015	17469130	LTR	LTR/Gypsy
Populus_trichocarpa|Chr5:17469265-17469980|LTR_561-LTR	Populus_trichocarpa	Chr5	17469265	17469980	LTR	LTR/Gypsy
Populus_trichocarpa|Chr5:17469415-17469983|LTR_549-LTR	Populus_trichocarpa	Chr5	17469415	17469983	LTR	LTR/Gypsy
Populus_trichocarpa|Chr5:19815912-19815992|TIR_116	Populus_trichocarpa	Chr5	19815912	19815992	TIR	DNA/TcMar
Populus_trichocarpa|Chr5:19822021-19822232|Denovo_Non_LTR_3	Populus_trichocarpa	Chr5	19822021	19822232	non-LTR	SINE/tRNA
Populus_trichocarpa|Chr5:20045085-20045364|TIR_66	Populus_trichocarpa	Chr5	20045085	20045364	TIR	DNA/PIF-Harbinger
Populus_trichocarpa|Chr5:20045732-20045887|LTR_853-int	Populus_trichocarpa	Chr5	20045732	20045887	LTR	LTR/Gypsy
Populus_trichocarpa|Chr5:20051909-20052062|Homology_Non_LTR_1	Populus_trichocarpa	Chr5	20051909	20052062	non-LTR	SINE/tRNA
Populus_trichocarpa|Chr5:20052240-20052302|TIR_112	Populus_trichocarpa	Chr5	20052240	20052302	TIR	DNA/TcMar
Populus_trichocarpa|Chr5:22060808-22060931|TIR_80	Populus_trichocarpa	Chr5	22060808	22060931	TIR	DNA/hAT
Populus_trichocarpa|Chr5:23058616-23058636|TIR_80	Populus_trichocarpa	Chr5	23058616	23058636	TIR	DNA/hAT
Populus_trichocarpa|Chr5:23058636-23058761|TIR_76	Populus_trichocarpa	Chr5	23058636	23058761	TIR	DNA/TcMar
Populus_trichocarpa|Chr5:23058897-23059099|LTR_678-int	Populus_trichocarpa	Chr5	23058897	23059099	LTR	LTR/Copia
Populus_trichocarpa|Chr5:23061480-23061626|TIR_76	Populus_trichocarpa	Chr5	23061480	23061626	TIR	DNA/TcMar
Populus_trichocarpa|Chr5:23936359-23936741|TIR_154	Populus_trichocarpa	Chr5	23936359	23936741	TIR	DNA/PIF-Harbinger
Populus_trichocarpa|Chr5:23936778-23937478|TIR_154	Populus_trichocarpa	Chr5	23936778	23937478	TIR	DNA/PIF-Harbinger
Populus_trichocarpa|Chr5:23937506-23937616|TIR_154	Populus_trichocarpa	Chr5	23937506	23937616	TIR	DNA/PIF-Harbinger
Populus_trichocarpa|Chr5:23937641-23937754|TIR_205	Populus_trichocarpa	Chr5	23937641	23937754	TIR	DNA/PIF-Harbinger
Populus_trichocarpa|Chr5:24821687-24821758|LTR_678-int	Populus_trichocarpa	Chr5	24821687	24821758	LTR	LTR/Copia
Populus_trichocarpa|Chr5:24821933-24822016|LTR_678-int	Populus_trichocarpa	Chr5	24821933	24822016	LTR	LTR/Copia
Populus_trichocarpa|Chr5:24822334-24822398|LTR_678-int	Populus_trichocarpa	Chr5	24822334	24822398	LTR	LTR/Copia
Populus_trichocarpa|Chr5:24822733-24822789|Denovo_Non_LTR_9	Populus_trichocarpa	Chr5	24822733	24822789	LTR	LTR/other
Populus_trichocarpa|Chr5:24826476-24827388|TIR_85	Populus_trichocarpa	Chr5	24826476	24827388	TIR	DNA/PIF-Harbinger
Populus_trichocarpa|Chr6:1694807-1694996|TIR_56	Populus_trichocarpa	Chr6	1694807	1694996	TIR	DNA/PIF-Harbinger
Populus_trichocarpa|Chr6:2178877-2179067|LTR_568-LTR	Populus_trichocarpa	Chr6	2178877	2179067	LTR	LTR/Copia
Populus_trichocarpa|Chr6:2179964-2180110|TIR_13	Populus_trichocarpa	Chr6	2179964	2180110	TIR	DNA/PIF-Harbinger
Populus_trichocarpa|Chr6:2180110-2180258|TIR_13	Populus_trichocarpa	Chr6	2180110	2180258	TIR	DNA/PIF-Harbinger
Populus_trichocarpa|Chr6:2185351-2185432|Denovo_Non_LTR_9	Populus_trichocarpa	Chr6	2185351	2185432	LTR	LTR/other
Populus_trichocarpa|Chr6:2591359-2591559|Denovo_Non_LTR_3	Populus_trichocarpa	Chr6	2591359	2591559	non-LTR	SINE/tRNA
Populus_trichocarpa|Chr6:2591596-2591793|Denovo_Non_LTR_11	Populus_trichocarpa	Chr6	2591596	2591793	non-LTR	SINE/tRNA
Populus_trichocarpa|Chr6:2592764-2593182|LTR_678-int	Populus_trichocarpa	Chr6	2592764	2593182	LTR	LTR/Copia
Populus_trichocarpa|Chr6:4137351-4137500|TIR_13	Populus_trichocarpa	Chr6	4137351	4137500	TIR	DNA/PIF-Harbinger
Populus_trichocarpa|Chr6:4144869-4145211|TIR_75	Populus_trichocarpa	Chr6	4144869	4145211	TIR	DNA/CMC-EnSpm
Populus_trichocarpa|Chr6:6159646-6159774|TIR_80	Populus_trichocarpa	Chr6	6159646	6159774	TIR	DNA/hAT
Populus_trichocarpa|Chr6:8898999-8899122|TIR_80	Populus_trichocarpa	Chr6	8898999	8899122	TIR	DNA/hAT
Populus_trichocarpa|Chr6:25045526-25046164|LTR_678-int	Populus_trichocarpa	Chr6	25045526	25046164	LTR	LTR/Copia
Populus_trichocarpa|Chr6:25046713-25046876|TIR_13	Populus_trichocarpa	Chr6	25046713	25046876	TIR	DNA/PIF-Harbinger
Populus_trichocarpa|Chr6:25049841-25050031|TIR_56	Populus_trichocarpa	Chr6	25049841	25050031	TIR	DNA/PIF-Harbinger
Populus_trichocarpa|Chr6:25051401-25051601|TIR_15	Populus_trichocarpa	Chr6	25051401	25051601	TIR	DNA/PIF-Harbinger
Populus_trichocarpa|Chr6:25051985-25052168|TIR_80	Populus_trichocarpa	Chr6	25051985	25052168	TIR	DNA/hAT
Populus_trichocarpa|Chr6:26852975-26853087|LTR_672-int	Populus_trichocarpa	Chr6	26852975	26853087	LTR	LTR/Gypsy
Populus_trichocarpa|Chr6:26853495-26853890|LTR_672-int	Populus_trichocarpa	Chr6	26853495	26853890	LTR	LTR/Gypsy
Populus_trichocarpa|Chr7:473979-474312|TIR_181	Populus_trichocarpa	Chr7	473979	474312	TIR	DNA/PIF-Harbinger
Populus_trichocarpa|Chr7:474759-474934|TIR_126	Populus_trichocarpa	Chr7	474759	474934	TIR	DNA/PIF-Harbinger
Populus_trichocarpa|Chr7:1518677-1518880|Denovo_Non_LTR_8	Populus_trichocarpa	Chr7	1518677	1518880	non-LTR	SINE/tRNA
Populus_trichocarpa|Chr8:6733654-6733920|TIR_54	Populus_trichocarpa	Chr8	6733654	6733920	TIR	DNA/other
Populus_trichocarpa|Chr8:6735976-6736169|TIR_30	Populus_trichocarpa	Chr8	6735976	6736169	TIR	DNA/other
Populus_trichocarpa|Chr8:7596389-7596513|TIR_76	Populus_trichocarpa	Chr8	7596389	7596513	TIR	DNA/TcMar
Populus_trichocarpa|Chr8:7596513-7596557|TIR_30	Populus_trichocarpa	Chr8	7596513	7596557	TIR	DNA/other
Populus_trichocarpa|Chr9:3075549-3075722|TIR_176	Populus_trichocarpa	Chr9	3075549	3075722	non-LTR	LINE/L1
Populus_trichocarpa|Chr9:3075580-3075924|LTR_678-int	Populus_trichocarpa	Chr9	3075580	3075924	LTR	LTR/Copia
Populus_trichocarpa|Chr9:3075775-3076267|LTR_678-int	Populus_trichocarpa	Chr9	3075775	3076267	LTR	LTR/Copia
Populus_trichocarpa|Chr9:3075944-3076414|LTR_678-int	Populus_trichocarpa	Chr9	3075944	3076414	LTR	LTR/Copia
Populus_trichocarpa|Chr9:3076236-3076459|LTR_678-int	Populus_trichocarpa	Chr9	3076236	3076459	LTR	LTR/Copia
Populus_trichocarpa|Chr9:7291099-7291278|TIR_80	Populus_trichocarpa	Chr9	7291099	7291278	TIR	DNA/hAT
Populus_trichocarpa|Chr9:7293210-7293751|LTR_678-int	Populus_trichocarpa	Chr9	7293210	7293751	LTR	LTR/Copia
Populus_trichocarpa|Chr9:8945776-8945933|TIR_76	Populus_trichocarpa	Chr9	8945776	8945933	TIR	DNA/TcMar
Populus_trichocarpa|Chr9:10042625-10042764|TIR_30	Populus_trichocarpa	Chr9	10042625	10042764	TIR	DNA/other
Populus_trichocarpa|Chr9:10042881-10042939|TIR_33	Populus_trichocarpa	Chr9	10042881	10042939	TIR	DNA/CMC-EnSpm
Populus_trichocarpa|Chr9:10046314-10046332|TIR_30	Populus_trichocarpa	Chr9	10046314	10046332	TIR	DNA/other
Populus_trichocarpa|Chr9:10046332-10046501|TIR_80	Populus_trichocarpa	Chr9	10046332	10046501	TIR	DNA/hAT
Populus_trichocarpa|Chr9:10424704-10424884|TIR_30	Populus_trichocarpa	Chr9	10424704	10424884	TIR	DNA/other
Populus_trichocarpa|Chr9:10427948-10427989|LTR_159-LTR	Populus_trichocarpa	Chr9	10427948	10427989	LTR	LTR/Copia
Populus_trichocarpa|Chr9:10920480-10920660|TIR_30	Populus_trichocarpa	Chr9	10920480	10920660	TIR	DNA/other
Populus_trichocarpa|Chr9:10920719-10920835|TIR_30	Populus_trichocarpa	Chr9	10920719	10920835	TIR	DNA/other
Populus_trichocarpa|Chr9:12615620-12615814|LTR_678-int	Populus_trichocarpa	Chr9	12615620	12615814	LTR	LTR/Copia
Populus_wuana|Chr1:1999318-1999543|LTR_75-LTR	Populus_wuana	Chr1	1999318	1999543	LTR	LTR/Gypsy
Populus_wuana|Chr1:2691590-2691691|LTR_1151-int	Populus_wuana	Chr1	2691590	2691691	LTR	LTR/Gypsy
Populus_wuana|Chr1:2692522-2692601|TIR_33	Populus_wuana	Chr1	2692522	2692601	TIR	DNA/other
Populus_wuana|Chr1:6728658-6728781|TIR_46	Populus_wuana	Chr1	6728658	6728781	TIR	DNA/TcMar
Populus_wuana|Chr1:11806983-11807017|LTR_1225-int	Populus_wuana	Chr1	11806983	11807017	LTR	LTR/Copia
Populus_wuana|Chr1:11807017-11807151|TIR_5	Populus_wuana	Chr1	11807017	11807151	TIR	DNA/TcMar
Populus_wuana|Chr1:11807151-11807164|LTR_1225-int	Populus_wuana	Chr1	11807151	11807164	LTR	LTR/Copia
Populus_wuana|Chr1:11808254-11808397|TIR_5	Populus_wuana	Chr1	11808254	11808397	TIR	DNA/TcMar
Populus_wuana|Chr1:11808257-11808431|TIR_34	Populus_wuana	Chr1	11808257	11808431	TIR	DNA/TcMar
Populus_wuana|Chr1:14923984-14924696|LTR_1166-int	Populus_wuana	Chr1	14923984	14924696	LTR	LTR/Copia
Populus_wuana|Chr10:12814199-12814391|TIR_5	Populus_wuana	Chr10	12814199	12814391	TIR	DNA/TcMar
Populus_wuana|Chr10:12818371-12818544|TIR_16	Populus_wuana	Chr10	12818371	12818544	TIR	DNA/PIF-Harbinger
Populus_wuana|Chr10:12819126-12819238|TIR_16	Populus_wuana	Chr10	12819126	12819238	TIR	DNA/PIF-Harbinger
Populus_wuana|Chr10:17227773-17227944|TIR_36	Populus_wuana	Chr10	17227773	17227944	TIR	DNA/TcMar
Populus_wuana|Chr10:18306055-18306242|TIR_5	Populus_wuana	Chr10	18306055	18306242	TIR	DNA/TcMar
Populus_wuana|Chr11:331927-331968|LTR_1173-int	Populus_wuana	Chr11	331927	331968	LTR	LTR/Copia
Populus_wuana|Chr11:331968-332082|TIR_36	Populus_wuana	Chr11	331968	332082	TIR	DNA/TcMar
Populus_wuana|Chr11:332082-332094|LTR_1173-int	Populus_wuana	Chr11	332082	332094	LTR	LTR/Copia
Populus_wuana|Chr11:332994-333163|TIR_49	Populus_wuana	Chr11	332994	333163	non-LTR	SINE/tRNA
Populus_wuana|Chr11:333176-333229|TIR_49	Populus_wuana	Chr11	333176	333229	non-LTR	SINE/tRNA
Populus_wuana|Chr11:3866518-3866775|TIR_23	Populus_wuana	Chr11	3866518	3866775	TIR	DNA/hAT
Populus_wuana|Chr11:3866726-3866797|TIR_108	Populus_wuana	Chr11	3866726	3866797	TIR	DNA/hAT
Populus_wuana|Chr11:3867137-3867304|LTR_884-int	Populus_wuana	Chr11	3867137	3867304	LTR	LTR/Copia
Populus_wuana|Chr11:3872158-3872281|LTR_443-LTR	Populus_wuana	Chr11	3872158	3872281	LTR	LTR/Gypsy
Populus_wuana|Chr12:502334-502513|LTR_884-int	Populus_wuana	Chr12	502334	502513	LTR	LTR/Copia
Populus_wuana|Chr12:2780609-2780779|TIR_79	Populus_wuana	Chr12	2780609	2780779	LTR	LTR/Copia
Populus_wuana|Chr12:6765483-6766300|TIR_16	Populus_wuana	Chr12	6765483	6766300	TIR	DNA/PIF-Harbinger
Populus_wuana|Chr12:6767515-6767655|TIR_6	Populus_wuana	Chr12	6767515	6767655	TIR	DNA/hAT
Populus_wuana|Chr12:6767655-6767757|LTR_884-int	Populus_wuana	Chr12	6767655	6767757	LTR	LTR/Copia
Populus_wuana|Chr12:14465440-14465619|TIR_5	Populus_wuana	Chr12	14465440	14465619	TIR	DNA/TcMar
Populus_wuana|Chr12:14465651-14465680|TIR_100	Populus_wuana	Chr12	14465651	14465680	TIR	DNA/hAT
Populus_wuana|Chr12:14465680-14465864|TIR_46	Populus_wuana	Chr12	14465680	14465864	TIR	DNA/TcMar
Populus_wuana|Chr12:14465864-14465881|TIR_100	Populus_wuana	Chr12	14465864	14465881	TIR	DNA/hAT
Populus_wuana|Chr12:14465952-14466104|TIR_46	Populus_wuana	Chr12	14465952	14466104	TIR	DNA/TcMar
Populus_wuana|Chr12:14466562-14466651|TIR_15	Populus_wuana	Chr12	14466562	14466651	TIR	DNA/TcMar
Populus_wuana|Chr13:2340027-2340090|LTR_1173-int	Populus_wuana	Chr13	2340027	2340090	LTR	LTR/Copia
Populus_wuana|Chr13:2343293-2343482|TIR_5	Populus_wuana	Chr13	2343293	2343482	TIR	DNA/TcMar
Populus_wuana|Chr13:2343482-2343513|TIR_100	Populus_wuana	Chr13	2343482	2343513	TIR	DNA/hAT
Populus_wuana|Chr14:15830391-15830508|TIR_15	Populus_wuana	Chr14	15830391	15830508	TIR	DNA/TcMar
Populus_wuana|Chr14:15832031-15832049|LTR_884-int	Populus_wuana	Chr14	15832031	15832049	LTR	LTR/Copia
Populus_wuana|Chr14:15832049-15832191|TIR_46	Populus_wuana	Chr14	15832049	15832191	TIR	DNA/TcMar
Populus_wuana|Chr14:16897625-16897801|TIR_123	Populus_wuana	Chr14	16897625	16897801	TIR	DNA/hAT
Populus_wuana|Chr14:16898917-16899040|TIR_133	Populus_wuana	Chr14	16898917	16899040	TIR	DNA/hAT
Populus_wuana|Chr15:2114294-2114495|TIR_5	Populus_wuana	Chr15	2114294	2114495	TIR	DNA/TcMar
Populus_wuana|Chr16:11800505-11800628|TIR_36	Populus_wuana	Chr16	11800505	11800628	TIR	DNA/TcMar
Populus_wuana|Chr16:11800628-11800644|TIR_5	Populus_wuana	Chr16	11800628	11800644	TIR	DNA/TcMar
Populus_wuana|Chr16:11801574-11801746|TIR_49	Populus_wuana	Chr16	11801574	11801746	non-LTR	SINE/tRNA
Populus_wuana|Chr16:11804195-11804831|TIR_39	Populus_wuana	Chr16	11804195	11804831	TIR	DNA/TcMar
Populus_wuana|Chr17:1624886-1625695|TIR_16	Populus_wuana	Chr17	1624886	1625695	TIR	DNA/PIF-Harbinger
Populus_wuana|Chr17:1629600-1629673|TIR_33	Populus_wuana	Chr17	1629600	1629673	TIR	DNA/other
Populus_wuana|Chr17:2130121-2130228|TIR_5	Populus_wuana	Chr17	2130121	2130228	TIR	DNA/TcMar
Populus_wuana|Chr17:2488059-2488184|TIR_36	Populus_wuana	Chr17	2488059	2488184	TIR	DNA/TcMar
Populus_wuana|Chr17:2488347-2488491|TIR_15	Populus_wuana	Chr17	2488347	2488491	TIR	DNA/TcMar
Populus_wuana|Chr17:3589337-3589501|LTR_834-int	Populus_wuana	Chr17	3589337	3589501	LTR	LTR/Copia
Populus_wuana|Chr17:3589518-3589561|LTR_834-int	Populus_wuana	Chr17	3589518	3589561	LTR	LTR/Copia
Populus_wuana|Chr17:3589561-3589619|LTR_403-LTR	Populus_wuana	Chr17	3589561	3589619	LTR	LTR/Copia
Populus_wuana|Chr17:3589628-3589873|TIR_33	Populus_wuana	Chr17	3589628	3589873	TIR	DNA/other
Populus_wuana|Chr17:3598139-3598448|TIR_27	Populus_wuana	Chr17	3598139	3598448	TIR	DNA/CMC-EnSpm
Populus_wuana|Chr17:13315480-13315628|TIR_67	Populus_wuana	Chr17	13315480	13315628	TIR	DNA/hAT
Populus_wuana|Chr19:3481848-3482142|LTR_733-LTR	Populus_wuana	Chr19	3481848	3482142	LTR	LTR/Gypsy
Populus_wuana|Chr19:3482222-3482355|LTR_569-LTR	Populus_wuana	Chr19	3482222	3482355	TIR	DNA/TcMar
Populus_wuana|Chr19:7885603-7885762|LTR_884-int	Populus_wuana	Chr19	7885603	7885762	LTR	LTR/Copia
Populus_wuana|Chr19:7885763-7885918|LTR_884-int	Populus_wuana	Chr19	7885763	7885918	LTR	LTR/Copia
Populus_wuana|Chr19:7885800-7885962|LTR_884-int	Populus_wuana	Chr19	7885800	7885962	LTR	LTR/Copia
Populus_wuana|Chr19:7889297-7890021|TIR_78	Populus_wuana	Chr19	7889297	7890021	TIR	DNA/hAT
Populus_wuana|Chr19:7890422-7890489|Denovo_Non_LTR_36	Populus_wuana	Chr19	7890422	7890489	non-LTR	LINE/L1
Populus_wuana|Chr19:9594399-9594581|TIR_36	Populus_wuana	Chr19	9594399	9594581	TIR	DNA/TcMar
Populus_wuana|Chr19:10793773-10793928|LTR_884-int	Populus_wuana	Chr19	10793773	10793928	LTR	LTR/Copia
Populus_wuana|Chr19:10794047-10794105|TIR_7	Populus_wuana	Chr19	10794047	10794105	TIR	DNA/CMC-EnSpm
Populus_wuana|Chr19:10797436-10797834|LTR_1173-int	Populus_wuana	Chr19	10797436	10797834	LTR	LTR/Copia
Populus_wuana|Chr19:11209798-11209972|TIR_36	Populus_wuana	Chr19	11209798	11209972	TIR	DNA/TcMar
Populus_wuana|Chr19:11213016-11213068|LTR_18-LTR	Populus_wuana	Chr19	11213016	11213068	LTR	LTR/Copia
Populus_wuana|Chr19:11213031-11213068|LTR_458-LTR	Populus_wuana	Chr19	11213031	11213068	LTR	LTR/Gypsy
Populus_wuana|Chr19:11213068-11213082|LTR_391-LTR	Populus_wuana	Chr19	11213068	11213082	LTR	LTR/Copia
Populus_wuana|Chr19:11755035-11755214|TIR_5	Populus_wuana	Chr19	11755035	11755214	TIR	DNA/TcMar
Populus_wuana|Chr19:13540455-13540677|TIR_114	Populus_wuana	Chr19	13540455	13540677	TIR	DNA/TcMar
Populus_wuana|Chr19:13543357-13543512|TIR_34	Populus_wuana	Chr19	13543357	13543512	TIR	DNA/TcMar
Populus_wuana|Chr19:13543385-13543560|TIR_5	Populus_wuana	Chr19	13543385	13543560	TIR	DNA/TcMar
Populus_wuana|Chr19:13555367-13555473|TIR_0	Populus_wuana	Chr19	13555367	13555473	TIR	DNA/other
Populus_wuana|Chr2:209328-209717|LTR_1212-int	Populus_wuana	Chr2	209328	209717	LTR	LTR/Gypsy
Populus_wuana|Chr2:209863-210228|LTR_1212-int	Populus_wuana	Chr2	209863	210228	LTR	LTR/Gypsy
Populus_wuana|Chr2:2060473-2060669|LTR_884-int	Populus_wuana	Chr2	2060473	2060669	LTR	LTR/Copia
Populus_wuana|Chr2:2060669-2060796|TIR_100	Populus_wuana	Chr2	2060669	2060796	TIR	DNA/hAT
Populus_wuana|Chr2:19329544-19329567|LTR_1173-int	Populus_wuana	Chr2	19329544	19329567	LTR	LTR/Copia
Populus_wuana|Chr2:19329567-19329731|TIR_36	Populus_wuana	Chr2	19329567	19329731	TIR	DNA/TcMar
Populus_wuana|Chr2:22556940-22557065|TIR_100	Populus_wuana	Chr2	22556940	22557065	TIR	DNA/hAT
Populus_wuana|Chr2:22556947-22556977|LTR_1173-int	Populus_wuana	Chr2	22556947	22556977	LTR	LTR/Copia
Populus_wuana|Chr2:22556977-22557093|TIR_46	Populus_wuana	Chr2	22556977	22557093	TIR	DNA/TcMar
Populus_wuana|Chr2:24615942-24617581|TIR_61	Populus_wuana	Chr2	24615942	24617581	TIR	DNA/CMC-EnSpm
Populus_wuana|Chr2:24617817-24618151|TIR_25	Populus_wuana	Chr2	24617817	24618151	TIR	DNA/CMC-EnSpm
Populus_wuana|Chr2:24625405-24625525|LTR_884-int	Populus_wuana	Chr2	24625405	24625525	LTR	LTR/Copia
Populus_wuana|Chr2:26311428-26311628|Denovo_Non_LTR_20	Populus_wuana	Chr2	26311428	26311628	non-LTR	SINE/tRNA
Populus_wuana|Chr2:26723085-26723211|TIR_15	Populus_wuana	Chr2	26723085	26723211	TIR	DNA/TcMar
Populus_wuana|Chr2:26728322-26728491|LTR_1173-int	Populus_wuana	Chr2	26728322	26728491	LTR	LTR/Copia
Populus_wuana|Chr2:26728495-26728587|LTR_1173-int	Populus_wuana	Chr2	26728495	26728587	LTR	LTR/Copia
Populus_wuana|Chr3:2196675-2196784|LTR_1173-int	Populus_wuana	Chr3	2196675	2196784	LTR	LTR/Copia
Populus_wuana|Chr3:2196975-2197021|LTR_884-int	Populus_wuana	Chr3	2196975	2197021	LTR	LTR/Copia
Populus_wuana|Chr3:2197021-2197189|TIR_46	Populus_wuana	Chr3	2197021	2197189	TIR	DNA/TcMar
Populus_wuana|Chr3:3106692-3106826|TIR_46	Populus_wuana	Chr3	3106692	3106826	TIR	DNA/TcMar
Populus_wuana|Chr3:3110733-3110757|TIR_52	Populus_wuana	Chr3	3110733	3110757	TIR	DNA/PIF-Harbinger
Populus_wuana|Chr3:3110757-3110946|TIR_34	Populus_wuana	Chr3	3110757	3110946	TIR	DNA/TcMar
Populus_wuana|Chr3:4815914-4815964|LTR_1173-int	Populus_wuana	Chr3	4815914	4815964	LTR	LTR/Copia
Populus_wuana|Chr3:5007222-5007375|TIR_100	Populus_wuana	Chr3	5007222	5007375	TIR	DNA/hAT
Populus_wuana|Chr3:5007239-5007379|TIR_5	Populus_wuana	Chr3	5007239	5007379	TIR	DNA/TcMar
Populus_wuana|Chr3:5007379-5007414|LTR_884-int	Populus_wuana	Chr3	5007379	5007414	LTR	LTR/Copia
Populus_wuana|Chr3:5007786-5007831|LTR_663-LTR	Populus_wuana	Chr3	5007786	5007831	LTR	LTR/Gypsy
Populus_wuana|Chr3:6849258-6849410|TIR_46	Populus_wuana	Chr3	6849258	6849410	TIR	DNA/TcMar
Populus_wuana|Chr3:6849442-6849572|LTR_884-int	Populus_wuana	Chr3	6849442	6849572	LTR	LTR/Copia
Populus_wuana|Chr3:6849457-6849586|TIR_36	Populus_wuana	Chr3	6849457	6849586	TIR	DNA/TcMar
Populus_wuana|Chr3:6849586-6849606|TIR_5	Populus_wuana	Chr3	6849586	6849606	TIR	DNA/TcMar
Populus_wuana|Chr3:9135414-9135485|LTR_1173-int	Populus_wuana	Chr3	9135414	9135485	LTR	LTR/Copia
Populus_wuana|Chr3:9135583-9135783|TIR_34	Populus_wuana	Chr3	9135583	9135783	TIR	DNA/TcMar
Populus_wuana|Chr3:9135832-9136018|TIR_21	Populus_wuana	Chr3	9135832	9136018	TIR	DNA/hAT
Populus_wuana|Chr3:9136058-9136245|TIR_5	Populus_wuana	Chr3	9136058	9136245	TIR	DNA/TcMar
Populus_wuana|Chr3:9139527-9139957|LTR_1173-int	Populus_wuana	Chr3	9139527	9139957	LTR	LTR/Copia
Populus_wuana|Chr3:9874031-9874203|TIR_69	Populus_wuana	Chr3	9874031	9874203	Helitron	RC/Helitron
Populus_wuana|Chr3:9874277-9874436|TIR_69	Populus_wuana	Chr3	9874277	9874436	Helitron	RC/Helitron
Populus_wuana|Chr3:9874971-9875158|TIR_16	Populus_wuana	Chr3	9874971	9875158	TIR	DNA/PIF-Harbinger
Populus_wuana|Chr3:13237764-13237840|LTR_911-int	Populus_wuana	Chr3	13237764	13237840	LTR	LTR/Copia
Populus_wuana|Chr3:13244992-13245162|TIR_5	Populus_wuana	Chr3	13244992	13245162	TIR	DNA/TcMar
Populus_wuana|Chr3:13245172-13246085|TIR_16	Populus_wuana	Chr3	13245172	13246085	TIR	DNA/PIF-Harbinger
Populus_wuana|Chr3:16655687-16655856|TIR_36	Populus_wuana	Chr3	16655687	16655856	TIR	DNA/TcMar
Populus_wuana|Chr4:1549908-1550170|TIR_33	Populus_wuana	Chr4	1549908	1550170	TIR	DNA/other
Populus_wuana|Chr4:1556918-1557051|LTR_36-LTR	Populus_wuana	Chr4	1556918	1557051	LTR	LTR/Gypsy
Populus_wuana|Chr4:2904240-2904302|LTR_1062-int	Populus_wuana	Chr4	2904240	2904302	LTR	LTR/Gypsy
Populus_wuana|Chr4:2904302-2904330|LTR_1061-int	Populus_wuana	Chr4	2904302	2904330	LTR	LTR/Gypsy
Populus_wuana|Chr4:5499431-5499603|TIR_49	Populus_wuana	Chr4	5499431	5499603	non-LTR	SINE/tRNA
Populus_wuana|Chr4:5500168-5503328|LTR_876-int	Populus_wuana	Chr4	5500168	5503328	LTR	LTR/Copia
Populus_wuana|Chr4:6279271-6279324|LTR_372-LTR	Populus_wuana	Chr4	6279271	6279324	LTR	LTR/Gypsy
Populus_wuana|Chr4:6279448-6279625|TIR_105	Populus_wuana	Chr4	6279448	6279625	TIR	DNA/TcMar
Populus_wuana|Chr4:6280633-6280790|TIR_36	Populus_wuana	Chr4	6280633	6280790	TIR	DNA/TcMar
Populus_wuana|Chr4:6284885-6285052|TIR_49	Populus_wuana	Chr4	6284885	6285052	non-LTR	SINE/tRNA
Populus_wuana|Chr4:6758301-6758450|TIR_46	Populus_wuana	Chr4	6758301	6758450	TIR	DNA/TcMar
Populus_wuana|Chr4:6759047-6759228|TIR_5	Populus_wuana	Chr4	6759047	6759228	TIR	DNA/TcMar
Populus_wuana|Chr4:6759068-6759221|TIR_36	Populus_wuana	Chr4	6759068	6759221	TIR	DNA/TcMar
Populus_wuana|Chr4:6759221-6759248|LTR_1225-int	Populus_wuana	Chr4	6759221	6759248	LTR	LTR/Copia
Populus_wuana|Chr4:8371460-8371599|TIR_105	Populus_wuana	Chr4	8371460	8371599	TIR	DNA/TcMar
Populus_wuana|Chr4:14844363-14845034|LTR_39-LTR	Populus_wuana	Chr4	14844363	14845034	LTR	LTR/Copia
Populus_wuana|Chr5:2027647-2027760|LTR_884-int	Populus_wuana	Chr5	2027647	2027760	LTR	LTR/Copia
Populus_wuana|Chr5:2028462-2028623|TIR_36	Populus_wuana	Chr5	2028462	2028623	TIR	DNA/TcMar
Populus_wuana|Chr5:2030998-2031167|LTR_884-int	Populus_wuana	Chr5	2030998	2031167	LTR	LTR/Copia
Populus_wuana|Chr5:2031007-2031167|TIR_46	Populus_wuana	Chr5	2031007	2031167	TIR	DNA/TcMar
Populus_wuana|Chr5:2031167-2031197|TIR_34	Populus_wuana	Chr5	2031167	2031197	TIR	DNA/TcMar
Populus_wuana|Chr5:2031312-2031331|LTR_1173-int	Populus_wuana	Chr5	2031312	2031331	LTR	LTR/Copia
Populus_wuana|Chr5:2031331-2031482|TIR_36	Populus_wuana	Chr5	2031331	2031482	TIR	DNA/TcMar
Populus_wuana|Chr5:5384374-5384431|TIR_49	Populus_wuana	Chr5	5384374	5384431	non-LTR	SINE/tRNA
Populus_wuana|Chr5:5384623-5384778|TIR_49	Populus_wuana	Chr5	5384623	5384778	non-LTR	SINE/tRNA
Populus_wuana|Chr5:5391605-5391886|LTR_942-int	Populus_wuana	Chr5	5391605	5391886	LTR	LTR/Gypsy
Populus_wuana|Chr5:5612923-5613106|Homology_Non_LTR_1	Populus_wuana	Chr5	5612923	5613106	non-LTR	SINE/tRNA
Populus_wuana|Chr5:5614618-5614821|Denovo_Non_LTR_26	Populus_wuana	Chr5	5614618	5614821	non-LTR	SINE/tRNA
Populus_wuana|Chr5:5620146-5620315|LTR_36-LTR	Populus_wuana	Chr5	5620146	5620315	LTR	LTR/Gypsy
Populus_wuana|Chr5:8152112-8152853|LTR_592-LTR	Populus_wuana	Chr5	8152112	8152853	LTR	LTR/Gypsy
Populus_wuana|Chr5:15730833-15730927|LTR_71-LTR	Populus_wuana	Chr5	15730833	15730927	LTR	LTR/Copia
Populus_wuana|Chr5:16377403-16377572|Homology_Non_LTR_1	Populus_wuana	Chr5	16377403	16377572	non-LTR	SINE/tRNA
Populus_wuana|Chr5:16377597-16377686|Homology_Non_LTR_1	Populus_wuana	Chr5	16377597	16377686	non-LTR	SINE/tRNA
Populus_wuana|Chr5:16377686-16377697|LTR_884-int	Populus_wuana	Chr5	16377686	16377697	LTR	LTR/Copia
Populus_wuana|Chr5:16378329-16378464|LTR_884-int	Populus_wuana	Chr5	16378329	16378464	LTR	LTR/Copia
Populus_wuana|Chr5:16380757-16380985|TIR_33	Populus_wuana	Chr5	16380757	16380985	TIR	DNA/other
Populus_wuana|Chr5:16381164-16381422|TIR_123	Populus_wuana	Chr5	16381164	16381422	TIR	DNA/hAT
Populus_wuana|Chr5:16381243-16381470|TIR_161	Populus_wuana	Chr5	16381243	16381470	TIR	DNA/hAT
Populus_wuana|Chr5:19863849-19863920|TIR_5	Populus_wuana	Chr5	19863849	19863920	TIR	DNA/TcMar
Populus_wuana|Chr6:12935589-12935700|TIR_36	Populus_wuana	Chr6	12935589	12935700	TIR	DNA/TcMar
Populus_wuana|Chr6:12936293-12936446|TIR_49	Populus_wuana	Chr6	12936293	12936446	non-LTR	SINE/tRNA
Populus_wuana|Chr6:21788503-21788629|TIR_15	Populus_wuana	Chr6	21788503	21788629	TIR	DNA/TcMar
Populus_wuana|Chr7:487972-488707|TIR_71	Populus_wuana	Chr7	487972	488707	TIR	DNA/hAT
Populus_wuana|Chr7:500778-501525|TIR_47	Populus_wuana	Chr7	500778	501525	TIR	DNA/PIF-Harbinger
Populus_wuana|Chr7:503334-503481|TIR_5	Populus_wuana	Chr7	503334	503481	TIR	DNA/TcMar
Populus_wuana|Chr7:797628-797774|Denovo_Non_LTR_18	Populus_wuana	Chr7	797628	797774	LTR	LTR/other
Populus_wuana|Chr7:797774-797819|TIR_34	Populus_wuana	Chr7	797774	797819	TIR	DNA/TcMar
Populus_wuana|Chr7:7823746-7824034|TIR_0	Populus_wuana	Chr7	7823746	7824034	TIR	DNA/other
Populus_wuana|Chr7:22627867-22627934|TIR_1	Populus_wuana	Chr7	22627867	22627934	TIR	DNA/CMC-EnSpm
Populus_wuana|Chr7:22627938-22627986|TIR_33	Populus_wuana	Chr7	22627938	22627986	TIR	DNA/other
Populus_wuana|Chr7:22627986-22628047|TIR_139	Populus_wuana	Chr7	22627986	22628047	TIR	DNA/TcMar
Populus_wuana|Chr7:22628038-22628649|TIR_42	Populus_wuana	Chr7	22628038	22628649	LTR	LTR/Gypsy
Populus_wuana|Chr7:22628641-22629203|TIR_42	Populus_wuana	Chr7	22628641	22629203	LTR	LTR/Gypsy
Populus_wuana|Chr7:22629376-22635643|TIR_42	Populus_wuana	Chr7	22629376	22635643	LTR	LTR/Gypsy
Populus_wuana|Chr8:510579-510630|TIR_144	Populus_wuana	Chr8	510579	510630	TIR	DNA/hAT
Populus_wuana|Chr8:6956507-6956759|TIR_0	Populus_wuana	Chr8	6956507	6956759	TIR	DNA/other
Populus_wuana|Chr8:6958839-6958859|LTR_884-int	Populus_wuana	Chr8	6958839	6958859	LTR	LTR/Copia
Populus_wuana|Chr8:6958859-6959030|TIR_46	Populus_wuana	Chr8	6958859	6959030	TIR	DNA/TcMar
Populus_wuana|Chr8:7842433-7842594|TIR_75	Populus_wuana	Chr8	7842433	7842594	TIR	DNA/TcMar
Populus_wuana|Chr8:7842586-7842718|TIR_106	Populus_wuana	Chr8	7842586	7842718	TIR	DNA/PIF-Harbinger
Populus_wuana|Chr8:7842673-7842783|TIR_73	Populus_wuana	Chr8	7842673	7842783	TIR	DNA/hAT
Populus_wuana|Chr8:7842783-7842890|TIR_68	Populus_wuana	Chr8	7842783	7842890	TIR	DNA/PIF-Harbinger
Populus_wuana|Chr8:7845363-7845480|TIR_46	Populus_wuana	Chr8	7845363	7845480	TIR	DNA/TcMar
Populus_wuana|Chr8:7845480-7845522|LTR_884-int	Populus_wuana	Chr8	7845480	7845522	LTR	LTR/Copia
Populus_yunnanensis|Chr1:2509834-2509913|TIR_13	Populus_yunnanensis	Chr1	2509834	2509913	TIR	DNA/other
Populus_yunnanensis|Chr1:6620918-6621023|TIR_79	Populus_yunnanensis	Chr1	6620918	6621023	TIR	DNA/other
Populus_yunnanensis|Chr1:6621523-6623450|Denovo_Non_LTR_31	Populus_yunnanensis	Chr1	6621523	6623450	non-LTR	LINE/L1
Populus_yunnanensis|Chr1:12385314-12385424|TIR_120	Populus_yunnanensis	Chr1	12385314	12385424	TIR	DNA/other
Populus_yunnanensis|Chr1:12385534-12385732|TIR_120	Populus_yunnanensis	Chr1	12385534	12385732	TIR	DNA/other
Populus_yunnanensis|Chr1:12392472-12392645|TIR_21	Populus_yunnanensis	Chr1	12392472	12392645	TIR	DNA/hAT
Populus_yunnanensis|Chr1:12393729-12393911|TIR_21	Populus_yunnanensis	Chr1	12393729	12393911	TIR	DNA/hAT
Populus_yunnanensis|Chr1:15545284-15545999|LTR_794-int	Populus_yunnanensis	Chr1	15545284	15545999	LTR	LTR/Copia
Populus_yunnanensis|Chr1:25542534-25542622|TIR_52	Populus_yunnanensis	Chr1	25542534	25542622	TIR	DNA/TcMar
Populus_yunnanensis|Chr1:25542552-25542792|TIR_98	Populus_yunnanensis	Chr1	25542552	25542792	TIR	DNA/hAT
Populus_yunnanensis|Chr1:25542989-25543088|TIR_98	Populus_yunnanensis	Chr1	25542989	25543088	TIR	DNA/hAT
Populus_yunnanensis|Chr1:25543180-25543278|TIR_98	Populus_yunnanensis	Chr1	25543180	25543278	TIR	DNA/hAT
Populus_yunnanensis|Chr1:25543287-25543400|TIR_98	Populus_yunnanensis	Chr1	25543287	25543400	TIR	DNA/hAT
Populus_yunnanensis|Chr1:25543451-25543710|TIR_59	Populus_yunnanensis	Chr1	25543451	25543710	TIR	DNA/hAT
Populus_yunnanensis|Chr1:25546069-25546189|TIR_25	Populus_yunnanensis	Chr1	25546069	25546189	TIR	DNA/PIF-Harbinger
Populus_yunnanensis|Chr10:4207233-4207368|TIR_76	Populus_yunnanensis	Chr10	4207233	4207368	TIR	DNA/hAT
Populus_yunnanensis|Chr10:4207632-4207907|TIR_52	Populus_yunnanensis	Chr10	4207632	4207907	TIR	DNA/TcMar
Populus_yunnanensis|Chr10:4207741-4207919|TIR_76	Populus_yunnanensis	Chr10	4207741	4207919	TIR	DNA/hAT
Populus_yunnanensis|Chr10:4208446-4208598|TIR_42	Populus_yunnanensis	Chr10	4208446	4208598	TIR	DNA/other
Populus_yunnanensis|Chr10:4208515-4208608|TIR_117	Populus_yunnanensis	Chr10	4208515	4208608	TIR	DNA/PIF-Harbinger
Populus_yunnanensis|Chr10:4208670-4208870|TIR_42	Populus_yunnanensis	Chr10	4208670	4208870	TIR	DNA/other
Populus_yunnanensis|Chr10:4208931-4209099|TIR_42	Populus_yunnanensis	Chr10	4208931	4209099	TIR	DNA/other
Populus_yunnanensis|Chr10:11672396-11672429|TIR_74	Populus_yunnanensis	Chr10	11672396	11672429	TIR	DNA/hAT
Populus_yunnanensis|Chr10:11672429-11672536|TIR_4	Populus_yunnanensis	Chr10	11672429	11672536	TIR	DNA/hAT
Populus_yunnanensis|Chr10:11673758-11674585|TIR_28	Populus_yunnanensis	Chr10	11673758	11674585	TIR	DNA/PIF-Harbinger
Populus_yunnanensis|Chr10:16338770-16339237|TIR_85	Populus_yunnanensis	Chr10	16338770	16339237	LTR	LTR/Copia
Populus_yunnanensis|Chr10:16338947-16343359|LTR_937-int	Populus_yunnanensis	Chr10	16338947	16343359	LTR	LTR/Copia
Populus_yunnanensis|Chr10:18938993-18939028|TIR_42	Populus_yunnanensis	Chr10	18938993	18939028	TIR	DNA/other
Populus_yunnanensis|Chr10:18939028-18939179|Denovo_Non_LTR_15	Populus_yunnanensis	Chr10	18939028	18939179	TIR	DNA/hAT
Populus_yunnanensis|Chr11:11103564-11103682|Denovo_Non_LTR_15	Populus_yunnanensis	Chr11	11103564	11103682	TIR	DNA/hAT
Populus_yunnanensis|Chr11:13183427-13183614|TIR_42	Populus_yunnanensis	Chr11	13183427	13183614	TIR	DNA/other
Populus_yunnanensis|Chr11:13187598-13187767|TIR_28	Populus_yunnanensis	Chr11	13187598	13187767	TIR	DNA/PIF-Harbinger
Populus_yunnanensis|Chr11:13188186-13188397|TIR_73	Populus_yunnanensis	Chr11	13188186	13188397	TIR	DNA/PIF-Harbinger
Populus_yunnanensis|Chr11:13188337-13188440|TIR_28	Populus_yunnanensis	Chr11	13188337	13188440	TIR	DNA/PIF-Harbinger
Populus_yunnanensis|Chr11:17676987-17677173|TIR_42	Populus_yunnanensis	Chr11	17676987	17677173	TIR	DNA/other
Populus_yunnanensis|Chr11:18726975-18727110|TIR_42	Populus_yunnanensis	Chr11	18726975	18727110	TIR	DNA/other
Populus_yunnanensis|Chr11:18726980-18727133|TIR_143	Populus_yunnanensis	Chr11	18726980	18727133	TIR	DNA/hAT
Populus_yunnanensis|Chr12:15951210-15951324|LTR_474-LTR	Populus_yunnanensis	Chr12	15951210	15951324	LTR	LTR/Gypsy
Populus_yunnanensis|Chr12:15955533-15955724|TIR_34	Populus_yunnanensis	Chr12	15955533	15955724	TIR	DNA/PIF-Harbinger
Populus_yunnanensis|Chr12:15956400-15956520|TIR_41	Populus_yunnanensis	Chr12	15956400	15956520	TIR	DNA/hAT
Populus_yunnanensis|Chr12:18793924-18794727|TIR_120	Populus_yunnanensis	Chr12	18793924	18794727	TIR	DNA/other
Populus_yunnanensis|Chr12:18798524-18799317|TIR_58	Populus_yunnanensis	Chr12	18798524	18799317	TIR	DNA/hAT
Populus_yunnanensis|Chr12:18799801-18799955|Denovo_Non_LTR_6	Populus_yunnanensis	Chr12	18799801	18799955	non-LTR	SINE/tRNA
Populus_yunnanensis|Chr13:15844701-15844941|LTR_807-int	Populus_yunnanensis	Chr13	15844701	15844941	LTR	LTR/Copia
Populus_yunnanensis|Chr13:15845017-15845980|LTR_807-int	Populus_yunnanensis	Chr13	15845017	15845980	LTR	LTR/Copia
Populus_yunnanensis|Chr13:15846382-15847153|LTR_807-int	Populus_yunnanensis	Chr13	15846382	15847153	LTR	LTR/Copia
Populus_yunnanensis|Chr13:15846602-15847858|LTR_1009-int	Populus_yunnanensis	Chr13	15846602	15847858	LTR	LTR/Copia
Populus_yunnanensis|Chr13:15847263-15847931|LTR_807-int	Populus_yunnanensis	Chr13	15847263	15847931	LTR	LTR/Copia
Populus_yunnanensis|Chr13:15848311-15848754|LTR_544-LTR	Populus_yunnanensis	Chr13	15848311	15848754	LTR	LTR/Gypsy
Populus_yunnanensis|Chr13:15848478-15849289|LTR_394-LTR	Populus_yunnanensis	Chr13	15848478	15849289	LTR	LTR/Gypsy
Populus_yunnanensis|Chr13:15848973-15849672|LTR_280-LTR	Populus_yunnanensis	Chr13	15848973	15849672	LTR	LTR/Gypsy
Populus_yunnanensis|Chr13:15851366-15851527|LTR_807-int	Populus_yunnanensis	Chr13	15851366	15851527	LTR	LTR/Copia
Populus_yunnanensis|Chr13:16631982-16632092|TIR_124	Populus_yunnanensis	Chr13	16631982	16632092	TIR	DNA/hAT
Populus_yunnanensis|Chr13:16633125-16633549|TIR_157	Populus_yunnanensis	Chr13	16633125	16633549	LTR	LTR/Gypsy
Populus_yunnanensis|Chr13:16633425-16633608|TIR_117	Populus_yunnanensis	Chr13	16633425	16633608	TIR	DNA/PIF-Harbinger
Populus_yunnanensis|Chr13:17906811-17906948|TIR_100	Populus_yunnanensis	Chr13	17906811	17906948	TIR	DNA/hAT
Populus_yunnanensis|Chr13:17908103-17908226|TIR_80	Populus_yunnanensis	Chr13	17908103	17908226	TIR	DNA/hAT
Populus_yunnanensis|Chr14:11983316-11983455|LTR_929-int	Populus_yunnanensis	Chr14	11983316	11983455	LTR	LTR/Copia
Populus_yunnanensis|Chr14:11984384-11984544|Denovo_Non_LTR_6	Populus_yunnanensis	Chr14	11984384	11984544	non-LTR	SINE/tRNA
Populus_yunnanensis|Chr14:11984544-11984557|TIR_129	Populus_yunnanensis	Chr14	11984544	11984557	non-LTR	SINE/tRNA
Populus_yunnanensis|Chr14:11987435-11987673|LTR_994-int	Populus_yunnanensis	Chr14	11987435	11987673	LTR	LTR/Copia
Populus_yunnanensis|Chr14:11987493-11987872|LTR_26-LTR	Populus_yunnanensis	Chr14	11987493	11987872	LTR	LTR/Gypsy
Populus_yunnanensis|Chr14:11987889-11987927|LTR_994-int	Populus_yunnanensis	Chr14	11987889	11987927	LTR	LTR/Copia
Populus_yunnanensis|Chr15:2697106-2697304|TIR_42	Populus_yunnanensis	Chr15	2697106	2697304	TIR	DNA/other
Populus_yunnanensis|Chr15:13725920-13726035|TIR_129	Populus_yunnanensis	Chr15	13725920	13726035	non-LTR	SINE/tRNA
Populus_yunnanensis|Chr16:3211878-3211975|TIR_120	Populus_yunnanensis	Chr16	3211878	3211975	TIR	DNA/other
Populus_yunnanensis|Chr16:3212594-3212667|TIR_42	Populus_yunnanensis	Chr16	3212594	3212667	TIR	DNA/other
Populus_yunnanensis|Chr16:3215955-3216154|TIR_42	Populus_yunnanensis	Chr16	3215955	3216154	TIR	DNA/other
Populus_yunnanensis|Chr16:3216278-3216477|TIR_21	Populus_yunnanensis	Chr16	3216278	3216477	TIR	DNA/hAT
Populus_yunnanensis|Chr16:3217173-3217380|TIR_157	Populus_yunnanensis	Chr16	3217173	3217380	LTR	LTR/Gypsy
Populus_yunnanensis|Chr17:2820056-2820190|TIR_148	Populus_yunnanensis	Chr17	2820056	2820190	TIR	DNA/CMC-EnSpm
Populus_yunnanensis|Chr17:2820546-2820695|TIR_60	Populus_yunnanensis	Chr17	2820546	2820695	TIR	DNA/hAT
Populus_yunnanensis|Chr17:2822570-2822959|TIR_39	Populus_yunnanensis	Chr17	2822570	2822959	TIR	DNA/PIF-Harbinger
Populus_yunnanensis|Chr17:12922538-12922847|TIR_152	Populus_yunnanensis	Chr17	12922538	12922847	TIR	DNA/CMC-EnSpm
Populus_yunnanensis|Chr17:12931131-12931350|TIR_13	Populus_yunnanensis	Chr17	12931131	12931350	TIR	DNA/other
Populus_yunnanensis|Chr17:12931354-12933163|LTR_878-int	Populus_yunnanensis	Chr17	12931354	12933163	LTR	LTR/Copia
Populus_yunnanensis|Chr17:14070093-14070208|TIR_79	Populus_yunnanensis	Chr17	14070093	14070208	TIR	DNA/other
Populus_yunnanensis|Chr17:14070390-14070509|TIR_41	Populus_yunnanensis	Chr17	14070390	14070509	TIR	DNA/hAT
Populus_yunnanensis|Chr17:14420109-14420152|TIR_124	Populus_yunnanensis	Chr17	14420109	14420152	TIR	DNA/hAT
Populus_yunnanensis|Chr17:14420152-14420251|TIR_42	Populus_yunnanensis	Chr17	14420152	14420251	TIR	DNA/other
Populus_yunnanensis|Chr17:14420251-14420282|TIR_124	Populus_yunnanensis	Chr17	14420251	14420282	TIR	DNA/hAT
Populus_yunnanensis|Chr17:14901390-14901480|TIR_13	Populus_yunnanensis	Chr17	14901390	14901480	TIR	DNA/other
Populus_yunnanensis|Chr17:14905195-14905299|Denovo_Non_LTR_36	Populus_yunnanensis	Chr17	14905195	14905299	non-LTR	SINE/tRNA
Populus_yunnanensis|Chr17:14905489-14906299|TIR_28	Populus_yunnanensis	Chr17	14905489	14906299	TIR	DNA/PIF-Harbinger
Populus_yunnanensis|Chr19:3560186-3562921|TIR_157	Populus_yunnanensis	Chr19	3560186	3562921	LTR	LTR/Gypsy
Populus_yunnanensis|Chr19:3566874-3566967|TIR_120	Populus_yunnanensis	Chr19	3566874	3566967	TIR	DNA/other
Populus_yunnanensis|Chr19:3566880-3566980|LTR_362-LTR	Populus_yunnanensis	Chr19	3566880	3566980	LTR	LTR/Gypsy
Populus_yunnanensis|Chr19:3566912-3566992|TIR_157	Populus_yunnanensis	Chr19	3566912	3566992	LTR	LTR/Gypsy
Populus_yunnanensis|Chr19:3567193-3567710|TIR_120	Populus_yunnanensis	Chr19	3567193	3567710	TIR	DNA/other
Populus_yunnanensis|Chr19:8058466-8058533|Denovo_Non_LTR_32	Populus_yunnanensis	Chr19	8058466	8058533	non-LTR	LINE/L1
Populus_yunnanensis|Chr19:9880206-9880399|TIR_42	Populus_yunnanensis	Chr19	9880206	9880399	TIR	DNA/other
Populus_yunnanensis|Chr19:9885590-9885688|TIR_79	Populus_yunnanensis	Chr19	9885590	9885688	TIR	DNA/other
Populus_yunnanensis|Chr19:11047916-11048050|TIR_41	Populus_yunnanensis	Chr19	11047916	11048050	TIR	DNA/hAT
Populus_yunnanensis|Chr19:11048050-11048067|TIR_42	Populus_yunnanensis	Chr19	11048050	11048067	TIR	DNA/other
Populus_yunnanensis|Chr19:11048184-11048241|TIR_68	Populus_yunnanensis	Chr19	11048184	11048241	TIR	DNA/CMC-EnSpm
Populus_yunnanensis|Chr19:11051504-11051518|TIR_117	Populus_yunnanensis	Chr19	11051504	11051518	TIR	DNA/PIF-Harbinger
Populus_yunnanensis|Chr19:11051518-11051654|TIR_29	Populus_yunnanensis	Chr19	11051518	11051654	TIR	DNA/PIF-Harbinger
Populus_yunnanensis|Chr19:11051654-11051862|TIR_42	Populus_yunnanensis	Chr19	11051654	11051862	TIR	DNA/other
Populus_yunnanensis|Chr19:11051693-11051735|TIR_117	Populus_yunnanensis	Chr19	11051693	11051735	TIR	DNA/PIF-Harbinger
Populus_yunnanensis|Chr19:11445275-11445312|TIR_42	Populus_yunnanensis	Chr19	11445275	11445312	TIR	DNA/other
Populus_yunnanensis|Chr19:11445312-11445474|Denovo_Non_LTR_15	Populus_yunnanensis	Chr19	11445312	11445474	TIR	DNA/hAT
Populus_yunnanensis|Chr19:11448510-11448588|LTR_28-LTR	Populus_yunnanensis	Chr19	11448510	11448588	LTR	LTR/ERV
Populus_yunnanensis|Chr19:11448545-11448590|LTR_298-LTR	Populus_yunnanensis	Chr19	11448545	11448590	Helitron	RC/Helitron
Populus_yunnanensis|Chr19:11957748-11957935|TIR_42	Populus_yunnanensis	Chr19	11957748	11957935	TIR	DNA/other
Populus_yunnanensis|Chr19:13890665-13890887|TIR_90	Populus_yunnanensis	Chr19	13890665	13890887	TIR	DNA/MULE
Populus_yunnanensis|Chr19:13893540-13893564|TIR_42	Populus_yunnanensis	Chr19	13893540	13893564	TIR	DNA/other
Populus_yunnanensis|Chr19:13893564-13893715|Denovo_Non_LTR_15	Populus_yunnanensis	Chr19	13893564	13893715	TIR	DNA/hAT
Populus_yunnanensis|Chr2:191826-192215|LTR_983-int	Populus_yunnanensis	Chr2	191826	192215	LTR	LTR/Gypsy
Populus_yunnanensis|Chr2:192360-192707|LTR_983-int	Populus_yunnanensis	Chr2	192360	192707	LTR	LTR/Gypsy
Populus_yunnanensis|Chr2:193816-194009|TIR_42	Populus_yunnanensis	Chr2	193816	194009	TIR	DNA/other
Populus_yunnanensis|Chr2:2449079-2449276|TIR_42	Populus_yunnanensis	Chr2	2449079	2449276	TIR	DNA/other
Populus_yunnanensis|Chr2:2449505-2449567|Denovo_Non_LTR_2	Populus_yunnanensis	Chr2	2449505	2449567	non-LTR	SINE/tRNA
Populus_yunnanensis|Chr2:2454071-2454275|TIR_42	Populus_yunnanensis	Chr2	2454071	2454275	TIR	DNA/other
Populus_yunnanensis|Chr2:20011824-20011958|Denovo_Non_LTR_15	Populus_yunnanensis	Chr2	20011824	20011958	TIR	DNA/hAT
Populus_yunnanensis|Chr2:20011958-20012008|TIR_42	Populus_yunnanensis	Chr2	20011958	20012008	TIR	DNA/other
Populus_yunnanensis|Chr2:22803779-22803924|Denovo_Non_LTR_15	Populus_yunnanensis	Chr2	22803779	22803924	TIR	DNA/hAT
Populus_yunnanensis|Chr2:24909177-24910831|TIR_70	Populus_yunnanensis	Chr2	24909177	24910831	TIR	DNA/CMC-EnSpm
Populus_yunnanensis|Chr2:24911040-24911404|TIR_11	Populus_yunnanensis	Chr2	24911040	24911404	TIR	DNA/CMC-EnSpm
Populus_yunnanensis|Chr2:24918706-24918842|TIR_79	Populus_yunnanensis	Chr2	24918706	24918842	TIR	DNA/other
Populus_yunnanensis|Chr2:26643135-26643413|TIR_120	Populus_yunnanensis	Chr2	26643135	26643413	TIR	DNA/other
Populus_yunnanensis|Chr2:26643470-26644175|LTR_1038-int	Populus_yunnanensis	Chr2	26643470	26644175	LTR	LTR/Copia
Populus_yunnanensis|Chr2:26644043-26644192|TIR_157	Populus_yunnanensis	Chr2	26644043	26644192	LTR	LTR/Gypsy
Populus_yunnanensis|Chr3:2291583-2291844|TIR_13	Populus_yunnanensis	Chr3	2291583	2291844	TIR	DNA/other
Populus_yunnanensis|Chr3:6621185-6621334|Denovo_Non_LTR_6	Populus_yunnanensis	Chr3	6621185	6621334	non-LTR	SINE/tRNA
Populus_yunnanensis|Chr3:6621193-6621353|Homology_Non_LTR_2	Populus_yunnanensis	Chr3	6621193	6621353	non-LTR	SINE/tRNA
Populus_yunnanensis|Chr3:6621950-6625111|LTR_842-int	Populus_yunnanensis	Chr3	6621950	6625111	LTR	LTR/Copia
Populus_yunnanensis|Chr3:7450454-7450491|TIR_34	Populus_yunnanensis	Chr3	7450454	7450491	TIR	DNA/PIF-Harbinger
Populus_yunnanensis|Chr3:7450516-7450566|TIR_124	Populus_yunnanensis	Chr3	7450516	7450566	TIR	DNA/hAT
Populus_yunnanensis|Chr3:7450566-7450595|TIR_42	Populus_yunnanensis	Chr3	7450566	7450595	TIR	DNA/other
Populus_yunnanensis|Chr3:7450669-7450856|TIR_157	Populus_yunnanensis	Chr3	7450669	7450856	LTR	LTR/Gypsy
Populus_yunnanensis|Chr3:7451793-7451807|LTR_929-int	Populus_yunnanensis	Chr3	7451793	7451807	LTR	LTR/Copia
Populus_yunnanensis|Chr3:7451807-7451973|TIR_41	Populus_yunnanensis	Chr3	7451807	7451973	TIR	DNA/hAT
Populus_yunnanensis|Chr3:7451821-7452006|TIR_25	Populus_yunnanensis	Chr3	7451821	7452006	TIR	DNA/PIF-Harbinger
Populus_yunnanensis|Chr3:7451973-7451985|LTR_929-int	Populus_yunnanensis	Chr3	7451973	7451985	LTR	LTR/Copia
Populus_yunnanensis|Chr3:7456062-7456236|Denovo_Non_LTR_6	Populus_yunnanensis	Chr3	7456062	7456236	non-LTR	SINE/tRNA
Populus_yunnanensis|Chr3:7922820-7922983|Denovo_Non_LTR_15	Populus_yunnanensis	Chr3	7922820	7922983	TIR	DNA/hAT
Populus_yunnanensis|Chr3:7923225-7923279|Denovo_Non_LTR_6	Populus_yunnanensis	Chr3	7923225	7923279	non-LTR	SINE/tRNA
Populus_yunnanensis|Chr3:7923557-7923738|TIR_42	Populus_yunnanensis	Chr3	7923557	7923738	TIR	DNA/other
Populus_yunnanensis|Chr3:7923738-7923765|LTR_929-int	Populus_yunnanensis	Chr3	7923738	7923765	LTR	LTR/Copia
Populus_yunnanensis|Chr3:9532071-9532103|TIR_157	Populus_yunnanensis	Chr3	9532071	9532103	LTR	LTR/Gypsy
Populus_yunnanensis|Chr3:9532103-9532373|TIR_106	Populus_yunnanensis	Chr3	9532103	9532373	TIR	DNA/hAT
Populus_yunnanensis|Chr3:9532373-9532504|TIR_157	Populus_yunnanensis	Chr3	9532373	9532504	LTR	LTR/Gypsy
Populus_yunnanensis|Chr3:15642128-15642771|LTR_526-LTR	Populus_yunnanensis	Chr3	15642128	15642771	LTR	LTR/Copia
Populus_yunnanensis|Chr4:9748375-9749365|TIR_28	Populus_yunnanensis	Chr4	9748375	9749365	TIR	DNA/PIF-Harbinger
Populus_yunnanensis|Chr4:9749599-9749748|LTR_139-LTR	Populus_yunnanensis	Chr4	9749599	9749748	LTR	LTR/Gypsy
Populus_yunnanensis|Chr4:9753146-9753319|TIR_41	Populus_yunnanensis	Chr4	9753146	9753319	TIR	DNA/hAT
Populus_yunnanensis|Chr4:9753213-9753333|TIR_159	Populus_yunnanensis	Chr4	9753213	9753333	TIR	DNA/PIF-Harbinger
Populus_yunnanensis|Chr4:12875054-12875945|TIR_28	Populus_yunnanensis	Chr4	12875054	12875945	TIR	DNA/PIF-Harbinger
Populus_yunnanensis|Chr4:12875973-12876156|TIR_42	Populus_yunnanensis	Chr4	12875973	12876156	TIR	DNA/other
Populus_yunnanensis|Chr4:12883273-12883349|LTR_1162-int	Populus_yunnanensis	Chr4	12883273	12883349	LTR	LTR/Copia
Populus_yunnanensis|Chr4:16479822-16479987|TIR_28	Populus_yunnanensis	Chr4	16479822	16479987	TIR	DNA/PIF-Harbinger
Populus_yunnanensis|Chr4:16480530-16480689|TIR_6	Populus_yunnanensis	Chr4	16480530	16480689	TIR	DNA/hAT
Populus_yunnanensis|Chr4:16480769-16480933|TIR_24	Populus_yunnanensis	Chr4	16480769	16480933	TIR	DNA/hAT
Populus_yunnanensis|Chr4:17231584-17231789|LTR_345-LTR	Populus_yunnanensis	Chr4	17231584	17231789	LTR	LTR/Copia
Populus_yunnanensis|Chr4:17231610-17231794|TIR_42	Populus_yunnanensis	Chr4	17231610	17231794	TIR	DNA/other
Populus_yunnanensis|Chr4:17235170-17235358|TIR_42	Populus_yunnanensis	Chr4	17235170	17235358	TIR	DNA/other
Populus_yunnanensis|Chr4:17235398-17235586|TIR_2	Populus_yunnanensis	Chr4	17235398	17235586	TIR	DNA/hAT
Populus_yunnanensis|Chr4:17235632-17235835|TIR_21	Populus_yunnanensis	Chr4	17235632	17235835	TIR	DNA/hAT
Populus_yunnanensis|Chr4:17235898-17235933|TIR_159	Populus_yunnanensis	Chr4	17235898	17235933	TIR	DNA/PIF-Harbinger
Populus_yunnanensis|Chr4:17235933-17236004|TIR_42	Populus_yunnanensis	Chr4	17235933	17236004	TIR	DNA/other
Populus_yunnanensis|Chr4:19564565-19564712|TIR_79	Populus_yunnanensis	Chr4	19564565	19564712	TIR	DNA/other
Populus_yunnanensis|Chr4:19564751-19564881|TIR_79	Populus_yunnanensis	Chr4	19564751	19564881	TIR	DNA/other
Populus_yunnanensis|Chr4:19564881-19564903|TIR_41	Populus_yunnanensis	Chr4	19564881	19564903	TIR	DNA/hAT
Populus_yunnanensis|Chr4:19565360-19565806|TIR_120	Populus_yunnanensis	Chr4	19565360	19565806	TIR	DNA/other
Populus_yunnanensis|Chr4:21372666-21372860|LTR_929-int	Populus_yunnanensis	Chr4	21372666	21372860	LTR	LTR/Copia
Populus_yunnanensis|Chr4:21372714-21372863|TIR_42	Populus_yunnanensis	Chr4	21372714	21372863	TIR	DNA/other
Populus_yunnanensis|Chr4:23314229-23314360|TIR_41	Populus_yunnanensis	Chr4	23314229	23314360	TIR	DNA/hAT
Populus_yunnanensis|Chr4:24208205-24208354|TIR_41	Populus_yunnanensis	Chr4	24208205	24208354	TIR	DNA/hAT
Populus_yunnanensis|Chr4:25177930-25178978|TIR_100	Populus_yunnanensis	Chr4	25177930	25178978	TIR	DNA/hAT
Populus_yunnanensis|Chr4:25178978-25179075|LTR_625-LTR	Populus_yunnanensis	Chr4	25178978	25179075	LTR	LTR/Gypsy
Populus_yunnanensis|Chr4:25179075-25179224|LTR_920-int	Populus_yunnanensis	Chr4	25179075	25179224	LTR	LTR/Gypsy
Populus_yunnanensis|Chr4:25179141-25179323|LTR_920-int	Populus_yunnanensis	Chr4	25179141	25179323	LTR	LTR/Gypsy
Populus_yunnanensis|Chr4:25179212-25179384|LTR_207-LTR	Populus_yunnanensis	Chr4	25179212	25179384	LTR	LTR/Gypsy
Populus_yunnanensis|Chr4:25179384-25179436|LTR_625-LTR	Populus_yunnanensis	Chr4	25179384	25179436	LTR	LTR/Gypsy
Populus_yunnanensis|Chr5:175955-176011|TIR_113	Populus_yunnanensis	Chr5	175955	176011	TIR	DNA/hAT
Populus_yunnanensis|Chr5:1079869-1080565|TIR_117	Populus_yunnanensis	Chr5	1079869	1080565	TIR	DNA/PIF-Harbinger
Populus_yunnanensis|Chr5:1080563-1080984|TIR_117	Populus_yunnanensis	Chr5	1080563	1080984	TIR	DNA/PIF-Harbinger
Populus_yunnanensis|Chr5:1964695-1964811|TIR_41	Populus_yunnanensis	Chr5	1964695	1964811	TIR	DNA/hAT
Populus_yunnanensis|Chr5:1965505-1965689|TIR_42	Populus_yunnanensis	Chr5	1965505	1965689	TIR	DNA/other
Populus_yunnanensis|Chr5:1965527-1965691|TIR_41	Populus_yunnanensis	Chr5	1965527	1965691	TIR	DNA/hAT
Populus_yunnanensis|Chr5:1968050-1968197|Denovo_Non_LTR_15	Populus_yunnanensis	Chr5	1968050	1968197	TIR	DNA/hAT
Populus_yunnanensis|Chr5:1968197-1968237|TIR_21	Populus_yunnanensis	Chr5	1968197	1968237	TIR	DNA/hAT
Populus_yunnanensis|Chr5:1968347-1968373|LTR_929-int	Populus_yunnanensis	Chr5	1968347	1968373	LTR	LTR/Copia
Populus_yunnanensis|Chr5:1968373-1968503|TIR_41	Populus_yunnanensis	Chr5	1968373	1968503	TIR	DNA/hAT
Populus_yunnanensis|Chr5:1968503-1968523|TIR_42	Populus_yunnanensis	Chr5	1968503	1968523	TIR	DNA/other
Populus_yunnanensis|Chr5:5105688-5105749|Homology_Non_LTR_2	Populus_yunnanensis	Chr5	5105688	5105749	non-LTR	SINE/tRNA
Populus_yunnanensis|Chr5:5105941-5106088|TIR_129	Populus_yunnanensis	Chr5	5105941	5106088	non-LTR	SINE/tRNA
Populus_yunnanensis|Chr5:5112977-5113337|LTR_1010-int	Populus_yunnanensis	Chr5	5112977	5113337	LTR	LTR/Gypsy
Populus_yunnanensis|Chr5:5343449-5343575|Homology_Non_LTR_2	Populus_yunnanensis	Chr5	5343449	5343575	non-LTR	SINE/tRNA
Populus_yunnanensis|Chr5:5343581-5343769|Denovo_Non_LTR_6	Populus_yunnanensis	Chr5	5343581	5343769	non-LTR	SINE/tRNA
Populus_yunnanensis|Chr5:5344563-5344717|TIR_160	Populus_yunnanensis	Chr5	5344563	5344717	TIR	DNA/other
Populus_yunnanensis|Chr5:5350073-5350223|TIR_41	Populus_yunnanensis	Chr5	5350073	5350223	TIR	DNA/hAT
Populus_yunnanensis|Chr5:5350689-5350762|LTR_1027-int	Populus_yunnanensis	Chr5	5350689	5350762	LTR	LTR/Copia
Populus_yunnanensis|Chr5:7993062-7993594|LTR_268-LTR	Populus_yunnanensis	Chr5	7993062	7993594	LTR	LTR/Gypsy
Populus_yunnanensis|Chr5:7993594-7993789|LTR_280-LTR	Populus_yunnanensis	Chr5	7993594	7993789	LTR	LTR/Gypsy
Populus_yunnanensis|Chr5:16063820-16063914|LTR_159-LTR	Populus_yunnanensis	Chr5	16063820	16063914	LTR	LTR/Copia
Populus_yunnanensis|Chr5:16064998-16065251|LTR_155-LTR	Populus_yunnanensis	Chr5	16064998	16065251	LTR	LTR/Copia
Populus_yunnanensis|Chr5:16697126-16697236|TIR_41	Populus_yunnanensis	Chr5	16697126	16697236	TIR	DNA/hAT
Populus_yunnanensis|Chr5:16699681-16699914|TIR_13	Populus_yunnanensis	Chr5	16699681	16699914	TIR	DNA/other
Populus_yunnanensis|Chr5:16700095-16700408|TIR_147	Populus_yunnanensis	Chr5	16700095	16700408	TIR	DNA/PIF-Harbinger
Populus_yunnanensis|Chr5:17563045-17564284|TIR_120	Populus_yunnanensis	Chr5	17563045	17564284	TIR	DNA/other
Populus_yunnanensis|Chr5:20272123-20272713|TIR_58	Populus_yunnanensis	Chr5	20272123	20272713	TIR	DNA/hAT
Populus_yunnanensis|Chr5:20272679-20272797|TIR_109	Populus_yunnanensis	Chr5	20272679	20272797	TIR	DNA/TcMar
Populus_yunnanensis|Chr5:20274725-20274797|TIR_42	Populus_yunnanensis	Chr5	20274725	20274797	TIR	DNA/other
Populus_yunnanensis|Chr6:437891-438241|LTR_1002-int	Populus_yunnanensis	Chr6	437891	438241	LTR	LTR/Gypsy
Populus_yunnanensis|Chr6:439086-439188|TIR_138	Populus_yunnanensis	Chr6	439086	439188	TIR	DNA/TcMar
Populus_yunnanensis|Chr6:439190-439257|TIR_57	Populus_yunnanensis	Chr6	439190	439257	TIR	DNA/CMC-EnSpm
Populus_yunnanensis|Chr6:439257-439430|TIR_157	Populus_yunnanensis	Chr6	439257	439430	LTR	LTR/Gypsy
Populus_yunnanensis|Chr6:440966-441073|TIR_120	Populus_yunnanensis	Chr6	440966	441073	TIR	DNA/other
Populus_yunnanensis|Chr6:15600101-15600267|Homology_Non_LTR_2	Populus_yunnanensis	Chr6	15600101	15600267	non-LTR	SINE/tRNA
Populus_yunnanensis|Chr6:22140515-22140715|TIR_21	Populus_yunnanensis	Chr6	22140515	22140715	TIR	DNA/hAT
Populus_yunnanensis|Chr6:22447806-22447835|TIR_143	Populus_yunnanensis	Chr6	22447806	22447835	TIR	DNA/hAT
Populus_yunnanensis|Chr6:22447835-22447985|Denovo_Non_LTR_15	Populus_yunnanensis	Chr6	22447835	22447985	TIR	DNA/hAT
Populus_yunnanensis|Chr6:22449814-22450545|TIR_56	Populus_yunnanensis	Chr6	22449814	22450545	TIR	DNA/PIF-Harbinger
Populus_yunnanensis|Chr6:22462634-22462786|TIR_29	Populus_yunnanensis	Chr6	22462634	22462786	TIR	DNA/PIF-Harbinger
Populus_yunnanensis|Chr6:22462635-22462891|TIR_33	Populus_yunnanensis	Chr6	22462635	22462891	TIR	DNA/hAT
Populus_yunnanensis|Chr7:1481700-1481884|TIR_157	Populus_yunnanensis	Chr7	1481700	1481884	LTR	LTR/Gypsy
Populus_yunnanensis|Chr7:12845777-12845933|TIR_124	Populus_yunnanensis	Chr7	12845777	12845933	TIR	DNA/hAT
Populus_yunnanensis|Chr7:12853946-12854044|Denovo_Non_LTR_15	Populus_yunnanensis	Chr7	12853946	12854044	TIR	DNA/hAT
Populus_yunnanensis|Chr7:12854675-12854822|Homology_Non_LTR_2	Populus_yunnanensis	Chr7	12854675	12854822	non-LTR	SINE/tRNA
Populus_yunnanensis|Chr9:510106-510161|TIR_145	Populus_yunnanensis	Chr9	510106	510161	TIR	DNA/hAT
Populus_yunnanensis|Chr9:6780467-6782006|TIR_57	Populus_yunnanensis	Chr9	6780467	6782006	TIR	DNA/CMC-EnSpm
Populus_yunnanensis|Chr9:6783810-6783994|TIR_42	Populus_yunnanensis	Chr9	6783810	6783994	TIR	DNA/other
Populus_yunnanensis|Chr9:7672050-7672210|TIR_0	Populus_yunnanensis	Chr9	7672050	7672210	TIR	DNA/hAT
Populus_yunnanensis|Chr9:7672197-7672245|TIR_125	Populus_yunnanensis	Chr9	7672197	7672245	TIR	DNA/PIF-Harbinger
Populus_yunnanensis|Chr9:7672203-7672507|TIR_33	Populus_yunnanensis	Chr9	7672203	7672507	TIR	DNA/hAT
Populus_yunnanensis|Chr9:7674964-7675068|TIR_102	Populus_yunnanensis	Chr9	7674964	7675068	TIR	DNA/TcMar
Populus_yunnanensis|Chr9:7674987-7675104|TIR_41	Populus_yunnanensis	Chr9	7674987	7675104	TIR	DNA/hAT
Populus_yunnanensis|Chr9:7675104-7675148|LTR_929-int	Populus_yunnanensis	Chr9	7675104	7675148	LTR	LTR/Copia
