gene_id	species	chrom	window_start	window_end
Populus_adenopoda__Poade00686.t1	Populus_adenopoda	Chr1	10727819	10733457
Populus_adenopoda__Poade00715.t1	Populus_adenopoda	Chr1	11072196	11077222
Populus_adenopoda__Poade01968.t2	Populus_adenopoda	Chr1	27302660	27307570
Populus_adenopoda__Poade02428.t1	Populus_adenopoda	Chr1	35246205	35251683
Populus_adenopoda__Poade02703.t1	Populus_adenopoda	Chr1	38213974	38223947
Populus_adenopoda__Poade03264.t1	Populus_adenopoda	Chr1	43489610	43496117
Populus_adenopoda__Poade03677.t1	Populus_adenopoda	Chr1	47736258	47747222
Populus_adenopoda__Poade03761.t1	Populus_adenopoda	Chr1	48398088	48402890
Populus_adenopoda__Poade21032.t1	Populus_adenopoda	Chr10	11153351	11157772
Populus_adenopoda__Poade21262.t5	Populus_adenopoda	Chr10	13164222	13171963
Populus_adenopoda__Poade21792.t1	Populus_adenopoda	Chr10	17570829	17577944
Populus_adenopoda__Poade21910.t1	Populus_adenopoda	Chr10	18574253	18578689
Populus_adenopoda__Poade21926.t1	Populus_adenopoda	Chr10	18732128	18736807
Populus_adenopoda__Poade22862.t1	Populus_adenopoda	Chr11	15001882	15008218
Populus_adenopoda__Poade23073.t1	Populus_adenopoda	Chr11	18382619	18389397
Populus_adenopoda__Poade23530.t1	Populus_adenopoda	Chr12	3829287	3833870
Populus_adenopoda__Poade24255.t1	Populus_adenopoda	Chr12	14025708	14033426
Populus_adenopoda__Poade25063.t1	Populus_adenopoda	Chr13	10263307	10267938
Populus_adenopoda__Poade26761.t1	Populus_adenopoda	Chr14	13073832	13079732
Populus_adenopoda__Poade27135.t1	Populus_adenopoda	Chr15	1024631	1032277
Populus_adenopoda__Poade27519.t1	Populus_adenopoda	Chr15	5608124	5615600
Populus_adenopoda__Poade28021.t2	Populus_adenopoda	Chr15	13160105	13167170
Populus_adenopoda__Poade28109.t1	Populus_adenopoda	Chr15	13894139	13898635
Populus_adenopoda__Poade28226.t1	Populus_adenopoda	Chr15	14935685	14940274
Populus_adenopoda__Poade28342.t1	Populus_adenopoda	Chr16	458320	464986
Populus_adenopoda__Poade28580.t1	Populus_adenopoda	Chr16	2813559	2818962
Populus_adenopoda__Poade29288.t1	Populus_adenopoda	Chr16	12321649	12330189
Populus_adenopoda__Poade30269.t1	Populus_adenopoda	Chr17	1575699	1581474
Populus_adenopoda__Poade30339.t1	Populus_adenopoda	Chr17	2010524	2017415
Populus_adenopoda__Poade30377.t1	Populus_adenopoda	Chr17	2344757	2353248
Populus_adenopoda__Poade30488.t1	Populus_adenopoda	Chr17	3471614	3480749
Populus_adenopoda__LG17_exon1_exon4_exon2_exon3_exon5	Populus_adenopoda	Chr17	12128526	12135077
Populus_adenopoda__Poade32074.t1	Populus_adenopoda	Chr19	321566	327418
Populus_adenopoda__Poade32076.t1	Populus_adenopoda	Chr19	337954	348629
Populus_adenopoda__Poade32330.t1	Populus_adenopoda	Chr19	2035256	2040614
Populus_adenopoda__Poade32414.t1	Populus_adenopoda	Chr19	2531713	2538512
Populus_adenopoda__Poade32472.t1	Populus_adenopoda	Chr19	2925915	2930384
Populus_adenopoda__Poade32634.t5	Populus_adenopoda	Chr19	4033227	4040128
Populus_adenopoda__Poade32876.t1	Populus_adenopoda	Chr19	5665724	5670526
Populus_adenopoda__Poade32877.t1	Populus_adenopoda	Chr19	5669683	5674591
Populus_adenopoda__Poade33371.t1	Populus_adenopoda	Chr19	9922430	9928758
Populus_adenopoda__Poade04191.t1	Populus_adenopoda	Chr2	1897127	1903268
Populus_adenopoda__Poade04249.t1	Populus_adenopoda	Chr2	2314521	2321567
Populus_adenopoda__Poade04288.t1	Populus_adenopoda	Chr2	2765514	2775072
Populus_adenopoda__Poade04471.t1	Populus_adenopoda	Chr2	4301238	4310906
Populus_adenopoda__Poade04691.t1	Populus_adenopoda	Chr2	6439039	6450253
Populus_adenopoda__Poade04971.t1	Populus_adenopoda	Chr2	9063078	9069781
Populus_adenopoda__Poade06147.t1	Populus_adenopoda	Chr2	23001313	23007323
Populus_adenopoda__Poade06358.t1	Populus_adenopoda	Chr2	24980892	24986619
Populus_adenopoda__Poade06944.t1	Populus_adenopoda	Chr3	7825539	7829975
Populus_adenopoda__Poade07193.t1	Populus_adenopoda	Chr3	10746501	10753987
Populus_adenopoda__Poade07560.t3	Populus_adenopoda	Chr3	13744365	13750986
Populus_adenopoda__Poade07652.t1	Populus_adenopoda	Chr3	14440037	14444482
Populus_adenopoda__Poade07884.t1	Populus_adenopoda	Chr3	16620001	16627055
Populus_adenopoda__Poade08078.t1	Populus_adenopoda	Chr3	18276213	18284748
Populus_adenopoda__Poade08096.t2	Populus_adenopoda	Chr3	18466195	18472663
Populus_adenopoda__Poade08299.t1	Populus_adenopoda	Chr3	20239533	20246631
Populus_adenopoda__Poade08426.t1	Populus_adenopoda	Chr3	21101793	21106265
Populus_adenopoda__Poade08543.t1	Populus_adenopoda	Chr3	22083111	22087776
Populus_adenopoda__Poade08861.t1	Populus_adenopoda	Chr4	1667260	1676611
Populus_adenopoda__Poade09000.t1	Populus_adenopoda	Chr4	3100828	3110826
Populus_adenopoda__Poade09233.t2	Populus_adenopoda	Chr4	5605642	5611023
Populus_adenopoda__Poade09344.t1	Populus_adenopoda	Chr4	6860061	6866574
Populus_adenopoda__Poade09399.t1	Populus_adenopoda	Chr4	7372081	7376550
Populus_adenopoda__Poade09548.t1	Populus_adenopoda	Chr4	8839793	8846628
Populus_adenopoda__Poade09789.t1	Populus_adenopoda	Chr4	13311037	13315629
Populus_adenopoda__Poade10738.t1	Populus_adenopoda	Chr5	131964	137641
Populus_adenopoda__Poade10875.t1	Populus_adenopoda	Chr5	998063	1003077
Populus_adenopoda__Poade10991.t1	Populus_adenopoda	Chr5	1877282	1881760
Populus_adenopoda__Poade11116.t1	Populus_adenopoda	Chr5	2844909	2851136
Populus_adenopoda__Poade11321.t1	Populus_adenopoda	Chr5	4857144	4865032
Populus_adenopoda__Poade11339.t1	Populus_adenopoda	Chr5	5080412	5086832
Populus_adenopoda__Poade11514.t1	Populus_adenopoda	Chr5	7252101	7259148
Populus_adenopoda__Poade11834.t1	Populus_adenopoda	Chr5	12363510	12370480
Populus_adenopoda__Poade11889.t1	Populus_adenopoda	Chr5	12941827	12946317
Populus_adenopoda__Poade11981.t1	Populus_adenopoda	Chr5	13703197	13707819
Populus_adenopoda__Poade12228.t6	Populus_adenopoda	Chr5	16026122	16032905
Populus_adenopoda__Poade12499.t1	Populus_adenopoda	Chr5	18330146	18338832
Populus_adenopoda__Poade13011.t1	Populus_adenopoda	Chr6	1301291	1306006
Populus_adenopoda__Poade13090.t1	Populus_adenopoda	Chr6	1976273	1986054
Populus_adenopoda__Poade14010.t1	Populus_adenopoda	Chr6	10026067	10036008
Populus_adenopoda__Poade14703.t1	Populus_adenopoda	Chr6	19084169	19090764
Populus_adenopoda__Poade15729.t1	Populus_adenopoda	Chr7	13146067	13154463
Populus_adenopoda__Poade15777.t1	Populus_adenopoda	Chr7	13521043	13525647
Populus_adenopoda__Poade15845.t1	Populus_adenopoda	Chr7	14066334	14070767
Populus_adenopoda__Poade16631.t1	Populus_adenopoda	Chr7	20006547	20012899
Populus_adenopoda__Poade16685.t1	Populus_adenopoda	Chr7	20374093	20380231
Populus_adenopoda__Poade16829.t1	Populus_adenopoda	Chr8	454610	459911
Populus_adenopoda__Poade16832.t1	Populus_adenopoda	Chr8	465911	471789
Populus_adenopoda__Poade16887.t2	Populus_adenopoda	Chr8	741357	747864
Populus_adenopoda__Poade17757.t1	Populus_adenopoda	Chr8	7017311	7021744
Populus_adenopoda__Poade17830.t1	Populus_adenopoda	Chr8	7531320	7535924
Populus_adenopoda__Poade18892.t1	Populus_adenopoda	Chr8	19695581	19702207
Populus_alba__KAL3609257.1	Populus_alba	Chr1	3050276	3061230
Populus_alba__KAL3609676.1	Populus_alba	Chr1	7324756	7331562
Populus_alba__KAL3610209.1	Populus_alba	Chr1	12478702	12488622
Populus_alba__KAL3610968.1	Populus_alba	Chr1	25873903	25880254
Populus_alba__KAL3612229.1	Populus_alba	Chr1	41769262	41774104
Populus_alba__KAL3612257.1	Populus_alba	Chr1	42118179	42123824
Populus_alba__KAL3577481.1	Populus_alba	Chr10	387145	393976
Populus_alba__KAL3578523.1	Populus_alba	Chr10	13887277	13893607
Populus_alba__KAL3578587.1	Populus_alba	Chr10	14390670	14395277
Populus_alba__KAL3578651.1	Populus_alba	Chr10	14929584	14934017
Populus_alba__KAL3579501.1	Populus_alba	Chr10	21314651	21321135
Populus_alba__KAL3579546.1	Populus_alba	Chr10	21578068	21583938
Populus_alba__KAL3579548.1	Populus_alba	Chr10	21589483	21594779
Populus_alba__KAL3573666.1	Populus_alba	Chr13	3281603	3290148
Populus_alba__CM100082.1_exon1_exon4_exon6	Populus_alba	Chr13	13396481	13403257
Populus_alba__KAL3574345.1	Populus_alba	Chr13	13562963	13570953
Populus_alba__KAL3574582.1	Populus_alba	Chr13	16208840	16215519
Populus_alba__KAL3571432.1	Populus_alba	Chr14	957659	962242
Populus_alba__KAL3571452.1	Populus_alba	Chr14	1181585	1186021
Populus_alba__KAL3571576.1	Populus_alba	Chr14	2152502	2159325
Populus_alba__KAL3572086.1	Populus_alba	Chr14	7268189	7276142
Populus_alba__KAL3572317.1	Populus_alba	Chr14	9267228	9271649
Populus_alba__KAL3572606.1	Populus_alba	Chr14	11655600	11662659
Populus_alba__KAL3572608.1	Populus_alba	Chr14	11669993	11676863
Populus_alba__KAL3572695.1	Populus_alba	Chr14	12469118	12477031
Populus_alba__KAL3572716.1	Populus_alba	Chr14	12660799	12669278
Populus_alba__KAL3570848.1	Populus_alba	Chr15	9773849	9778480
Populus_alba__KAL3568887.1	Populus_alba	Chr16	1858008	1865580
Populus_alba__KAL3568951.1	Populus_alba	Chr16	2398225	2405101
Populus_alba__KAL3568988.1	Populus_alba	Chr16	2744785	2753266
Populus_alba__KAL3569131.1	Populus_alba	Chr16	4690905	4699669
Populus_alba__KAL3569774.1	Populus_alba	Chr16	13784423	13791002
Populus_alba__KAL3567425.1	Populus_alba	Chr17	4170069	4175460
Populus_alba__KAL3568220.1	Populus_alba	Chr17	16399907	16404490
Populus_alba__KAL3566150.1	Populus_alba	Chr18	2438634	2444560
Populus_alba__KAL3565629.1	Populus_alba	Chr19	19037325	19043097
Populus_alba__KAL3565883.1	Populus_alba	Chr19	22171154	22178518
Populus_alba__KAL3603304.1	Populus_alba	Chr2	1290715	1295378
Populus_alba__KAL3603414.1	Populus_alba	Chr2	2260795	2265267
Populus_alba__KAL3603560.1	Populus_alba	Chr2	3382769	3388494
Populus_alba__KAL3603737.1	Populus_alba	Chr2	5071277	5075722
Populus_alba__KAL3603824.1	Populus_alba	Chr2	5760933	5769251
Populus_alba__KAL3604180.1	Populus_alba	Chr2	8977574	8985017
Populus_alba__KAL3604436.1	Populus_alba	Chr2	12104421	12108857
Populus_alba__KAL3598114.1	Populus_alba	Chr3	2361916	2368518
Populus_alba__KAL3598797.1	Populus_alba	Chr3	13372023	13381972
Populus_alba__KAL3599602.1	Populus_alba	Chr3	20687859	20696665
Populus_alba__KAL3596973.1	Populus_alba	Chr4	10415175	10419767
Populus_alba__KAL3597232.1	Populus_alba	Chr4	15569877	15576668
Populus_alba__KAL3597302.1	Populus_alba	Chr4	16366832	16376357
Populus_alba__KAL3597373.1	Populus_alba	Chr4	17107057	17111526
Populus_alba__KAL3597419.1	Populus_alba	Chr4	17601729	17610262
Populus_alba__KAL3597498.1	Populus_alba	Chr4	18458664	18463472
Populus_alba__KAL3597745.1	Populus_alba	Chr4	20701990	20711850
Populus_alba__KAL3597872.1	Populus_alba	Chr4	21841165	21850028
Populus_alba__KAL3591378.1	Populus_alba	Chr5	3811817	3820780
Populus_alba__KAL3591632.1	Populus_alba	Chr5	6134666	6141922
Populus_alba__KAL3591902.1	Populus_alba	Chr5	9018795	9023399
Populus_alba__KAL3591982.1	Populus_alba	Chr5	9782497	9786987
Populus_alba__KAL3592031.1	Populus_alba	Chr5	10319050	10326024
Populus_alba__KAL3592370.1	Populus_alba	Chr5	16166099	16173106
Populus_alba__KAL3592544.1	Populus_alba	Chr5	18312951	18319483
Populus_alba__KAL3592565.1	Populus_alba	Chr5	18540045	18545399
Populus_alba__KAL3592768.1	Populus_alba	Chr5	20421163	20428275
Populus_alba__KAL3592894.1	Populus_alba	Chr5	21355684	21360162
Populus_alba__KAL3593011.1	Populus_alba	Chr5	22201125	22205867
Populus_alba__KAL3593137.1	Populus_alba	Chr5	23067186	23072099
Populus_alba__KAL3585141.1	Populus_alba	Chr6	2131118	2135970
Populus_alba__KAL3585192.1	Populus_alba	Chr6	2504088	2511166
Populus_alba__KAL3585228.1	Populus_alba	Chr6	2888818	2897791
Populus_alba__KAL3585398.1	Populus_alba	Chr6	4587079	4608699
Populus_alba__KAL3585626.1	Populus_alba	Chr6	6889329	6895110
Populus_alba__KAL3585885.1	Populus_alba	Chr6	9476762	9483486
Populus_alba__KAL3587027.1	Populus_alba	Chr6	22598994	22604972
Populus_alba__KAL3587260.1	Populus_alba	Chr6	25182639	25188526
Populus_alba__KAL3583202.1	Populus_alba	Chr7	687330	693296
Populus_alba__KAL3583397.1	Populus_alba	Chr7	2539910	2545551
Populus_alba__KAL3583518.1	Populus_alba	Chr7	3786192	3790688
Populus_alba__KAL3583606.1	Populus_alba	Chr7	4505986	4514613
Populus_alba__KAL3584085.1	Populus_alba	Chr7	11462211	11469760
Populus_alba__KAL3581175.1	Populus_alba	Chr8	469166	475309
Populus_alba__KAL3581240.1	Populus_alba	Chr8	829512	835859
Populus_alba__KAL3581993.1	Populus_alba	Chr8	6932516	6936949
Populus_alba__KAL3582065.1	Populus_alba	Chr8	7487510	7492114
Populus_alba__KAL3582114.1	Populus_alba	Chr8	7836471	7844698
Populus_alba__KAL3579770.1	Populus_alba	Chr9	2749666	2756466
Populus_alba__KAL3580118.1	Populus_alba	Chr9	5920530	5930472
Populus_alba__KAL3580513.1	Populus_alba	Chr9	8865505	8872411
Populus_alba__KAL3580672.1	Populus_alba	Chr9	9936284	9940753
Populus_alba__KAL3580730.1	Populus_alba	Chr9	10337867	10344688
Populus_alba__KAL3581054.1	Populus_alba	Chr9	12776848	12787669
Populus_alba__KAL3581056.1	Populus_alba	Chr9	12798051	12803891
Populus_alba_var_pyramidalis__Poalv00902.t1	Populus_alba_var._pyramidalis	Chr1	12561593	12567237
Populus_alba_var_pyramidalis__Poalv00947.t1	Populus_alba_var._pyramidalis	Chr1	13090802	13095965
Populus_alba_var_pyramidalis__Poalv02439.t1	Populus_alba_var._pyramidalis	Chr1	30254680	30261020
Populus_alba_var_pyramidalis__Poalv03260.t1	Populus_alba_var._pyramidalis	Chr1	43235189	43246152
Populus_alba_var_pyramidalis__Poalv03825.t1	Populus_alba_var._pyramidalis	Chr1	48392855	48399662
Populus_alba_var_pyramidalis__Poalv04249.t1	Populus_alba_var._pyramidalis	Chr1	51648951	51658871
Populus_alba_var_pyramidalis__Poalv04461.t1	Populus_alba_var._pyramidalis	Chr1	53122851	53127653
Populus_alba_var_pyramidalis__Poalv22959.t1	Populus_alba_var._pyramidalis	Chr10	7690768	7696342
Populus_alba_var_pyramidalis__Poalv23629.t1	Populus_alba_var._pyramidalis	Chr10	13273211	13284215
Populus_alba_var_pyramidalis__Poalv24554.t1	Populus_alba_var._pyramidalis	Chr11	120800	125236
Populus_alba_var_pyramidalis__Poalv24793.t1	Populus_alba_var._pyramidalis	Chr11	1880737	1887704
Populus_alba_var_pyramidalis__Poalv25164.t1	Populus_alba_var._pyramidalis	Chr11	4892198	4907401
Populus_alba_var_pyramidalis__Poalv25252.t1	Populus_alba_var._pyramidalis	Chr11	5486047	5490492
Populus_alba_var_pyramidalis__GWHACDA00000010_exon10_exon6_exon11_exon4_exon5_exon1_exon2_exon7	Populus_alba_var._pyramidalis	Chr11	6349096	6353945
Populus_alba_var_pyramidalis__Poalv25488.t1	Populus_alba_var._pyramidalis	Chr11	7385693	7390783
Populus_alba_var_pyramidalis__Poalv25697.t1	Populus_alba_var._pyramidalis	Chr11	8929101	8935283
Populus_alba_var_pyramidalis__Poalv25724.t1	Populus_alba_var._pyramidalis	Chr11	9115351	9121207
Populus_alba_var_pyramidalis__Poalv26081.t1	Populus_alba_var._pyramidalis	Chr11	12732148	12737162
Populus_alba_var_pyramidalis__Poalv27752.t1	Populus_alba_var._pyramidalis	Chr12	1936548	1941869
Populus_alba_var_pyramidalis__Poalv27762.t1	Populus_alba_var._pyramidalis	Chr12	1999123	2004435
Populus_alba_var_pyramidalis__Poalv27490.t1	Populus_alba_var._pyramidalis	Chr12	15685906	15691119
Populus_alba_var_pyramidalis__Poalv27952.t1	Populus_alba_var._pyramidalis	Chr13	443267	448372
Populus_alba_var_pyramidalis__Poalv28068.t1	Populus_alba_var._pyramidalis	Chr13	1696799	1702633
Populus_alba_var_pyramidalis__Poalv28213.t1	Populus_alba_var._pyramidalis	Chr13	2873524	2878443
Populus_alba_var_pyramidalis__Poalv28518.t1	Populus_alba_var._pyramidalis	Chr13	4953398	4958943
Populus_alba_var_pyramidalis__Poalv28673.t1	Populus_alba_var._pyramidalis	Chr13	6835545	6841091
Populus_alba_var_pyramidalis__Poalv28841.t1	Populus_alba_var._pyramidalis	Chr13	10263255	10268909
Populus_alba_var_pyramidalis__Poalv28987.t1	Populus_alba_var._pyramidalis	Chr13	11715793	11720700
Populus_alba_var_pyramidalis__Poalv29149.t1	Populus_alba_var._pyramidalis	Chr13	13692788	13697461
Populus_alba_var_pyramidalis__Poalv29285.t1	Populus_alba_var._pyramidalis	Chr13	14852940	14858369
Populus_alba_var_pyramidalis__Poalv30757.t1	Populus_alba_var._pyramidalis	Chr14	536070	548082
Populus_alba_var_pyramidalis__Poalv29504.t1	Populus_alba_var._pyramidalis	Chr14	2804201	2809162
Populus_alba_var_pyramidalis__Poalv29703.t1	Populus_alba_var._pyramidalis	Chr14	5357377	5362461
Populus_alba_var_pyramidalis__Poalv30045.t1	Populus_alba_var._pyramidalis	Chr14	10143663	10148962
Populus_alba_var_pyramidalis__Poalv30096.t1	Populus_alba_var._pyramidalis	Chr14	10631889	10636379
Populus_alba_var_pyramidalis__Poalv30456.t1	Populus_alba_var._pyramidalis	Chr14	13049000	13054218
Populus_alba_var_pyramidalis__Poalv31230.t1	Populus_alba_var._pyramidalis	Chr15	2300837	2308878
Populus_alba_var_pyramidalis__Poalv31233.t1	Populus_alba_var._pyramidalis	Chr15	2327396	2332375
Populus_alba_var_pyramidalis__Poalv31286.t1	Populus_alba_var._pyramidalis	Chr15	2819899	2826476
Populus_alba_var_pyramidalis__Poalv32253.t1	Populus_alba_var._pyramidalis	Chr15	13057297	13062276
Populus_alba_var_pyramidalis__Poalv32328.t1	Populus_alba_var._pyramidalis	Chr15	13544527	13549134
Populus_alba_var_pyramidalis__Poalv33591.t1	Populus_alba_var._pyramidalis	Chr16	1019620	1025108
Populus_alba_var_pyramidalis__GWHACDA00000014_exon1_exon5	Populus_alba_var._pyramidalis	Chr18	2619409	2625697
Populus_alba_var_pyramidalis__Poalv37504.t1	Populus_alba_var._pyramidalis	Chr19	1431825	1444890
Populus_alba_var_pyramidalis__Poalv37549.t1	Populus_alba_var._pyramidalis	Chr19	1848912	1854158
Populus_alba_var_pyramidalis__Poalv37554.t1	Populus_alba_var._pyramidalis	Chr19	1984059	1990485
Populus_alba_var_pyramidalis__Poalv37619.t1	Populus_alba_var._pyramidalis	Chr19	2456815	2461164
Populus_alba_var_pyramidalis__Poalv38520.t1	Populus_alba_var._pyramidalis	Chr19	11387170	11393527
Populus_alba_var_pyramidalis__Poalv38588.t1	Populus_alba_var._pyramidalis	Chr19	11925372	11932380
Populus_alba_var_pyramidalis__Poalv04897.t1	Populus_alba_var._pyramidalis	Chr2	1871415	1877573
Populus_alba_var_pyramidalis__Poalv04962.t1	Populus_alba_var._pyramidalis	Chr2	2342652	2348303
Populus_alba_var_pyramidalis__Poalv05009.t1	Populus_alba_var._pyramidalis	Chr2	2821823	2831330
Populus_alba_var_pyramidalis__Poalv05236.t1	Populus_alba_var._pyramidalis	Chr2	4395940	4405350
Populus_alba_var_pyramidalis__Poalv05535.t1	Populus_alba_var._pyramidalis	Chr2	6447064	6453884
Populus_alba_var_pyramidalis__Poalv05845.t1	Populus_alba_var._pyramidalis	Chr2	8879774	8886462
Populus_alba_var_pyramidalis__Poalv07173.t1	Populus_alba_var._pyramidalis	Chr2	22905462	22910931
Populus_alba_var_pyramidalis__Poalv07460.t1	Populus_alba_var._pyramidalis	Chr2	25094142	25099869
Populus_alba_var_pyramidalis__Poalv07533.t1	Populus_alba_var._pyramidalis	Chr3	467721	472400
Populus_alba_var_pyramidalis__Poalv07557.t1	Populus_alba_var._pyramidalis	Chr3	616804	626254
Populus_alba_var_pyramidalis__Poalv07705.t1	Populus_alba_var._pyramidalis	Chr3	1911867	1919544
Populus_alba_var_pyramidalis__Poalv08559.t1	Populus_alba_var._pyramidalis	Chr3	8585284	8589705
Populus_alba_var_pyramidalis__Poalv09808.t1	Populus_alba_var._pyramidalis	Chr4	466783	471513
Populus_alba_var_pyramidalis__Poalv10598.t1	Populus_alba_var._pyramidalis	Chr4	10842325	10852618
Populus_alba_var_pyramidalis__Poalv12097.t1	Populus_alba_var._pyramidalis	Chr4	22909532	22916113
Populus_alba_var_pyramidalis__Poalv12445.t1	Populus_alba_var._pyramidalis	Chr5	1351837	1356462
Populus_alba_var_pyramidalis__Poalv12580.t1	Populus_alba_var._pyramidalis	Chr5	2677013	2681755
Populus_alba_var_pyramidalis__Poalv12707.t1	Populus_alba_var._pyramidalis	Chr5	3582478	3587178
Populus_alba_var_pyramidalis__Poalv13268.t1	Populus_alba_var._pyramidalis	Chr5	8946901	8952726
Populus_alba_var_pyramidalis__Poalv13773.t1	Populus_alba_var._pyramidalis	Chr5	16496267	16501551
Populus_alba_var_pyramidalis__Poalv13978.t1	Populus_alba_var._pyramidalis	Chr5	17980606	17985890
Populus_alba_var_pyramidalis__Poalv14254.t1	Populus_alba_var._pyramidalis	Chr5	19719950	19724776
Populus_alba_var_pyramidalis__Poalv16443.t1	Populus_alba_var._pyramidalis	Chr6	2948136	2953625
Populus_alba_var_pyramidalis__Poalv16597.t1	Populus_alba_var._pyramidalis	Chr6	4304875	4311227
Populus_alba_var_pyramidalis__Poalv16639.t1	Populus_alba_var._pyramidalis	Chr6	4696165	4705537
Populus_alba_var_pyramidalis__Poalv16651.t1	Populus_alba_var._pyramidalis	Chr6	4810726	4818070
Populus_alba_var_pyramidalis__Poalv16732.t1	Populus_alba_var._pyramidalis	Chr6	5520414	5525258
Populus_alba_var_pyramidalis__Poalv16956.t1	Populus_alba_var._pyramidalis	Chr6	8359486	8364537
Populus_alba_var_pyramidalis__Poalv15078.t1	Populus_alba_var._pyramidalis	Chr6	14398873	14404729
Populus_alba_var_pyramidalis__Poalv15682.t1	Populus_alba_var._pyramidalis	Chr6	19586562	19593019
Populus_alba_var_pyramidalis__Poalv18665.t1	Populus_alba_var._pyramidalis	Chr7	11606408	11616663
Populus_alba_var_pyramidalis__Poalv19254.t1	Populus_alba_var._pyramidalis	Chr7	18953466	18957977
Populus_alba_var_pyramidalis__GWHACDA00000006_exon6_exon5_exon3_exon4	Populus_alba_var._pyramidalis	Chr7	20528045	20534879
Populus_alba_var_pyramidalis__Poalv19519.t1	Populus_alba_var._pyramidalis	Chr8	803551	811156
Populus_alba_var_pyramidalis__Poalv19699.t1	Populus_alba_var._pyramidalis	Chr8	2408810	2413279
Populus_alba_var_pyramidalis__Poalv19761.t1	Populus_alba_var._pyramidalis	Chr8	2969298	2975350
Populus_alba_var_pyramidalis__Poalv19897.t1	Populus_alba_var._pyramidalis	Chr8	3984768	3989949
Populus_alba_var_pyramidalis__Poalv20188.t1	Populus_alba_var._pyramidalis	Chr8	7918012	7929356
Populus_alba_var_pyramidalis__Poalv20190.t1	Populus_alba_var._pyramidalis	Chr8	7959782	7966656
Populus_alba_var_pyramidalis__Poalv21832.t1	Populus_alba_var._pyramidalis	Chr9	12527070	12533466
Populus_alba_var_pyramidalis__Poalv21946.t1	Populus_alba_var._pyramidalis	Chr9	13792091	13797556
Populus_davidiana__Podav00079.t1	Populus_davidiana	Chr1	524721	529523
Populus_davidiana__Podav00453.t2	Populus_davidiana	Chr1	3946513	3957472
Populus_davidiana__Podav00889.t2	Populus_davidiana	Chr1	8199288	8205698
Populus_davidiana__Podav01471.t1	Populus_davidiana	Chr1	13318575	13328494
Populus_davidiana__Podav02319.t3	Populus_davidiana	Chr1	25969835	25974753
Populus_davidiana__Podav03852.t1	Populus_davidiana	Chr1	45818595	45823635
Populus_davidiana__Podav03898.t2	Populus_davidiana	Chr1	46365250	46370850
Populus_davidiana__Podav23606.t1	Populus_davidiana	Chr10	18855494	18861973
Populus_davidiana__Podav23845.t1	Populus_davidiana	Chr10	21856503	21863291
Populus_davidiana__LG11_exon3_exon4	Populus_davidiana	Chr11	943231	955205
Populus_davidiana__Podav23989.t2	Populus_davidiana	Chr11	943231	950218
Populus_davidiana__Podav25168.t1	Populus_davidiana	Chr11	14316431	14321038
Populus_davidiana__Podav25239.t1	Populus_davidiana	Chr11	14828703	14833115
Populus_davidiana__Podav26132.t1	Populus_davidiana	Chr11	21116557	21123033
Populus_davidiana__Podav26188.t1	Populus_davidiana	Chr11	21407558	21423296
Populus_davidiana__Podav27261.t1	Populus_davidiana	Chr12	10301969	10310382
Populus_davidiana__Podav27312.t1	Populus_davidiana	Chr12	10657680	10662284
Populus_davidiana__Podav27379.t1	Populus_davidiana	Chr12	11160899	11165341
Populus_davidiana__Podav28189.t1	Populus_davidiana	Chr12	17086322	17092671
Populus_davidiana__Podav28255.t1	Populus_davidiana	Chr12	17446272	17452413
Populus_davidiana__Podav29483.t3	Populus_davidiana	Chr13	13746932	13752826
Populus_davidiana__Podav29880.t1	Populus_davidiana	Chr14	455622	460304
Populus_davidiana__Podav30004.t1	Populus_davidiana	Chr14	1616799	1621295
Populus_davidiana__Podav30094.t1	Populus_davidiana	Chr14	2333419	2340258
Populus_davidiana__Podav30657.t1	Populus_davidiana	Chr14	9984089	9991495
Populus_davidiana__Podav31058.t1	Populus_davidiana	Chr14	14086109	14093749
Populus_davidiana__Podav32244.t1	Populus_davidiana	Chr15	10865362	10869993
Populus_davidiana__Podav33066.t1	Populus_davidiana	Chr16	2925122	2933649
Populus_davidiana__Podav33798.t1	Populus_davidiana	Chr16	12019600	12026149
Populus_davidiana__Podav34041.t3	Populus_davidiana	Chr16	14255344	14262004
Populus_davidiana__Podav34528.t1	Populus_davidiana	Chr17	10686037	10695184
Populus_davidiana__Podav34666.t1	Populus_davidiana	Chr17	12458388	12466862
Populus_davidiana__Podav34703.t1	Populus_davidiana	Chr17	12807657	12814550
Populus_davidiana__Podav34761.t1	Populus_davidiana	Chr17	13222616	13228387
Populus_davidiana__Podav36695.t1	Populus_davidiana	Chr19	1362376	1368643
Populus_davidiana__Podav36696.t1	Populus_davidiana	Chr19	1367821	1372261
Populus_davidiana__Podav36976.t2	Populus_davidiana	Chr19	4118242	4124570
Populus_davidiana__Podav37571.t2	Populus_davidiana	Chr19	9018868	9025795
Populus_davidiana__Podav37750.t1	Populus_davidiana	Chr19	10123200	10127669
Populus_davidiana__Podav37808.t1	Populus_davidiana	Chr19	10532934	10539721
Populus_davidiana__Podav37893.t1	Populus_davidiana	Chr19	11018804	11024155
Populus_davidiana__Podav38153.t1	Populus_davidiana	Chr19	12745468	12756186
Populus_davidiana__Podav38155.t2	Populus_davidiana	Chr19	12766857	12772698
Populus_davidiana__Podav05101.t1	Populus_davidiana	Chr2	2328528	2333243
Populus_davidiana__Podav05182.t1	Populus_davidiana	Chr2	2953727	2963487
Populus_davidiana__Podav06126.t1	Populus_davidiana	Chr2	11940440	11950380
Populus_davidiana__Podav07035.t1	Populus_davidiana	Chr2	25305362	25311966
Populus_davidiana__Podav07257.t1	Populus_davidiana	Chr3	457712	463444
Populus_davidiana__Podav07536.t1	Populus_davidiana	Chr3	2798078	2804046
Populus_davidiana__Podav08779.t1	Populus_davidiana	Chr3	17120420	17127137
Populus_davidiana__Podav09071.t1	Populus_davidiana	Chr3	19781604	19787643
Populus_davidiana__Podav09329.t1	Populus_davidiana	Chr3	23072096	23081485
Populus_davidiana__Podav09516.t1	Populus_davidiana	Chr3	24636981	24646498
Populus_davidiana__Podav09558.t1	Populus_davidiana	Chr3	25034239	25041295
Populus_davidiana__Podav09618.t1	Populus_davidiana	Chr3	25400187	25406329
Populus_davidiana__Podav11933.t1	Populus_davidiana	Chr5	2077335	2081807
Populus_davidiana__Podav12062.t1	Populus_davidiana	Chr5	2976046	2983190
Populus_davidiana__Podav12259.t2	Populus_davidiana	Chr5	4624553	4631003
Populus_davidiana__Podav12278.t1	Populus_davidiana	Chr5	4806285	4814827
Populus_davidiana__Podav12488.t1	Populus_davidiana	Chr5	6458211	6465292
Populus_davidiana__Podav12489.t1	Populus_davidiana	Chr5	6472392	6477809
Populus_davidiana__Podav12727.t1	Populus_davidiana	Chr5	8604535	8608980
Populus_davidiana__Podav12824.t2	Populus_davidiana	Chr5	9253175	9259802
Populus_davidiana__Podav13205.t1	Populus_davidiana	Chr5	12514530	12521971
Populus_davidiana__Podav13516.t1	Populus_davidiana	Chr5	15816280	15820716
Populus_davidiana__Podav14363.t1	Populus_davidiana	Chr6	1549575	1559756
Populus_davidiana__Podav14514.t2	Populus_davidiana	Chr6	2864101	2874130
Populus_davidiana__Podav14754.t1	Populus_davidiana	Chr6	4954402	4959783
Populus_davidiana__Podav14843.t1	Populus_davidiana	Chr6	5689077	5695578
Populus_davidiana__Podav14892.t1	Populus_davidiana	Chr6	6131407	6135876
Populus_davidiana__Podav15053.t1	Populus_davidiana	Chr6	7730066	7736894
Populus_davidiana__Podav15313.t1	Populus_davidiana	Chr6	12143889	12148481
Populus_davidiana__Podav16447.t2	Populus_davidiana	Chr7	122230	128128
Populus_davidiana__Podav16605.t1	Populus_davidiana	Chr7	969442	974459
Populus_davidiana__Podav16729.t1	Populus_davidiana	Chr7	1834854	1839636
Populus_davidiana__Podav16865.t1	Populus_davidiana	Chr7	2771336	2777491
Populus_davidiana__Podav17092.t1	Populus_davidiana	Chr7	5001678	5009584
Populus_davidiana__Podav17111.t1	Populus_davidiana	Chr7	5215676	5222098
Populus_davidiana__Podav17313.t1	Populus_davidiana	Chr7	7529074	7536125
Populus_davidiana__Podav17690.t1	Populus_davidiana	Chr7	13151693	13158668
Populus_davidiana__Podav17744.t1	Populus_davidiana	Chr7	13663501	13667991
Populus_davidiana__Podav17834.t1	Populus_davidiana	Chr7	14428945	14433549
Populus_davidiana__Podav18103.t2	Populus_davidiana	Chr7	16999703	17006879
Populus_davidiana__Podav18361.t1	Populus_davidiana	Chr7	19456586	19465246
Populus_davidiana__Podav18988.t1	Populus_davidiana	Chr8	5873977	5878545
Populus_davidiana__Podav20297.t1	Populus_davidiana	Chr8	18655625	18663312
Populus_davidiana__Podav21354.t1	Populus_davidiana	Chr9	11665060	11669481
Populus_davidiana__Podav21593.t1	Populus_davidiana	Chr9	13654082	13662067
Populus_davidiana__Podav22160.t3	Populus_davidiana	Chr9	18365755	18372829
Populus_davidiana__Podav22283.t1	Populus_davidiana	Chr9	19498387	19502823
Populus_davidiana__Podav22299.t1	Populus_davidiana	Chr9	19661527	19666206
Populus_davidiana__Podav00031.t1	Populus_davidiana	Scaffold_000001	168347	174900
Populus_deltoides__Podel.01G022400.1.v2.1	Populus_deltoides	Chr1	1586890	1591695
Populus_deltoides__Podel.01G032300.1.v2.1	Populus_deltoides	Chr1	2320684	2331650
Populus_deltoides__Podel.01G081100.1.v2.1	Populus_deltoides	Chr1	6421747	6428689
Populus_deltoides__Podel.01G146300.1.v2.1	Populus_deltoides	Chr1	11882535	11891526
Populus_deltoides__Podel.01G176700.1.v2.1	Populus_deltoides	Chr1	14862088	14866536
Populus_deltoides__Podel.01G232200.1.v2.1	Populus_deltoides	Chr1	23636618	23642967
Populus_deltoides__Podel.01G399500.1.v2.1	Populus_deltoides	Chr1	42231241	42236834
Populus_deltoides__Podel.10G004200.1.v2.1	Populus_deltoides	Chr10	384755	391827
Populus_deltoides__Podel.10G136700.1.v2.1	Populus_deltoides	Chr10	13708954	13713561
Populus_deltoides__Podel.10G144700.1.v2.1	Populus_deltoides	Chr10	14238159	14242595
Populus_deltoides__Podel.10G249700.1.v2.1	Populus_deltoides	Chr10	21166637	21173159
Populus_deltoides__Podel.10G255600.1.v2.1	Populus_deltoides	Chr10	21440944	21446750
Populus_deltoides__Podel.10G255800.1.v2.1	Populus_deltoides	Chr10	21453829	21460069
Populus_deltoides__Podel.12G065200.1.v2.1	Populus_deltoides	Chr12	6944701	6950184
Populus_deltoides__Podel.13G042700.1.v2.1	Populus_deltoides	Chr13	2934163	2942662
Populus_deltoides__Podel.13G098000.1.v2.1	Populus_deltoides	Chr13	10015117	10022486
Populus_deltoides__Podel.13G134200.1.v2.1	Populus_deltoides	Chr13	14270700	14277292
Populus_deltoides__Podel.13G197400.1.v2.1	Populus_deltoides	Chr13	17144543	17151038
Populus_deltoides__Podel.14G003900.1.v2.1	Populus_deltoides	Chr14	399540	404090
Populus_deltoides__Podel.14G012700.1.v2.1	Populus_deltoides	Chr14	975724	980163
Populus_deltoides__Podel.14G027800.1.v2.1	Populus_deltoides	Chr14	1976050	1982824
Populus_deltoides__Podel.14G095600.1.v2.1	Populus_deltoides	Chr14	6878987	6886985
Populus_deltoides__Podel.14G125100.1.v2.1	Populus_deltoides	Chr14	9186200	9190624
Populus_deltoides__Podel.15G051500.1.v2.1	Populus_deltoides	Chr15	5419215	5423849
Populus_deltoides__Podel.15G150000.1.v2.1	Populus_deltoides	Chr15	15224521	15229880
Populus_deltoides__Podel.16G028000.1.v2.1	Populus_deltoides	Chr16	1680146	1685920
Populus_deltoides__Podel.16G035200.1.v2.1	Populus_deltoides	Chr16	2111278	2118171
Populus_deltoides__Podel.16G039500.1.v2.1	Populus_deltoides	Chr16	2438039	2446521
Populus_deltoides__Podel.16G053400.1.v2.1	Populus_deltoides	Chr16	3542146	3551310
Populus_deltoides__Podel.16G127700.1.v2.1	Populus_deltoides	Chr16	12905235	12911639
Populus_deltoides__Podel.17G028500.1.v2.1	Populus_deltoides	Chr17	2541500	2549109
Populus_deltoides__Podel.17G110700.1.v2.1	Populus_deltoides	Chr17	12116950	12121536
Populus_deltoides__Podel.18G029700.1.v2.1	Populus_deltoides	Chr18	2393638	2399538
Populus_deltoides__Podel.19G089700.1.v2.1	Populus_deltoides	Chr19	11765548	11772034
Populus_deltoides__Podel.19G096300.1.v2.1	Populus_deltoides	Chr19	12268432	12274931
Populus_deltoides__Podel.19G130700.1.v2.1	Populus_deltoides	Chr19	15207326	15213919
Populus_deltoides__Podel.02G034200.1.v2.1	Populus_deltoides	Chr2	2308056	2312531
Populus_deltoides__Podel.02G048200.1.v2.1	Populus_deltoides	Chr2	3227902	3234903
Populus_deltoides__Podel.02G052000.1.v2.1	Populus_deltoides	Chr2	3573460	3581857
Populus_deltoides__Podel.02G052800.1.v2.1	Populus_deltoides	Chr2	3624953	3631931
Populus_deltoides__Podel.02G073000.1.v2.1	Populus_deltoides	Chr2	5153707	5161614
Populus_deltoides__Podel.02G075200.1.v2.1	Populus_deltoides	Chr2	5330262	5338806
Populus_deltoides__Podel.02G098500.1.v2.1	Populus_deltoides	Chr2	7145065	7151597
Populus_deltoides__Podel.02G098600.1.v2.1	Populus_deltoides	Chr2	7164400	7169738
Populus_deltoides__Podel.02G126600.1.v2.1	Populus_deltoides	Chr2	9603792	9608240
Populus_deltoides__Podel.02G138200.1.v2.1	Populus_deltoides	Chr2	10383151	10390978
Populus_deltoides__Podel.02G186400.1.v2.1	Populus_deltoides	Chr2	14262076	14269558
Populus_deltoides__Podel.02G218800.1.v2.1	Populus_deltoides	Chr2	17986389	17990828
Populus_deltoides__Podel.03G013600.1.v2.1	Populus_deltoides	Chr3	1705300	1711887
Populus_deltoides__Podel.03G103300.1.v2.1	Populus_deltoides	Chr3	12186619	12196343
Populus_deltoides__Podel.03G212100.1.v2.1	Populus_deltoides	Chr3	20690980	20700856
Populus_deltoides__Podel.03G221100.1.v2.1	Populus_deltoides	Chr3	21314003	21318721
Populus_deltoides__Podel.04G121600.1.v2.1	Populus_deltoides	Chr4	11561872	11566467
Populus_deltoides__Podel.04G145800.1.v2.1	Populus_deltoides	Chr4	15984033	15990875
Populus_deltoides__Podel.04G162300.1.v2.1	Populus_deltoides	Chr4	17690024	17694535
Populus_deltoides__Podel.04G168100.1.v2.1	Populus_deltoides	Chr4	18208827	18215331
Populus_deltoides__Podel.04G177500.1.v2.1	Populus_deltoides	Chr4	18866191	18871572
Populus_deltoides__Podel.04G207200.1.v2.1	Populus_deltoides	Chr4	21189758	21199851
Populus_deltoides__Podel.04G224800.1.v2.1	Populus_deltoides	Chr4	22612578	22622582
Populus_deltoides__Podel.05G057600.1.v2.1	Populus_deltoides	Chr5	3919943	3928553
Populus_deltoides__Podel.05G089800.1.v2.1	Populus_deltoides	Chr5	6260773	6268203
Populus_deltoides__Podel.05G132900.1.v2.1	Populus_deltoides	Chr5	9986820	9991313
Populus_deltoides__Podel.05G139800.1.v2.1	Populus_deltoides	Chr5	10666570	10672929
Populus_deltoides__Podel.05G181100.1.v2.1	Populus_deltoides	Chr5	18568461	18575489
Populus_deltoides__Podel.05G202400.1.v2.1	Populus_deltoides	Chr5	21161945	21169636
Populus_deltoides__Podel.05G204500.1.v2.1	Populus_deltoides	Chr5	21391512	21399831
Populus_deltoides__Podel.05G230200.1.v2.1	Populus_deltoides	Chr5	23429623	23436717
Populus_deltoides__Podel.05G245900.1.v2.1	Populus_deltoides	Chr5	24524659	24529131
Populus_deltoides__Podel.05G259400.1.v2.1	Populus_deltoides	Chr5	25374610	25379409
Populus_deltoides__Podel.05G274400.1.v2.1	Populus_deltoides	Chr5	26265463	26271156
Populus_deltoides__Podel.06G028300.1.v2.1	Populus_deltoides	Chr6	1979282	1985040
Populus_deltoides__Podel.06G035100.1.v2.1	Populus_deltoides	Chr6	2397983	2405061
Populus_deltoides__Podel.06G038900.1.v2.1	Populus_deltoides	Chr6	2794813	2801992
Populus_deltoides__Podel.06G061000.1.v2.1	Populus_deltoides	Chr6	4516120	4525471
Populus_deltoides__Podel.06G089700.1.v2.1	Populus_deltoides	Chr6	6877107	6883081
Populus_deltoides__Podel.06G124000.1.v2.1	Populus_deltoides	Chr6	9969745	9976581
Populus_deltoides__Podel.06G265700.1.v2.1	Populus_deltoides	Chr6	26279809	26285801
Populus_deltoides__Podel.06G291000.1.v2.1	Populus_deltoides	Chr6	28012492	28018325
Populus_deltoides__Podel.07G008900.1.v2.1	Populus_deltoides	Chr7	687285	692027
Populus_deltoides__Podel.07G022000.1.v2.1	Populus_deltoides	Chr7	1692686	1697122
Populus_deltoides__Podel.07G034300.1.v2.1	Populus_deltoides	Chr7	2685437	2692514
Populus_deltoides__Podel.07G034600.1.v2.1	Populus_deltoides	Chr7	2738758	2745837
Populus_deltoides__Podel.07G094400.1.v2.1	Populus_deltoides	Chr7	11518030	11525514
Populus_deltoides__Podel.07G142200.1.v2.1	Populus_deltoides	Chr7	15084444	15092194
Populus_deltoides__Podel.08G016000.1.v2.1	Populus_deltoides	Chr8	1081640	1087784
Populus_deltoides__Podel.08G024100.1.v2.1	Populus_deltoides	Chr8	1456522	1462890
Populus_deltoides__Podel.08G126200.1.v2.1	Populus_deltoides	Chr8	8502068	8512633
Populus_deltoides__Podel.08G134200.1.v2.1	Populus_deltoides	Chr8	9086221	9090828
Populus_deltoides__Podel.08G139300.1.v2.1	Populus_deltoides	Chr8	9457236	9466236
Populus_deltoides__Podel.09G016800.1.v2.1	Populus_deltoides	Chr9	2736814	2743132
Populus_deltoides__Podel.09G076700.1.v2.1	Populus_deltoides	Chr9	7291290	7296190
Populus_deltoides__Podel.09G076800.1.v2.1	Populus_deltoides	Chr9	7296136	7301343
Populus_deltoides__Podel.09G104000.1.v2.1	Populus_deltoides	Chr9	9108430	9115326
Populus_deltoides__Podel.09G125000.1.v2.1	Populus_deltoides	Chr9	10354214	10358686
Populus_deltoides__Podel.09G130600.1.v2.1	Populus_deltoides	Chr9	10736475	10743307
Populus_deltoides__Podel.09G140100.1.v2.1	Populus_deltoides	Chr9	11199931	11205291
Populus_deltoides__Podel.09G170300.1.v2.1	Populus_deltoides	Chr9	13025440	13036165
Populus_deltoides__Podel.09G170500.1.v2.1	Populus_deltoides	Chr9	13047466	13053361
Populus_deltoides__Podel.T273900.1.v2.1	Populus_deltoides	Scaffold_000060	0	5374
Populus_deltoides__Podel.T107700.1.v2.1	Populus_deltoides	Scaffold_000224	15778	20212
Populus_deltoides__Podel.T107800.1.v2.1	Populus_deltoides	Scaffold_000224	17792	22230
Populus_deltoides__Podel.T188200.1.v2.1	Populus_deltoides	Scaffold_000456	27385	32941
Populus_deltoides__Podel.T202900.1.v2.1	Populus_deltoides	Scaffold_000505	18850	25516
Populus_deltoides__Podel.T050600.1.v2.1	Populus_deltoides	Scaffold_001102	3187	8212
Populus_euphratica__Poeup00835.t1	Populus_euphratica	Chr1	15076416	15082012
Populus_euphratica__Poeup00866.t1	Populus_euphratica	Chr1	15444736	15449752
Populus_euphratica__Poeup02427.t1	Populus_euphratica	Chr1	40731413	40737745
Populus_euphratica__Poeup02433.t1	Populus_euphratica	Chr1	40762833	40769185
Populus_euphratica__Poeup02919.t1	Populus_euphratica	Chr1	52540435	52545943
Populus_euphratica__GWHAAYU00000002_exon6_exon4_exon3_exon2_exon5_exon7_2dom	Populus_euphratica	Chr1	55938843	55948661
Populus_euphratica__Poeup03820.t1	Populus_euphratica	Chr1	61096629	61102893
Populus_euphratica__Poeup04226.t1	Populus_euphratica	Chr1	64535792	64546776
Populus_euphratica__Poeup04325.t1	Populus_euphratica	Chr1	65195996	65200798
Populus_euphratica__Poeup04461.t1	Populus_euphratica	Chr1	66292637	66297484
Populus_euphratica__Poeup20064.t1	Populus_euphratica	Chr10	1530913	1536979
Populus_euphratica__Poeup20146.t1	Populus_euphratica	Chr10	2168737	2173494
Populus_euphratica__Poeup20401.t1	Populus_euphratica	Chr10	3946708	3953793
Populus_euphratica__Poeup20403.t1	Populus_euphratica	Chr10	3962187	3967244
Populus_euphratica__Poeup20601.t1	Populus_euphratica	Chr10	5468349	5474915
Populus_euphratica__Poeup21438.t1	Populus_euphratica	Chr10	11968421	11974363
Populus_euphratica__Poeup21521.t1	Populus_euphratica	Chr10	12684499	12691218
Populus_euphratica__Poeup21569.t1	Populus_euphratica	Chr10	13118545	13125053
Populus_euphratica__Poeup17587.t1	Populus_euphratica	Chr11	4792448	4800063
Populus_euphratica__Poeup18543.t1	Populus_euphratica	Chr11	26808010	26813455
Populus_euphratica__Poeup29412.t1	Populus_euphratica	Chr12	959807	965491
Populus_euphratica__Poeup29645.t1	Populus_euphratica	Chr12	3115091	3119950
Populus_euphratica__Poeup29786.t1	Populus_euphratica	Chr12	5825275	5833333
Populus_euphratica__Poeup29916.t1	Populus_euphratica	Chr12	10745548	10750660
Populus_euphratica__Poeup30439.t1	Populus_euphratica	Chr12	18182946	18191569
Populus_euphratica__Poeup15583.t1	Populus_euphratica	Chr13	485950	490879
Populus_euphratica__Poeup15833.t1	Populus_euphratica	Chr13	2154639	2161678
Populus_euphratica__Poeup15834.t1	Populus_euphratica	Chr13	2166956	2172963
Populus_euphratica__Poeup16041.t1	Populus_euphratica	Chr13	4080180	4085296
Populus_euphratica__Poeup16066.t1	Populus_euphratica	Chr13	4400371	4407472
Populus_euphratica__Poeup16278.t1	Populus_euphratica	Chr13	8429303	8450469
Populus_euphratica__Poeup16415.t1	Populus_euphratica	Chr13	16430955	16436071
Populus_euphratica__Poeup16534.t1	Populus_euphratica	Chr13	19997436	20009594
Populus_euphratica__Poeup16832.t1	Populus_euphratica	Chr13	25297817	25304286
Populus_euphratica__Poeup16840.t1	Populus_euphratica	Chr13	25378580	25383858
Populus_euphratica__Poeup27401.t1	Populus_euphratica	Chr14	18601802	18606530
Populus_euphratica__Poeup27629.t1	Populus_euphratica	Chr14	20466212	20471434
Populus_euphratica__Poeup28102.t1	Populus_euphratica	Chr15	2003248	2008726
Populus_euphratica__Poeup28359.t1	Populus_euphratica	Chr15	7811054	7816289
Populus_euphratica__Poeup28714.t1	Populus_euphratica	Chr15	17078161	17082651
Populus_euphratica__Poeup28769.t1	Populus_euphratica	Chr15	17735376	17740894
Populus_euphratica__Poeup28778.t1	Populus_euphratica	Chr15	17810571	17815825
Populus_euphratica__Poeup29194.t1	Populus_euphratica	Chr15	20904414	20909534
Populus_euphratica__Poeup25318.t1	Populus_euphratica	Chr16	1373293	1381290
Populus_euphratica__Poeup25361.t1	Populus_euphratica	Chr16	2014711	2028698
Populus_euphratica__Poeup25547.t1	Populus_euphratica	Chr16	4520117	4525940
Populus_euphratica__Poeup25797.t1	Populus_euphratica	Chr16	13786234	13791420
Populus_euphratica__Poeup26094.t1	Populus_euphratica	Chr16	18361190	18367929
Populus_euphratica__Poeup23972.t1	Populus_euphratica	Chr17	1641611	1646203
Populus_euphratica__Poeup04775.t1	Populus_euphratica	Chr18	2319937	2324340
Populus_euphratica__Poeup18622.t1	Populus_euphratica	Chr19	675205	680363
Populus_euphratica__Poeup19045.t1	Populus_euphratica	Chr19	5215296	5220652
Populus_euphratica__Poeup30908.t1	Populus_euphratica	Chr2	2017213	2023748
Populus_euphratica__Poeup31292.t1	Populus_euphratica	Chr2	14374233	14379888
Populus_euphratica__Poeup31540.t1	Populus_euphratica	Chr2	17512299	17517975
Populus_euphratica__Poeup33327.t1	Populus_euphratica	Chr3	1623745	1628490
Populus_euphratica__Poeup34391.t1	Populus_euphratica	Chr3	21283999	21288966
Populus_euphratica__Poeup34395.t1	Populus_euphratica	Chr3	21332560	21339303
Populus_euphratica__Poeup34446.t1	Populus_euphratica	Chr3	21710114	21716612
Populus_euphratica__Poeup08208.t1	Populus_euphratica	Chr4	740767	747921
Populus_euphratica__Poeup08905.t1	Populus_euphratica	Chr4	7035976	7040485
Populus_euphratica__Poeup09658.t1	Populus_euphratica	Chr4	33762340	33770441
Populus_euphratica__Poeup09768.t1	Populus_euphratica	Chr4	34900074	34905593
Populus_euphratica__Poeup09810.t1	Populus_euphratica	Chr4	35295984	35301815
Populus_euphratica__GWHAAYU00000007_exon6_exon7_exon5_exon4_exon1_exon2_exon3	Populus_euphratica	Chr5	5814792	5822380
Populus_euphratica__GWHAAYU00000007_exon13	Populus_euphratica	Chr5	8499491	8504458
Populus_euphratica__Poeup14827.t1	Populus_euphratica	Chr5	28909742	28914684
Populus_euphratica__Poeup15095.t1	Populus_euphratica	Chr5	31356530	31361068
Populus_euphratica__Poeup15484.t1	Populus_euphratica	Chr5	34229405	34234861
Populus_euphratica__Poeup10846.t1	Populus_euphratica	Chr6	3341345	3346212
Populus_euphratica__Poeup11104.t1	Populus_euphratica	Chr6	5624832	5630131
Populus_euphratica__Poeup12817.t1	Populus_euphratica	Chr6	35388527	35393536
Populus_euphratica__Poeup22823.t1	Populus_euphratica	Chr7	2961516	2967458
Populus_euphratica__Poeup22971.t1	Populus_euphratica	Chr7	4747530	4753925
Populus_euphratica__Poeup23228.t1	Populus_euphratica	Chr7	12526181	12531063
Populus_euphratica__Poeup23322.t1	Populus_euphratica	Chr7	16584323	16590453
Populus_euphratica__Poeup23537.t1	Populus_euphratica	Chr7	20824520	20829844
Populus_euphratica__GWHAAYU00000012_exon20_exon6	Populus_euphratica	Chr7	21630977	21635803
Populus_euphratica__Poeup06079.t1	Populus_euphratica	Chr8	846405	853022
Populus_euphratica__Poeup06486.t1	Populus_euphratica	Chr8	3608195	3613084
Populus_euphratica__Poeup07125.t1	Populus_euphratica	Chr8	8266632	8271839
Populus_euphratica__Poeup07252.t1	Populus_euphratica	Chr8	9365770	9373473
Populus_euphratica__Poeup07500.t1	Populus_euphratica	Chr8	11458351	11463813
Populus_euphratica__Poeup35373.t1	Populus_euphratica	Chr9	2553816	2560005
Populus_euphratica__Poeup35453.t1	Populus_euphratica	Chr9	6552404	6557008
Populus_euphratica__Poeup35526.t1	Populus_euphratica	Chr9	8738299	8742747
Populus_euphratica__GWHAAYU00000019_exon1_exon6	Populus_euphratica	Chr9	9092582	9098912
Populus_euphratica__Poeup36885.t1	Populus_euphratica	Chr9	19380521	19387799
Populus_euphratica__Poeup38371.t1	Populus_euphratica	Scaffold_000489	95711	100066
Populus_euphratica__Poeup37189.t1	Populus_euphratica	Scaffold_000581	10847	15991
Populus_ilicifolia__evm.model.scaffold219_cov113.32	Populus_ilicifolia	Chr1	359244	364111
Populus_ilicifolia__evm.model.scaffold168_cov108.80	Populus_ilicifolia	Chr1	1543800	1548605
Populus_ilicifolia__evm.model.scaffold169_cov106.296	Populus_ilicifolia	Chr1	2359238	2370183
Populus_ilicifolia__evm.model.scaffold82_cov102.105	Populus_ilicifolia	Chr1	5714163	5721032
Populus_ilicifolia__evm.model.scaffold1515_cov109.21	Populus_ilicifolia	Chr1	10650977	10660909
Populus_ilicifolia__evm.model.scaffold491_cov103.5	Populus_ilicifolia	Chr1	13598878	13604412
Populus_ilicifolia__evm.model.scaffold34_cov110.5	Populus_ilicifolia	Chr1	21984173	21990509
Populus_ilicifolia__evm.model.scaffold1048_cov104.4	Populus_ilicifolia	Chr1	37228564	37233531
Populus_ilicifolia__evm.model.scaffold1242_cov106.13	Populus_ilicifolia	Chr1	37514627	37520219
Populus_ilicifolia__evm.model.scaffold926_cov107.20	Populus_ilicifolia	Chr10	397236	404363
Populus_ilicifolia__evm.model.scaffold327_cov106.15	Populus_ilicifolia	Chr10	12790177	12795693
Populus_ilicifolia__evm.model.scaffold327_cov106.94	Populus_ilicifolia	Chr10	13341335	13345942
Populus_ilicifolia__evm.model.scaffold327_cov106.172	Populus_ilicifolia	Chr10	13870750	13875186
Populus_ilicifolia__evm.model.scaffold1846_cov110.64	Populus_ilicifolia	Chr10	20309699	20315512
Populus_ilicifolia__evm.model.scaffold1846_cov110.61	Populus_ilicifolia	Chr10	20322715	20328947
Populus_ilicifolia__evm.model.scaffold408_cov108.129	Populus_ilicifolia	Chr11	2141115	2148843
Populus_ilicifolia__evm.model.scaffold184_cov104.8	Populus_ilicifolia	Chr13	2921174	2929809
Populus_ilicifolia__evm.model.scaffold951_cov116.2	Populus_ilicifolia	Chr13	8925816	8933203
Populus_ilicifolia__evm.model.scaffold46_cov108.18	Populus_ilicifolia	Chr13	12756081	12762621
Populus_ilicifolia__evm.model.scaffold717_cov110.46	Populus_ilicifolia	Chr13	15028941	15035596
Populus_ilicifolia__evm.model.scaffold356_cov103.163	Populus_ilicifolia	Chr14	306454	311112
Populus_ilicifolia__evm.model.scaffold356_cov103.131	Populus_ilicifolia	Chr14	569834	574273
Populus_ilicifolia__evm.model.scaffold356_cov103.3	Populus_ilicifolia	Chr14	1496011	1502983
Populus_ilicifolia__evm.model.scaffold352_cov102.211	Populus_ilicifolia	Chr14	5931815	5939796
Populus_ilicifolia__evm.model.scaffold118_cov101.47	Populus_ilicifolia	Chr14	7956448	7960872
Populus_ilicifolia__evm.model.scaffold4416_cov112.1	Populus_ilicifolia	Chr15	5633075	5637712
Populus_ilicifolia__evm.model.scaffold1873_cov107.33	Populus_ilicifolia	Chr16	1384136	1389919
Populus_ilicifolia__evm.model.scaffold298_cov112.12	Populus_ilicifolia	Chr16	1806623	1813521
Populus_ilicifolia__evm.model.scaffold185_cov102.186	Populus_ilicifolia	Chr16	2209427	2217915
Populus_ilicifolia__evm.model.scaffold185_cov102.77	Populus_ilicifolia	Chr16	3163946	3173188
Populus_ilicifolia__evm.model.scaffold123_cov104.9	Populus_ilicifolia	Chr16	11883840	11890053
Populus_ilicifolia__evm.model.scaffold407_cov105.91	Populus_ilicifolia	Chr17	1357979	1365840
Populus_ilicifolia__evm.model.scaffold203_cov105.62	Populus_ilicifolia	Chr17	10615638	10620224
Populus_ilicifolia__evm.model.scaffold363_cov103.137	Populus_ilicifolia	Chr18	1927028	1933112
Populus_ilicifolia__evm.model.scaffold38_cov107.34	Populus_ilicifolia	Chr19	12207948	12214741
Populus_ilicifolia__evm.model.scaffold47_cov104.156	Populus_ilicifolia	Chr2	1967284	1971759
Populus_ilicifolia__evm.model.scaffold47_cov104.21	Populus_ilicifolia	Chr2	2845992	2853022
Populus_ilicifolia__evm.model.scaffold336_cov105.14	Populus_ilicifolia	Chr2	4613374	4621233
Populus_ilicifolia__evm.model.scaffold5_cov102.260	Populus_ilicifolia	Chr2	4806663	4815070
Populus_ilicifolia__evm.model.scaffold5_cov102.49	Populus_ilicifolia	Chr2	6456894	6463944
Populus_ilicifolia__evm.model.scaffold5_cov102.48	Populus_ilicifolia	Chr2	6470245	6475626
Populus_ilicifolia__evm.model.scaffold164_cov102.199	Populus_ilicifolia	Chr2	8686012	8690460
Populus_ilicifolia__evm.model.scaffold164_cov102.297	Populus_ilicifolia	Chr2	9371730	9380149
Populus_ilicifolia__evm.model.scaffold130_cov102.107	Populus_ilicifolia	Chr2	12486645	12493852
Populus_ilicifolia__evm.model.scaffold687_cov105.32	Populus_ilicifolia	Chr2	15383235	15387674
Populus_ilicifolia__evm.model.scaffold2195_cov107.5	Populus_ilicifolia	Chr3	1246316	1252930
Populus_ilicifolia__evm.model.scaffold1665_cov104.5	Populus_ilicifolia	Chr3	11111551	11121262
Populus_ilicifolia__evm.model.scaffold1007_cov103.44	Populus_ilicifolia	Chr3	19015671	19025524
Populus_ilicifolia__evm.model.scaffold12_cov109.75	Populus_ilicifolia	Chr3	19606860	19611554
Populus_ilicifolia__evm.model.scaffold2971_cov84.1	Populus_ilicifolia	Chr4	11017207	11021802
Populus_ilicifolia__evm.model.scaffold401_cov111.66	Populus_ilicifolia	Chr4	16367804	16375427
Populus_ilicifolia__evm.model.scaffold428_cov103.57	Populus_ilicifolia	Chr4	18307015	18311487
Populus_ilicifolia__evm.model.scaffold428_cov103.9	Populus_ilicifolia	Chr4	18812660	18819190
Populus_ilicifolia__evm.model.scaffold152_cov107.55	Populus_ilicifolia	Chr4	19548166	19553548
Populus_ilicifolia__evm.model.scaffold360_cov106.303	Populus_ilicifolia	Chr4	21460021	21469674
Populus_ilicifolia__evm.model.scaffold360_cov106.150	Populus_ilicifolia	Chr4	22747335	22757136
Populus_ilicifolia__evm.model.scaffold37_cov106.336	Populus_ilicifolia	Chr5	2734095	2742691
Populus_ilicifolia__evm.model.scaffold37_cov106.72	Populus_ilicifolia	Chr5	4979943	4987493
Populus_ilicifolia__evm.model.scaffold526_cov104.16	Populus_ilicifolia	Chr5	7032033	7036412
Populus_ilicifolia__evm.model.scaffold526_cov104.105	Populus_ilicifolia	Chr5	7927839	7932332
Populus_ilicifolia__evm.model.scaffold601_cov109.6	Populus_ilicifolia	Chr5	8630082	8637064
Populus_ilicifolia__evm.model.scaffold933_cov112.5	Populus_ilicifolia	Chr5	16089108	16096217
Populus_ilicifolia__evm.model.scaffold48_cov100.38	Populus_ilicifolia	Chr5	18542962	18550654
Populus_ilicifolia__evm.model.scaffold48_cov100.22	Populus_ilicifolia	Chr5	18781206	18787887
Populus_ilicifolia__evm.model.scaffold96_cov103.427	Populus_ilicifolia	Chr5	20817686	20824738
Populus_ilicifolia__evm.model.scaffold96_cov103.290	Populus_ilicifolia	Chr5	21846929	21852208
Populus_ilicifolia__evm.model.scaffold96_cov103.172	Populus_ilicifolia	Chr5	22733724	22738751
Populus_ilicifolia__evm.model.scaffold96_cov103.19	Populus_ilicifolia	Chr5	23588071	23594253
Populus_ilicifolia__evm.model.scaffold894_cov107.19	Populus_ilicifolia	Chr6	1551823	1559115
Populus_ilicifolia__evm.model.scaffold894_cov107.82	Populus_ilicifolia	Chr6	1958186	1965192
Populus_ilicifolia__evm.model.scaffold894_cov107.121	Populus_ilicifolia	Chr6	2377225	2386694
Populus_ilicifolia__evm.model.scaffold258_cov104.68	Populus_ilicifolia	Chr6	3928058	3937489
Populus_ilicifolia__evm.model.scaffold262_cov103.63	Populus_ilicifolia	Chr6	5928007	5934255
Populus_ilicifolia__evm.model.scaffold10_cov104.228	Populus_ilicifolia	Chr6	8713582	8720288
Populus_ilicifolia__evm.model.scaffold365_cov106.228	Populus_ilicifolia	Chr6	23387620	23392574
Populus_ilicifolia__evm.model.scaffold365_cov106.2	Populus_ilicifolia	Chr6	25029584	25035485
Populus_ilicifolia__evm.model.scaffold3471_cov113.1	Populus_ilicifolia	Chr7	17426	21925
Populus_ilicifolia__evm.model.scaffold405_cov103.242	Populus_ilicifolia	Chr7	499383	503975
Populus_ilicifolia__evm.model.scaffold405_cov103.23	Populus_ilicifolia	Chr7	2243406	2250498
Populus_ilicifolia__evm.model.scaffold726_cov101.14	Populus_ilicifolia	Chr7	10337374	10387098
Populus_ilicifolia__evm.model.scaffold726_cov101.16	Populus_ilicifolia	Chr7	10390250	10396991
Populus_ilicifolia__evm.model.scaffold1832_cov110.20	Populus_ilicifolia	Chr8	453096	458036
Populus_ilicifolia__evm.model.scaffold730_cov109.10	Populus_ilicifolia	Chr8	799003	805315
Populus_ilicifolia__evm.model.scaffold625_cov106.54	Populus_ilicifolia	Chr8	6631201	6635637
Populus_ilicifolia__evm.model.scaffold546_cov105.65	Populus_ilicifolia	Chr8	7117076	7121683
Populus_ilicifolia__evm.model.scaffold546_cov105.16	Populus_ilicifolia	Chr8	7477329	7485749
Populus_ilicifolia__evm.model.scaffold350_cov108.12	Populus_ilicifolia	Chr9	3145905	3152236
Populus_ilicifolia__evm.model.scaffold4_cov105.294	Populus_ilicifolia	Chr9	7144372	7149232
Populus_ilicifolia__evm.model.scaffold4_cov105.293	Populus_ilicifolia	Chr9	7149322	7155694
Populus_ilicifolia__evm.model.scaffold842_cov103.75	Populus_ilicifolia	Chr9	8852231	8859738
Populus_ilicifolia__evm.model.scaffold117_cov106.117	Populus_ilicifolia	Chr9	10011950	10016422
Populus_ilicifolia__evm.model.scaffold117_cov106.178	Populus_ilicifolia	Chr9	10427790	10434584
Populus_ilicifolia__evm.model.scaffold100_cov105.25	Populus_ilicifolia	Chr9	10955317	10960664
Populus_ilicifolia__evm.model.scaffold315_cov110.36	Populus_ilicifolia	Chr9	12641518	12652342
Populus_ilicifolia__evm.model.scaffold315_cov110.38	Populus_ilicifolia	Chr9	12661796	12667987
Populus_koreana__Pokor00802.t1	Populus_koreana	Chr1	11257976	11263566
Populus_koreana__Pokor00834.t1	Populus_koreana	Chr1	11613819	11618840
Populus_koreana__Pokor02315.t2	Populus_koreana	Chr1	28157148	28162078
Populus_koreana__Pokor02860.t1	Populus_koreana	Chr1	37019871	37024327
Populus_koreana__Pokor03155.t1	Populus_koreana	Chr1	40013517	40023500
Populus_koreana__Pokor03773.t1	Populus_koreana	Chr1	45114801	45121682
Populus_koreana__Pokor04190.t2	Populus_koreana	Chr1	48742213	48753195
Populus_koreana__Pokor04295.t1	Populus_koreana	Chr1	49451778	49456580
Populus_koreana__Pokor22374.t1	Populus_koreana	Chr10	473624	479766
Populus_koreana__Pokor22447.t1	Populus_koreana	Chr10	838196	844587
Populus_koreana__Pokor23305.t1	Populus_koreana	Chr10	6655250	6659686
Populus_koreana__Pokor23376.t1	Populus_koreana	Chr10	7165211	7169815
Populus_koreana__Pokor23428.t1	Populus_koreana	Chr10	7545341	7553753
Populus_koreana__Pokor25471.t1	Populus_koreana	Chr11	14986121	14992615
Populus_koreana__Pokor25714.t1	Populus_koreana	Chr11	17501670	17508449
Populus_koreana__Pokor26387.t1	Populus_koreana	Chr12	4237893	4242476
Populus_koreana__Pokor27156.t1	Populus_koreana	Chr12	14513248	14520947
Populus_koreana__Pokor27580.t1	Populus_koreana	Chr13	3006803	3015035
Populus_koreana__Pokor28003.t2	Populus_koreana	Chr13	9500680	9508067
Populus_koreana__Pokor28292.t1	Populus_koreana	Chr13	13909771	13916317
Populus_koreana__Pokor28561.t3	Populus_koreana	Chr13	16214067	16220695
Populus_koreana__Pokor28864.t1	Populus_koreana	Chr14	2079112	2085020
Populus_koreana__Pokor30183.t1	Populus_koreana	Chr15	1722365	1728133
Populus_koreana__Pokor30244.t1	Populus_koreana	Chr15	2213394	2220284
Populus_koreana__Pokor30283.t1	Populus_koreana	Chr15	2563879	2572369
Populus_koreana__Pokor30407.t3	Populus_koreana	Chr15	3670546	3679738
Populus_koreana__LG15_exon2_exon4_exon3_exon5	Populus_koreana	Chr15	13407780	13413847
Populus_koreana__Pokor32791.t1	Populus_koreana	Chr17	1121424	1129103
Populus_koreana__Pokor33213.t2	Populus_koreana	Chr17	4533980	4541454
Populus_koreana__Pokor33775.t5	Populus_koreana	Chr17	13138134	13146512
Populus_koreana__Pokor33873.t1	Populus_koreana	Chr17	13894771	13899267
Populus_koreana__Pokor34003.t1	Populus_koreana	Chr17	14928716	14933404
Populus_koreana__Pokor34078.t1	Populus_koreana	Chr18	50305	55662
Populus_koreana__Pokor34972.t1	Populus_koreana	Chr18	9523073	9527704
Populus_koreana__Pokor35497.t1	Populus_koreana	Chr19	348029	353853
Populus_koreana__Pokor35499.t1	Populus_koreana	Chr19	364252	373297
Populus_koreana__Pokor35768.t1	Populus_koreana	Chr19	2061067	2066425
Populus_koreana__Pokor35857.t1	Populus_koreana	Chr19	2538361	2545184
Populus_koreana__Pokor35912.t1	Populus_koreana	Chr19	2924474	2928943
Populus_koreana__Pokor36089.t7	Populus_koreana	Chr19	4058078	4064398
Populus_koreana__Pokor36356.t1	Populus_koreana	Chr19	5666771	5673311
Populus_koreana__Pokor36884.t1	Populus_koreana	Chr19	9888249	9894574
Populus_koreana__Pokor04704.t2	Populus_koreana	Chr2	1700059	1704959
Populus_koreana__Pokor04768.t1	Populus_koreana	Chr2	2069222	2076274
Populus_koreana__Pokor04806.t1	Populus_koreana	Chr2	2469954	2479505
Populus_koreana__Pokor05001.t1	Populus_koreana	Chr2	4019531	4028908
Populus_koreana__Pokor05239.t1	Populus_koreana	Chr2	6039094	6045062
Populus_koreana__Pokor05542.t1	Populus_koreana	Chr2	8741929	8748633
Populus_koreana__Pokor06845.t2	Populus_koreana	Chr2	24374015	24379115
Populus_koreana__Pokor07072.t1	Populus_koreana	Chr2	26523931	26529820
Populus_koreana__Pokor07162.t1	Populus_koreana	Chr3	151800	157491
Populus_koreana__Pokor07333.t1	Populus_koreana	Chr3	1027801	1032819
Populus_koreana__Pokor07461.t1	Populus_koreana	Chr3	1911409	1916184
Populus_koreana__Pokor07593.t1	Populus_koreana	Chr3	2922708	2929692
Populus_koreana__Pokor07823.t1	Populus_koreana	Chr3	4923947	4932229
Populus_koreana__Pokor07846.t1	Populus_koreana	Chr3	5197729	5205405
Populus_koreana__Pokor08053.t1	Populus_koreana	Chr3	7628929	7635930
Populus_koreana__Pokor08451.t2	Populus_koreana	Chr3	15289012	15295997
Populus_koreana__Pokor08513.t1	Populus_koreana	Chr3	15906053	15910543
Populus_koreana__Pokor08609.t1	Populus_koreana	Chr3	16759028	16763638
Populus_koreana__Pokor08884.t4	Populus_koreana	Chr3	19291889	19299307
Populus_koreana__Pokor09174.t1	Populus_koreana	Chr3	21694264	21702991
Populus_koreana__Pokor10333.t1	Populus_koreana	Chr4	9686865	9691301
Populus_koreana__Pokor10611.t4	Populus_koreana	Chr4	12717798	12725252
Populus_koreana__Pokor11013.t1	Populus_koreana	Chr4	15918584	15925561
Populus_koreana__Pokor11111.t1	Populus_koreana	Chr4	16638520	16642965
Populus_koreana__Pokor11362.t1	Populus_koreana	Chr4	18847160	18852580
Populus_koreana__Pokor11364.t1	Populus_koreana	Chr4	18861070	18868095
Populus_koreana__Pokor11579.t1	Populus_koreana	Chr4	20582063	20590609
Populus_koreana__Pokor11600.t2	Populus_koreana	Chr4	20784517	20790958
Populus_koreana__Pokor11816.t1	Populus_koreana	Chr4	22447379	22454455
Populus_koreana__Pokor11957.t1	Populus_koreana	Chr4	23333818	23338290
Populus_koreana__Pokor12107.t2	Populus_koreana	Chr4	24318096	24322763
Populus_koreana__Pokor13333.t1	Populus_koreana	Chr5	10648258	10652850
Populus_koreana__Pokor13622.t1	Populus_koreana	Chr5	16353990	16360831
Populus_koreana__Pokor13775.t1	Populus_koreana	Chr5	17905630	17910099
Populus_koreana__Pokor13833.t1	Populus_koreana	Chr5	18392267	18398772
Populus_koreana__Pokor13937.t4	Populus_koreana	Chr5	19159304	19164112
Populus_koreana__Pokor14205.t1	Populus_koreana	Chr5	21381074	21391154
Populus_koreana__Pokor14351.t1	Populus_koreana	Chr5	22770183	22779481
Populus_koreana__Pokor14560.t1	Populus_koreana	Chr6	354901	361555
Populus_koreana__Pokor15707.t1	Populus_koreana	Chr6	14486667	14492073
Populus_koreana__Pokor15781.t1	Populus_koreana	Chr6	15077845	15082524
Populus_koreana__Pokor15850.t1	Populus_koreana	Chr6	15612799	15617232
Populus_koreana__Pokor16792.t1	Populus_koreana	Chr6	21839310	21845828
Populus_koreana__Pokor16848.t1	Populus_koreana	Chr6	22114905	22120709
Populus_koreana__Pokor16852.t1	Populus_koreana	Chr6	22126164	22132409
Populus_koreana__Pokor17035.t1	Populus_koreana	Chr7	1626646	1633227
Populus_koreana__Pokor17831.t1	Populus_koreana	Chr7	12424014	12433606
Populus_koreana__Pokor18772.t1	Populus_koreana	Chr7	19842086	19851977
Populus_koreana__Pokor18855.t2	Populus_koreana	Chr7	20454950	20459665
Populus_koreana__Pokor19878.t1	Populus_koreana	Chr8	11771854	11776275
Populus_koreana__Pokor20126.t1	Populus_koreana	Chr8	13790550	13798530
Populus_koreana__Pokor20676.t1	Populus_koreana	Chr8	18194618	18201393
Populus_koreana__Pokor20805.t1	Populus_koreana	Chr8	19200604	19205040
Populus_koreana__Pokor20825.t1	Populus_koreana	Chr8	19378303	19382988
Populus_lasiocarpa__Polas00241.t1	Populus_lasiocarpa	Chr1	1516233	1521035
Populus_lasiocarpa__Polas00336.t2	Populus_lasiocarpa	Chr1	2162600	2173585
Populus_lasiocarpa__Polas00786.t3	Populus_lasiocarpa	Chr1	6129893	6137032
Populus_lasiocarpa__Polas01408.t2	Populus_lasiocarpa	Chr1	11355062	11556429
Populus_lasiocarpa__Polas01725.t1	Populus_lasiocarpa	Chr1	14678902	14684424
Populus_lasiocarpa__Polas02308.t2	Populus_lasiocarpa	Chr1	24186573	24194064
Populus_lasiocarpa__Polas03841.t1	Populus_lasiocarpa	Chr1	40424503	40429842
Populus_lasiocarpa__Polas03877.t1	Populus_lasiocarpa	Chr1	40799759	40805357
Populus_lasiocarpa__Polas24666.t1	Populus_lasiocarpa	Chr10	10462807	10467228
Populus_lasiocarpa__Polas24928.t5	Populus_lasiocarpa	Chr10	12604002	12612176
Populus_lasiocarpa__Polas25508.t2	Populus_lasiocarpa	Chr10	17042967	17049750
Populus_lasiocarpa__Polas25649.t1	Populus_lasiocarpa	Chr10	18105239	18109675
Populus_lasiocarpa__Polas25670.t1	Populus_lasiocarpa	Chr10	18281671	18286356
Populus_lasiocarpa__Polas26037.t1	Populus_lasiocarpa	Chr11	2539035	2544949
Populus_lasiocarpa__Polas27272.t1	Populus_lasiocarpa	Chr12	488204	492943
Populus_lasiocarpa__Polas27404.t1	Populus_lasiocarpa	Chr12	1592182	1596678
Populus_lasiocarpa__Polas27497.t2	Populus_lasiocarpa	Chr12	2361225	2368303
Populus_lasiocarpa__Polas28078.t1	Populus_lasiocarpa	Chr12	11923328	11930803
Populus_lasiocarpa__Polas28500.t1	Populus_lasiocarpa	Chr12	15753932	15761642
Populus_lasiocarpa__Polas29673.t1	Populus_lasiocarpa	Chr13	14796278	14802762
Populus_lasiocarpa__Polas29929.t1	Populus_lasiocarpa	Chr13	17042396	17049159
Populus_lasiocarpa__Polas31015.t1	Populus_lasiocarpa	Chr14	11781665	11786296
Populus_lasiocarpa__Polas31910.t1	Populus_lasiocarpa	Chr15	3094671	3102575
Populus_lasiocarpa__Polas32402.t1	Populus_lasiocarpa	Chr15	10251461	10258829
Populus_lasiocarpa__LG15_exon3_exon2_exon1_exon5	Populus_lasiocarpa	Chr15	14451965	14458505
Populus_lasiocarpa__Polas32970.t3	Populus_lasiocarpa	Chr15	16575140	16581716
Populus_lasiocarpa__Polas33500.t1	Populus_lasiocarpa	Chr16	4342499	4347082
Populus_lasiocarpa__Polas34237.t1	Populus_lasiocarpa	Chr16	14398478	14406167
Populus_lasiocarpa__Polas34682.t1	Populus_lasiocarpa	Chr17	1627846	1633622
Populus_lasiocarpa__Polas34753.t1	Populus_lasiocarpa	Chr17	2055040	2061930
Populus_lasiocarpa__Polas34805.t1	Populus_lasiocarpa	Chr17	2411649	2420138
Populus_lasiocarpa__Polas34928.t1	Populus_lasiocarpa	Chr17	3395260	3404420
Populus_lasiocarpa__LG17_exon1_exon3_exon2	Populus_lasiocarpa	Chr17	14508305	14514229
Populus_lasiocarpa__Polas37371.t1	Populus_lasiocarpa	Chr19	335952	341804
Populus_lasiocarpa__Polas37373.t1	Populus_lasiocarpa	Chr19	353018	363915
Populus_lasiocarpa__Polas37652.t1	Populus_lasiocarpa	Chr19	2157463	2162822
Populus_lasiocarpa__Polas37739.t1	Populus_lasiocarpa	Chr19	2662774	2669600
Populus_lasiocarpa__Polas37794.t1	Populus_lasiocarpa	Chr19	3046214	3050683
Populus_lasiocarpa__Polas37979.t4	Populus_lasiocarpa	Chr19	4242199	4248514
Populus_lasiocarpa__Polas38244.t1	Populus_lasiocarpa	Chr19	5957686	5964233
Populus_lasiocarpa__Polas38810.t2	Populus_lasiocarpa	Chr19	10566437	10571346
Populus_lasiocarpa__Polas04789.t1	Populus_lasiocarpa	Chr2	306456	312185
Populus_lasiocarpa__Polas05071.t1	Populus_lasiocarpa	Chr2	2574736	2580734
Populus_lasiocarpa__Polas06454.t2	Populus_lasiocarpa	Chr2	18841688	18848401
Populus_lasiocarpa__Polas06776.t1	Populus_lasiocarpa	Chr2	21728373	21734335
Populus_lasiocarpa__Polas07024.t1	Populus_lasiocarpa	Chr2	23916195	23925546
Populus_lasiocarpa__Polas07236.t1	Populus_lasiocarpa	Chr2	25635258	25644834
Populus_lasiocarpa__Polas07281.t1	Populus_lasiocarpa	Chr2	26059237	26066288
Populus_lasiocarpa__Polas07347.t1	Populus_lasiocarpa	Chr2	26448802	26454563
Populus_lasiocarpa__Polas07625.t1	Populus_lasiocarpa	Chr3	176594	182282
Populus_lasiocarpa__Polas07783.t1	Populus_lasiocarpa	Chr3	1059759	1064777
Populus_lasiocarpa__Polas07914.t1	Populus_lasiocarpa	Chr3	1949388	1953857
Populus_lasiocarpa__Polas08067.t1	Populus_lasiocarpa	Chr3	3033098	3040252
Populus_lasiocarpa__Polas08298.t1	Populus_lasiocarpa	Chr3	5215102	5223382
Populus_lasiocarpa__Polas08322.t1	Populus_lasiocarpa	Chr3	5475825	5483500
Populus_lasiocarpa__Polas08542.t1	Populus_lasiocarpa	Chr3	8115353	8122399
Populus_lasiocarpa__Polas09021.t1	Populus_lasiocarpa	Chr3	16914474	16921457
Populus_lasiocarpa__Polas09091.t1	Populus_lasiocarpa	Chr3	17635294	17639784
Populus_lasiocarpa__Polas09198.t1	Populus_lasiocarpa	Chr3	18522195	18526805
Populus_lasiocarpa__Polas09491.t1	Populus_lasiocarpa	Chr3	21045896	21053343
Populus_lasiocarpa__Polas09792.t1	Populus_lasiocarpa	Chr3	23412464	23421178
Populus_lasiocarpa__Polas10923.t1	Populus_lasiocarpa	Chr4	10092108	10096544
Populus_lasiocarpa__Polas11210.t1	Populus_lasiocarpa	Chr4	13291452	13298928
Populus_lasiocarpa__Polas11639.t5	Populus_lasiocarpa	Chr4	16606029	16612659
Populus_lasiocarpa__Polas11739.t1	Populus_lasiocarpa	Chr4	17372639	17377084
Populus_lasiocarpa__Polas11998.t1	Populus_lasiocarpa	Chr4	19660718	19666146
Populus_lasiocarpa__Polas12000.t1	Populus_lasiocarpa	Chr4	19675151	19682172
Populus_lasiocarpa__Polas12218.t1	Populus_lasiocarpa	Chr4	21387024	21395562
Populus_lasiocarpa__Polas12238.t2	Populus_lasiocarpa	Chr4	21590271	21596713
Populus_lasiocarpa__Polas12463.t1	Populus_lasiocarpa	Chr4	23320269	23327356
Populus_lasiocarpa__Polas12599.t1	Populus_lasiocarpa	Chr4	24235486	24239958
Populus_lasiocarpa__Polas13981.t1	Populus_lasiocarpa	Chr5	10863308	10867900
Populus_lasiocarpa__Polas14286.t1	Populus_lasiocarpa	Chr5	16748705	16755530
Populus_lasiocarpa__Polas14449.t1	Populus_lasiocarpa	Chr5	18425065	18429534
Populus_lasiocarpa__Polas14509.t1	Populus_lasiocarpa	Chr5	18946063	18952570
Populus_lasiocarpa__Polas14621.t1	Populus_lasiocarpa	Chr5	19664131	19669509
Populus_lasiocarpa__Polas14914.t1	Populus_lasiocarpa	Chr5	22231573	22241826
Populus_lasiocarpa__Polas15062.t1	Populus_lasiocarpa	Chr5	23502630	23511913
Populus_lasiocarpa__Polas15321.t1	Populus_lasiocarpa	Chr6	443968	450216
Populus_lasiocarpa__Polas15326.t1	Populus_lasiocarpa	Chr6	455512	461312
Populus_lasiocarpa__Polas16386.t1	Populus_lasiocarpa	Chr6	7290133	7294566
Populus_lasiocarpa__Polas16456.t1	Populus_lasiocarpa	Chr6	7820066	7824676
Populus_lasiocarpa__Polas17748.t1	Populus_lasiocarpa	Chr6	22298908	22305277
Populus_lasiocarpa__Polas17904.t1	Populus_lasiocarpa	Chr7	1287274	1293876
Populus_lasiocarpa__Polas18714.t1	Populus_lasiocarpa	Chr7	12490524	12500478
Populus_lasiocarpa__Polas19732.t1	Populus_lasiocarpa	Chr7	20389472	20399329
Populus_lasiocarpa__Polas19846.t2	Populus_lasiocarpa	Chr7	21406641	21411356
Populus_lasiocarpa__Polas21226.t1	Populus_lasiocarpa	Chr8	13264240	13272647
Populus_lasiocarpa__Polas21280.t1	Populus_lasiocarpa	Chr8	13644239	13648843
Populus_lasiocarpa__Polas21358.t1	Populus_lasiocarpa	Chr8	14140005	14144438
Populus_lasiocarpa__Polas22270.t1	Populus_lasiocarpa	Chr8	20162960	20169338
Populus_lasiocarpa__Polas22349.t1	Populus_lasiocarpa	Chr8	20525406	20531550
Populus_pruinosa__PprTF01G0179.1	Populus_pruinosa	Chr1	1619598	1624403
Populus_pruinosa__PprTF01G0266.1	Populus_pruinosa	Chr1	2299300	2310266
Populus_pruinosa__PprTF01G0624.1	Populus_pruinosa	Chr1	5689242	5696034
Populus_pruinosa__PprTF01G1160.1	Populus_pruinosa	Chr1	10836049	10845837
Populus_pruinosa__PprTF01G1431.1	Populus_pruinosa	Chr1	14033495	14039008
Populus_pruinosa__PprTF01G1868.1	Populus_pruinosa	Chr1	26310399	26316734
Populus_pruinosa__PprTF01G3123.1	Populus_pruinosa	Chr1	45558701	45563739
Populus_pruinosa__PprTF01G3154.1	Populus_pruinosa	Chr1	46079218	46084825
Populus_pruinosa__PprTF10G0074.1	Populus_pruinosa	Chr10	412722	418927
Populus_pruinosa__PprTF10G0077.1	Populus_pruinosa	Chr10	427357	433110
Populus_pruinosa__PprTF10G0131.1	Populus_pruinosa	Chr10	708827	717952
Populus_pruinosa__PprTF10G0995.1	Populus_pruinosa	Chr10	7081102	7085538
Populus_pruinosa__Chr10_exon1	Populus_pruinosa	Chr10	7636456	7641059
Populus_pruinosa__PprTF10G2160.1	Populus_pruinosa	Chr10	25231490	25238582
Populus_pruinosa__PprTF13G0347.1	Populus_pruinosa	Chr13	3001835	3010427
Populus_pruinosa__PprTF13G0736.1	Populus_pruinosa	Chr13	13244179	13251583
Populus_pruinosa__PprTF13G0979.1	Populus_pruinosa	Chr13	18558013	18564564
Populus_pruinosa__PprTF13G1197.1	Populus_pruinosa	Chr13	20708497	20715130
Populus_pruinosa__PprTF14G0638.1	Populus_pruinosa	Chr14	13440336	13444760
Populus_pruinosa__PprTF14G0885.1	Populus_pruinosa	Chr14	15549923	15557870
Populus_pruinosa__PprTF14G1397.1	Populus_pruinosa	Chr14	19904368	19910662
Populus_pruinosa__PprTF14G1510.1	Populus_pruinosa	Chr14	20881010	20885449
Populus_pruinosa__PprTF14G1544.1	Populus_pruinosa	Chr14	21144951	21149636
Populus_pruinosa__PprTF15G0408.1	Populus_pruinosa	Chr15	6483666	6488303
Populus_pruinosa__PprTF16G0239.1	Populus_pruinosa	Chr16	1925852	1932746
Populus_pruinosa__PprTF16G0273.1	Populus_pruinosa	Chr16	2264689	2273176
Populus_pruinosa__PprTF16G0373.1	Populus_pruinosa	Chr16	3329053	3337452
Populus_pruinosa__PprTF17G0126.1	Populus_pruinosa	Chr17	2261736	2269467
Populus_pruinosa__PprTF18G0212.1	Populus_pruinosa	Chr18	2160523	2166098
Populus_pruinosa__PprTF19G0581.1	Populus_pruinosa	Chr19	12956136	12962643
Populus_pruinosa__PprTF19G0754.1	Populus_pruinosa	Chr19	15133121	15139923
Populus_pruinosa__PprTF02G0284.1	Populus_pruinosa	Chr2	1990099	1994574
Populus_pruinosa__PprTF02G0409.1	Populus_pruinosa	Chr2	2893690	2900752
Populus_pruinosa__PprTF02G0617.1	Populus_pruinosa	Chr2	4634039	4640443
Populus_pruinosa__PprTF02G0637.1	Populus_pruinosa	Chr2	4849866	4858355
Populus_pruinosa__PprTF02G0832.1	Populus_pruinosa	Chr2	6566063	6573124
Populus_pruinosa__PprTF02G0833.1	Populus_pruinosa	Chr2	6579363	6584760
Populus_pruinosa__PprTF02G1062.1	Populus_pruinosa	Chr2	8837113	8841561
Populus_pruinosa__PprTF02G1156.1	Populus_pruinosa	Chr2	9554207	9560835
Populus_pruinosa__PprTF02G1525.1	Populus_pruinosa	Chr2	12754084	12761702
Populus_pruinosa__PprTF02G1769.1	Populus_pruinosa	Chr2	16024848	16029287
Populus_pruinosa__PprTF03G0087.1	Populus_pruinosa	Chr3	1531475	1538172
Populus_pruinosa__PprTF03G0748.1	Populus_pruinosa	Chr3	15715896	15725613
Populus_pruinosa__PprTF03G1654.1	Populus_pruinosa	Chr3	23171472	23181319
Populus_pruinosa__PprTF03G1727.1	Populus_pruinosa	Chr3	23785008	23789717
Populus_pruinosa__PprTF04G0874.1	Populus_pruinosa	Chr4	11677185	11681780
Populus_pruinosa__PprTF04G1093.1	Populus_pruinosa	Chr4	23098587	23108114
Populus_pruinosa__PprTF04G1247.1	Populus_pruinosa	Chr4	25377227	25381699
Populus_pruinosa__PprTF04G1294.1	Populus_pruinosa	Chr4	25884970	25891474
Populus_pruinosa__PprTF04G1381.1	Populus_pruinosa	Chr4	26728908	26733719
Populus_pruinosa__PprTF04G1606.1	Populus_pruinosa	Chr4	28967545	28977202
Populus_pruinosa__PprTF04G1737.1	Populus_pruinosa	Chr4	30314807	30324692
Populus_pruinosa__PprTF05G0355.1	Populus_pruinosa	Chr5	2982708	2987657
Populus_pruinosa__PprTF05G0599.1	Populus_pruinosa	Chr5	5320292	5327690
Populus_pruinosa__PprTF05G0847.1	Populus_pruinosa	Chr5	8095636	8100348
Populus_pruinosa__PprTF05G0935.1	Populus_pruinosa	Chr5	9049654	9054147
Populus_pruinosa__PprTF05G0997.1	Populus_pruinosa	Chr5	9856075	9863052
Populus_pruinosa__PprTF05G1301.1	Populus_pruinosa	Chr5	23275160	23282230
Populus_pruinosa__PprTF05G1494.1	Populus_pruinosa	Chr5	26053178	26060884
Populus_pruinosa__PprTF05G1515.1	Populus_pruinosa	Chr5	26302298	26310569
Populus_pruinosa__PprTF05G1738.1	Populus_pruinosa	Chr5	28338211	28345276
Populus_pruinosa__PprTF05G1865.1	Populus_pruinosa	Chr5	29408760	29413238
Populus_pruinosa__PprTF05G1985.1	Populus_pruinosa	Chr5	30333010	30338032
Populus_pruinosa__PprTF05G2126.1	Populus_pruinosa	Chr5	31201740	31207406
Populus_pruinosa__PprTF06G0192.1	Populus_pruinosa	Chr6	1822191	1827897
Populus_pruinosa__PprTF06G0248.1	Populus_pruinosa	Chr6	2194059	2201118
Populus_pruinosa__PprTF06G0288.1	Populus_pruinosa	Chr6	2697952	2707471
Populus_pruinosa__PprTF06G0476.1	Populus_pruinosa	Chr6	4354096	4363545
Populus_pruinosa__PprTF06G0702.1	Populus_pruinosa	Chr6	6400505	6406750
Populus_pruinosa__PprTF06G0967.1	Populus_pruinosa	Chr6	9518671	9525485
Populus_pruinosa__PprTF06G2103.1	Populus_pruinosa	Chr6	32077531	32084088
Populus_pruinosa__PprTF06G2310.1	Populus_pruinosa	Chr6	33936352	33942089
Populus_pruinosa__PprTF07G0062.1	Populus_pruinosa	Chr7	474199	478869
Populus_pruinosa__PprTF07G0182.1	Populus_pruinosa	Chr7	1537877	1542130
Populus_pruinosa__PprTF07G0186.1	Populus_pruinosa	Chr7	1566894	1571393
Populus_pruinosa__PprTF07G0271.1	Populus_pruinosa	Chr7	2348114	2355244
Populus_pruinosa__Chr7_exon13_exon12_exon25_exon1_exon7_exon11	Populus_pruinosa	Chr7	15475226	15482748
Populus_pruinosa__PprTF07G0737.1	Populus_pruinosa	Chr7	15520010	15524280
Populus_pruinosa__PprTF07G0738.1	Populus_pruinosa	Chr7	15528578	15533091
Populus_pruinosa__PprTF07G1080.1	Populus_pruinosa	Chr7	19210551	19218301
Populus_pruinosa__PprTF08G0080.1	Populus_pruinosa	Chr8	458289	464445
Populus_pruinosa__PprTF08G0148.1	Populus_pruinosa	Chr8	829947	836284
Populus_pruinosa__PprTF08G0945.1	Populus_pruinosa	Chr8	6771659	6776193
Populus_pruinosa__PprTF08G1009.1	Populus_pruinosa	Chr8	7264067	7268674
Populus_pruinosa__PprTF08G1056.1	Populus_pruinosa	Chr8	7633751	7642219
Populus_pruinosa__PprTF09G0182.1	Populus_pruinosa	Chr9	7159047	7165420
Populus_pruinosa__PprTF09G0691.1	Populus_pruinosa	Chr9	11998124	12002982
Populus_pruinosa__PprTF09G0692.1	Populus_pruinosa	Chr9	12002834	12009445
Populus_pruinosa__PprTF09G0934.1	Populus_pruinosa	Chr9	13767834	13774753
Populus_pruinosa__PprTF09G1109.1	Populus_pruinosa	Chr9	15039764	15044236
Populus_pruinosa__PprTF09G1167.1	Populus_pruinosa	Chr9	15449057	15455849
Populus_pruinosa__PprTF09G1244.1	Populus_pruinosa	Chr9	15966248	15971047
Populus_pruinosa__PprTF09G1503.1	Populus_pruinosa	Chr9	17689332	17700098
Populus_pruinosa__PprTF09G1505.1	Populus_pruinosa	Chr9	17709890	17715723
Populus_pseudoglauca__Popse00863.t1	Populus_pseudoglauca	Chr1	11437917	11443509
Populus_pseudoglauca__Popse00894.t1	Populus_pseudoglauca	Chr1	11798684	11803701
Populus_pseudoglauca__Popse02422.t2	Populus_pseudoglauca	Chr1	29365725	29370649
Populus_pseudoglauca__Popse02970.t1	Populus_pseudoglauca	Chr1	39321607	39326054
Populus_pseudoglauca__Popse03272.t1	Populus_pseudoglauca	Chr1	42450679	42460654
Populus_pseudoglauca__Popse03871.t1	Populus_pseudoglauca	Chr1	47614268	47620976
Populus_pseudoglauca__Popse04333.t2	Populus_pseudoglauca	Chr1	52069296	52080277
Populus_pseudoglauca__Popse04443.t1	Populus_pseudoglauca	Chr1	52783837	52788639
Populus_pseudoglauca__Popse23865.t1	Populus_pseudoglauca	Chr10	12172954	12177375
Populus_pseudoglauca__Popse24122.t6	Populus_pseudoglauca	Chr10	14304701	14312863
Populus_pseudoglauca__Popse24692.t2	Populus_pseudoglauca	Chr10	18750664	18757444
Populus_pseudoglauca__Popse24818.t1	Populus_pseudoglauca	Chr10	19784235	19788671
Populus_pseudoglauca__Popse24837.t1	Populus_pseudoglauca	Chr10	19972220	19976905
Populus_pseudoglauca__Popse24956.t1	Populus_pseudoglauca	Chr11	302720	308767
Populus_pseudoglauca__Popse25052.t3	Populus_pseudoglauca	Chr11	688783	695175
Populus_pseudoglauca__Popse25944.t1	Populus_pseudoglauca	Chr11	6680999	6685432
Populus_pseudoglauca__Popse26013.t1	Populus_pseudoglauca	Chr11	7187794	7192398
Populus_pseudoglauca__Popse26066.t1	Populus_pseudoglauca	Chr11	7567383	7576635
Populus_pseudoglauca__Popse27260.t3	Populus_pseudoglauca	Chr12	445664	452354
Populus_pseudoglauca__LG12_exon3_exon2_exon1_exon5	Populus_pseudoglauca	Chr12	2891489	2898032
Populus_pseudoglauca__Popse27809.t2	Populus_pseudoglauca	Chr12	7058679	7066062
Populus_pseudoglauca__Popse28384.t1	Populus_pseudoglauca	Chr12	15570490	15579069
Populus_pseudoglauca__Popse29992.t6	Populus_pseudoglauca	Chr13	15570718	15575770
Populus_pseudoglauca__Popse30427.t1	Populus_pseudoglauca	Chr14	1228997	1236642
Populus_pseudoglauca__Popse30879.t2	Populus_pseudoglauca	Chr14	5230559	5238042
Populus_pseudoglauca__Popse31470.t1	Populus_pseudoglauca	Chr14	15729649	15736720
Populus_pseudoglauca__Popse31567.t1	Populus_pseudoglauca	Chr14	16501657	16506153
Populus_pseudoglauca__Popse31692.t1	Populus_pseudoglauca	Chr14	17565175	17569914
Populus_pseudoglauca__Popse32258.t1	Populus_pseudoglauca	Chr15	5490275	5494906
Populus_pseudoglauca__Popse33456.t1	Populus_pseudoglauca	Chr16	2386370	2394113
Populus_pseudoglauca__Popse34228.t1	Populus_pseudoglauca	Chr16	12834460	12839043
Populus_pseudoglauca__Popse35011.t1	Populus_pseudoglauca	Chr17	2456066	2462644
Populus_pseudoglauca__Popse35754.t1	Populus_pseudoglauca	Chr17	13258890	13268089
Populus_pseudoglauca__Popse35884.t1	Populus_pseudoglauca	Chr17	14480403	14489629
Populus_pseudoglauca__Popse35928.t1	Populus_pseudoglauca	Chr17	14842132	14849021
Populus_pseudoglauca__Popse35995.t1	Populus_pseudoglauca	Chr17	15346918	15352696
Populus_pseudoglauca__Popse37814.t1	Populus_pseudoglauca	Chr19	2744098	2750426
Populus_pseudoglauca__Popse38343.t1	Populus_pseudoglauca	Chr19	7191733	7196627
Populus_pseudoglauca__Popse38344.t1	Populus_pseudoglauca	Chr19	7197633	7204184
Populus_pseudoglauca__Popse38608.t10	Populus_pseudoglauca	Chr19	8909167	8915504
Populus_pseudoglauca__Popse38800.t1	Populus_pseudoglauca	Chr19	10094409	10098878
Populus_pseudoglauca__Popse38861.t1	Populus_pseudoglauca	Chr19	10516817	10523645
Populus_pseudoglauca__Popse38948.t1	Populus_pseudoglauca	Chr19	11055252	11060604
Populus_pseudoglauca__Popse39227.t1	Populus_pseudoglauca	Chr19	12832232	12843076
Populus_pseudoglauca__Popse39229.t1	Populus_pseudoglauca	Chr19	12853717	12859565
Populus_pseudoglauca__Popse04944.t2	Populus_pseudoglauca	Chr2	1871464	1876412
Populus_pseudoglauca__Popse05016.t1	Populus_pseudoglauca	Chr2	2321727	2328782
Populus_pseudoglauca__Popse05058.t2	Populus_pseudoglauca	Chr2	2730476	2740031
Populus_pseudoglauca__Popse05248.t2	Populus_pseudoglauca	Chr2	4343578	4352902
Populus_pseudoglauca__Popse05491.t1	Populus_pseudoglauca	Chr2	6426753	6432710
Populus_pseudoglauca__Popse05802.t1	Populus_pseudoglauca	Chr2	9267846	9274544
Populus_pseudoglauca__Popse07149.t1	Populus_pseudoglauca	Chr2	26721149	26727136
Populus_pseudoglauca__Popse07412.t2	Populus_pseudoglauca	Chr2	29395916	29401648
Populus_pseudoglauca__Popse07661.t1	Populus_pseudoglauca	Chr3	2059812	2069260
Populus_pseudoglauca__Popse07823.t1	Populus_pseudoglauca	Chr3	3672383	3682594
Populus_pseudoglauca__Popse08126.t1	Populus_pseudoglauca	Chr3	6458496	6463862
Populus_pseudoglauca__Popse08231.t1	Populus_pseudoglauca	Chr3	7523283	7529801
Populus_pseudoglauca__Popse08286.t1	Populus_pseudoglauca	Chr3	8009093	8013562
Populus_pseudoglauca__Popse08451.t1	Populus_pseudoglauca	Chr3	9656792	9663625
Populus_pseudoglauca__Popse08784.t1	Populus_pseudoglauca	Chr3	16117097	16121689
Populus_pseudoglauca__Popse10274.t1	Populus_pseudoglauca	Chr4	2177570	2182042
Populus_pseudoglauca__Popse10416.t1	Populus_pseudoglauca	Chr4	3080673	3087746
Populus_pseudoglauca__Popse10640.t2	Populus_pseudoglauca	Chr4	4790065	4796496
Populus_pseudoglauca__Popse10662.t1	Populus_pseudoglauca	Chr4	4981945	4990487
Populus_pseudoglauca__Popse10873.t2	Populus_pseudoglauca	Chr4	6729055	6736080
Populus_pseudoglauca__Popse10874.t1	Populus_pseudoglauca	Chr4	6744800	6750212
Populus_pseudoglauca__Popse11135.t1	Populus_pseudoglauca	Chr4	9023348	9027793
Populus_pseudoglauca__Popse11232.t3	Populus_pseudoglauca	Chr4	9762103	9768689
Populus_pseudoglauca__Popse11648.t1	Populus_pseudoglauca	Chr4	13104612	13112099
Populus_pseudoglauca__Popse11926.t1	Populus_pseudoglauca	Chr4	16503416	16507852
Populus_pseudoglauca__Popse12700.t1	Populus_pseudoglauca	Chr5	180449	186133
Populus_pseudoglauca__Popse12864.t2	Populus_pseudoglauca	Chr5	1075950	1080969
Populus_pseudoglauca__Popse12995.t1	Populus_pseudoglauca	Chr5	1991738	1996207
Populus_pseudoglauca__Popse13132.t2	Populus_pseudoglauca	Chr5	3109831	3116927
Populus_pseudoglauca__Popse13368.t1	Populus_pseudoglauca	Chr5	5226675	5234958
Populus_pseudoglauca__Popse13385.t1	Populus_pseudoglauca	Chr5	5459437	5467161
Populus_pseudoglauca__Popse13593.t1	Populus_pseudoglauca	Chr5	7959016	7966050
Populus_pseudoglauca__Popse14019.t2	Populus_pseudoglauca	Chr5	15931330	15938271
Populus_pseudoglauca__Popse14079.t1	Populus_pseudoglauca	Chr5	16592852	16597342
Populus_pseudoglauca__Popse14174.t1	Populus_pseudoglauca	Chr5	17707350	17711960
Populus_pseudoglauca__Popse14446.t3	Populus_pseudoglauca	Chr5	20478520	20485935
Populus_pseudoglauca__Popse14728.t1	Populus_pseudoglauca	Chr5	22793376	22801992
Populus_pseudoglauca__Popse15326.t1	Populus_pseudoglauca	Chr6	1662579	1669157
Populus_pseudoglauca__Popse15351.t1	Populus_pseudoglauca	Chr6	1956355	1962969
Populus_pseudoglauca__Popse16203.t1	Populus_pseudoglauca	Chr6	15081904	15091595
Populus_pseudoglauca__Popse17162.t1	Populus_pseudoglauca	Chr6	23341955	23351844
Populus_pseudoglauca__Popse17251.t2	Populus_pseudoglauca	Chr6	23990131	23994846
Populus_pseudoglauca__Popse17541.t1	Populus_pseudoglauca	Chr7	401193	407749
Populus_pseudoglauca__Popse18821.t1	Populus_pseudoglauca	Chr7	15112098	15116702
Populus_pseudoglauca__Popse18891.t1	Populus_pseudoglauca	Chr7	15652150	15656583
Populus_pseudoglauca__Popse19847.t1	Populus_pseudoglauca	Chr7	22131291	22137810
Populus_pseudoglauca__Popse19905.t1	Populus_pseudoglauca	Chr7	22427387	22433177
Populus_pseudoglauca__Popse19909.t1	Populus_pseudoglauca	Chr7	22439090	22445316
Populus_pseudoglauca__Popse20060.t1	Populus_pseudoglauca	Chr8	327173	333959
Populus_pseudoglauca__Popse20327.t1	Populus_pseudoglauca	Chr8	3013047	3019544
Populus_qiongdaoensis__Poqio00925.t1	Populus_qiongdaoensis	Chr1	6330895	6335895
Populus_qiongdaoensis__Poqio00963.t1	Populus_qiongdaoensis	Chr1	6821202	6826219
Populus_qiongdaoensis__Poqio02675.t1	Populus_qiongdaoensis	Chr1	25906301	25911112
Populus_qiongdaoensis__Poqio03623.t1	Populus_qiongdaoensis	Chr1	38827677	38836550
Populus_qiongdaoensis__Poqio04355.t1	Populus_qiongdaoensis	Chr1	45212800	45217727
Populus_qiongdaoensis__Poqio39000.t1	Populus_qiongdaoensis	Chr10	2443128	2450969
Populus_qiongdaoensis__Poqio08268.t1	Populus_qiongdaoensis	Chr10	11695677	11700377
Populus_qiongdaoensis__Poqio08269.t1	Populus_qiongdaoensis	Chr10	11731345	11735901
Populus_qiongdaoensis__Poqio08372.t1	Populus_qiongdaoensis	Chr10	12665545	12674795
Populus_qiongdaoensis__Poqio09499.t1	Populus_qiongdaoensis	Chr10	20990907	20996619
Populus_qiongdaoensis__Poqio24221.t1	Populus_qiongdaoensis	Chr11	829175	834753
Populus_qiongdaoensis__Poqio24131.t1	Populus_qiongdaoensis	Chr11	1629559	1635857
Populus_qiongdaoensis__Poqio24064.t1	Populus_qiongdaoensis	Chr11	2105694	2110347
Populus_qiongdaoensis__Poqio23859.t1	Populus_qiongdaoensis	Chr11	3968520	3973878
Populus_qiongdaoensis__Poqio23539.t1	Populus_qiongdaoensis	Chr11	8235461	8239891
Populus_qiongdaoensis__Poqio35234.t1	Populus_qiongdaoensis	Chr12	6675885	6680789
Populus_qiongdaoensis__Poqio33336.t1	Populus_qiongdaoensis	Chr13	1807486	1813014
Populus_qiongdaoensis__Poqio34145.t1	Populus_qiongdaoensis	Chr13	11352415	11357647
Populus_qiongdaoensis__Poqio37565.t1	Populus_qiongdaoensis	Chr14	221779	229894
Populus_qiongdaoensis__Poqio38431.t1	Populus_qiongdaoensis	Chr14	11378776	11389090
Populus_qiongdaoensis__Poqio31811.t1	Populus_qiongdaoensis	Chr15	1335244	1341702
Populus_qiongdaoensis__Poqio32104.t1	Populus_qiongdaoensis	Chr15	3966672	3971855
Populus_qiongdaoensis__Poqio32198.t1	Populus_qiongdaoensis	Chr15	4697860	4704647
Populus_qiongdaoensis__Poqio32232.t1	Populus_qiongdaoensis	Chr15	4978084	4985098
Populus_qiongdaoensis__Poqio33031.t1	Populus_qiongdaoensis	Chr15	8719216	8724916
Populus_qiongdaoensis__Poqio33030.t1	Populus_qiongdaoensis	Chr15	8723677	8733594
Populus_qiongdaoensis__Poqio36239.t1	Populus_qiongdaoensis	Chr16	6555889	6561458
Populus_qiongdaoensis__Poqio36105.t1	Populus_qiongdaoensis	Chr16	7992901	8006585
Populus_qiongdaoensis__Poqio36060.t1	Populus_qiongdaoensis	Chr16	9006029	9014472
Populus_qiongdaoensis__Poqio35982.t1	Populus_qiongdaoensis	Chr16	9870111	9877252
Populus_qiongdaoensis__Poqio31073.t1	Populus_qiongdaoensis	Chr17	5399010	5404533
Populus_qiongdaoensis__Poqio24543.t1	Populus_qiongdaoensis	Chr19	1952450	1958296
Populus_qiongdaoensis__Poqio24544.t1	Populus_qiongdaoensis	Chr19	2008607	2014031
Populus_qiongdaoensis__Poqio24546.t1	Populus_qiongdaoensis	Chr19	2022498	2029196
Populus_qiongdaoensis__Poqio15123.t1	Populus_qiongdaoensis	Chr2	4727546	4733786
Populus_qiongdaoensis__Poqio14830.t1	Populus_qiongdaoensis	Chr2	8711099	8716646
Populus_qiongdaoensis__Poqio14530.t1	Populus_qiongdaoensis	Chr2	11852698	11857440
Populus_qiongdaoensis__Poqio14412.t1	Populus_qiongdaoensis	Chr2	12833769	12838671
Populus_qiongdaoensis__Poqio14343.t1	Populus_qiongdaoensis	Chr2	13361144	13368547
Populus_qiongdaoensis__Poqio14061.t1	Populus_qiongdaoensis	Chr2	15490292	15495376
Populus_qiongdaoensis__Poqio13823.t1	Populus_qiongdaoensis	Chr2	17636993	17642404
Populus_qiongdaoensis__Poqio13798.t1	Populus_qiongdaoensis	Chr2	17854694	17859640
Populus_qiongdaoensis__Poqio13476.t1	Populus_qiongdaoensis	Chr2	20579599	20584515
Populus_qiongdaoensis__Poqio13302.t1	Populus_qiongdaoensis	Chr2	21904186	21910885
Populus_qiongdaoensis__Poqio13163.t1	Populus_qiongdaoensis	Chr2	22843070	22849160
Populus_qiongdaoensis__Poqio12969.t1	Populus_qiongdaoensis	Chr2	24112816	24117738
Populus_qiongdaoensis__Poqio21516.t1	Populus_qiongdaoensis	Chr3	7488779	7495353
Populus_qiongdaoensis__Poqio21578.t1	Populus_qiongdaoensis	Chr3	7961925	7966529
Populus_qiongdaoensis__Poqio21650.t1	Populus_qiongdaoensis	Chr3	8509333	8514907
Populus_qiongdaoensis__Poqio20464.t1	Populus_qiongdaoensis	Chr4	482284	487879
Populus_qiongdaoensis__Poqio20369.t1	Populus_qiongdaoensis	Chr4	1432521	1441101
Populus_qiongdaoensis__Poqio20064.t1	Populus_qiongdaoensis	Chr4	4508644	4522414
Populus_qiongdaoensis__Poqio19552.t1	Populus_qiongdaoensis	Chr4	8947659	8958472
Populus_qiongdaoensis__Poqio18886.t1	Populus_qiongdaoensis	Chr4	17457119	17463046
Populus_qiongdaoensis__Poqio18768.t1	Populus_qiongdaoensis	Chr4	18341342	18345979
Populus_qiongdaoensis__Poqio18615.t1	Populus_qiongdaoensis	Chr4	19903716	19908305
Populus_qiongdaoensis__Poqio18290.t1	Populus_qiongdaoensis	Chr4	22685453	22690216
Populus_qiongdaoensis__Poqio18289.t1	Populus_qiongdaoensis	Chr4	22697405	22702207
Populus_qiongdaoensis__Poqio17942.t1	Populus_qiongdaoensis	Chr5	440250	445790
Populus_qiongdaoensis__Poqio17699.t1	Populus_qiongdaoensis	Chr5	2234984	2241109
Populus_qiongdaoensis__Poqio18216.t1	Populus_qiongdaoensis	Chr5	3366814	3373537
Populus_qiongdaoensis__Poqio17356.t1	Populus_qiongdaoensis	Chr5	5377222	5382888
Populus_qiongdaoensis__Poqio15694.t1	Populus_qiongdaoensis	Chr5	22070720	22075510
Populus_qiongdaoensis__Poqio10679.t1	Populus_qiongdaoensis	Chr6	4484833	4490985
Populus_qiongdaoensis__Poqio10915.t1	Populus_qiongdaoensis	Chr6	6800710	6806209
Populus_qiongdaoensis__Poqio11224.t1	Populus_qiongdaoensis	Chr6	10749493	10756236
Populus_qiongdaoensis__Poqio11334.t1	Populus_qiongdaoensis	Chr6	12340322	12346864
Populus_qiongdaoensis__Poqio11392.t1	Populus_qiongdaoensis	Chr6	12975194	12979995
Populus_qiongdaoensis__Poqio11583.t1	Populus_qiongdaoensis	Chr6	15050695	15056442
Populus_qiongdaoensis__Poqio11897.t1	Populus_qiongdaoensis	Chr6	17948749	17954216
Populus_qiongdaoensis__Poqio26146.t1	Populus_qiongdaoensis	Chr7	1089107	1093702
Populus_qiongdaoensis__Poqio26068.t1	Populus_qiongdaoensis	Chr7	1736894	1742797
Populus_qiongdaoensis__Poqio27322.t1	Populus_qiongdaoensis	Chr7	5029856	5036506
Populus_qiongdaoensis__Poqio27318.t1	Populus_qiongdaoensis	Chr7	5062746	5067885
Populus_qiongdaoensis__Poqio27244.t1	Populus_qiongdaoensis	Chr7	6040267	6046549
Populus_qiongdaoensis__Poqio06806.t1	Populus_qiongdaoensis	Chr8	2341288	2349895
Populus_qiongdaoensis__Poqio06912.t1	Populus_qiongdaoensis	Chr8	3150771	3156106
Populus_qiongdaoensis__Poqio07324.t1	Populus_qiongdaoensis	Chr8	6172121	6179720
Populus_qiongdaoensis__Poqio07343.t1	Populus_qiongdaoensis	Chr8	6303663	6308910
Populus_qiongdaoensis__Poqio07720.t1	Populus_qiongdaoensis	Chr8	9095294	9099766
Populus_qiongdaoensis__Poqio07827.t1	Populus_qiongdaoensis	Chr8	9937244	9943680
Populus_qiongdaoensis__Poqio04944.t1	Populus_qiongdaoensis	Chr9	7702124	7706926
Populus_qiongdaoensis__Poqio06318.t1	Populus_qiongdaoensis	Chr9	8495209	8501238
Populus_qiongdaoensis__Poqio05994.t1	Populus_qiongdaoensis	Chr9	10742756	10747857
Populus_qiongdaoensis__Poqio04824.t1	Populus_qiongdaoensis	Scaffold_000001	7089576	7094975
Populus_rotundifolia__Porot00251.t1	Populus_rotundifolia	Chr1	2158526	2163328
Populus_rotundifolia__Porot00339.t2	Populus_rotundifolia	Chr1	2820718	2831653
Populus_rotundifolia__Porot00761.t1	Populus_rotundifolia	Chr1	6497867	6504733
Populus_rotundifolia__Porot01337.t1	Populus_rotundifolia	Chr1	11946922	11956823
Populus_rotundifolia__Porot01641.t1	Populus_rotundifolia	Chr1	15021639	15027108
Populus_rotundifolia__Porot02200.t3	Populus_rotundifolia	Chr1	25440480	25445398
Populus_rotundifolia__Porot03692.t1	Populus_rotundifolia	Chr1	44255769	44260790
Populus_rotundifolia__Porot03725.t4	Populus_rotundifolia	Chr1	44634920	44640564
Populus_rotundifolia__Porot23022.t1	Populus_rotundifolia	Chr10	11137835	11142247
Populus_rotundifolia__Porot23290.t1	Populus_rotundifolia	Chr10	13372709	13380685
Populus_rotundifolia__Porot23835.t1	Populus_rotundifolia	Chr10	17772859	17779658
Populus_rotundifolia__Porot23969.t1	Populus_rotundifolia	Chr10	18888821	18893257
Populus_rotundifolia__Porot23987.t1	Populus_rotundifolia	Chr10	19087340	19092019
Populus_rotundifolia__Porot26584.t1	Populus_rotundifolia	Chr12	10589751	10598155
Populus_rotundifolia__Porot26637.t1	Populus_rotundifolia	Chr12	10938055	10942659
Populus_rotundifolia__Porot26710.t1	Populus_rotundifolia	Chr12	11447592	11452034
Populus_rotundifolia__Porot27540.t2	Populus_rotundifolia	Chr12	17219457	17225807
Populus_rotundifolia__Porot27620.t1	Populus_rotundifolia	Chr12	17584741	17590882
Populus_rotundifolia__Porot27890.t1	Populus_rotundifolia	Chr13	1487887	1493658
Populus_rotundifolia__Porot27949.t1	Populus_rotundifolia	Chr13	1868799	1875691
Populus_rotundifolia__Porot27989.t1	Populus_rotundifolia	Chr13	2194533	2202996
Populus_rotundifolia__Porot28116.t1	Populus_rotundifolia	Chr13	3527979	3537083
Populus_rotundifolia__Porot28830.t1	Populus_rotundifolia	Chr13	13131072	13137647
Populus_rotundifolia__Porot29416.t7	Populus_rotundifolia	Chr14	2715628	2720699
Populus_rotundifolia__Porot30591.t1	Populus_rotundifolia	Chr15	463057	467739
Populus_rotundifolia__Porot30716.t1	Populus_rotundifolia	Chr15	1581685	1586181
Populus_rotundifolia__Porot30815.t2	Populus_rotundifolia	Chr15	2297430	2304493
Populus_rotundifolia__Porot31393.t1	Populus_rotundifolia	Chr15	10191746	10199144
Populus_rotundifolia__Porot31810.t1	Populus_rotundifolia	Chr15	14287178	14294823
Populus_rotundifolia__Porot31978.t3	Populus_rotundifolia	Chr16	366266	372932
Populus_rotundifolia__Porot32217.t1	Populus_rotundifolia	Chr16	3127698	3134247
Populus_rotundifolia__Porot32917.t1	Populus_rotundifolia	Chr16	11559685	11568218
Populus_rotundifolia__Porot34288.t1	Populus_rotundifolia	Chr17	9307182	9311813
Populus_rotundifolia__Porot36106.t1	Populus_rotundifolia	Chr19	1749371	1755699
Populus_rotundifolia__Porot36547.t1	Populus_rotundifolia	Chr19	5840115	5846734
Populus_rotundifolia__Porot36548.t1	Populus_rotundifolia	Chr19	5845495	5849936
Populus_rotundifolia__Porot36925.t1	Populus_rotundifolia	Chr19	8381455	8388389
Populus_rotundifolia__Porot37110.t1	Populus_rotundifolia	Chr19	9871071	9875540
Populus_rotundifolia__Porot37171.t2	Populus_rotundifolia	Chr19	10274086	10280899
Populus_rotundifolia__Porot37257.t1	Populus_rotundifolia	Chr19	10759353	10764838
Populus_rotundifolia__Porot37520.t1	Populus_rotundifolia	Chr19	12519866	12530784
Populus_rotundifolia__Porot37523.t1	Populus_rotundifolia	Chr19	12541573	12547414
Populus_rotundifolia__Porot04803.t1	Populus_rotundifolia	Chr2	2623213	2629816
Populus_rotundifolia__Porot05623.t1	Populus_rotundifolia	Chr2	16130822	16140764
Populus_rotundifolia__Porot06576.t3	Populus_rotundifolia	Chr2	24691090	24700863
Populus_rotundifolia__Porot06665.t1	Populus_rotundifolia	Chr2	25385930	25390645
Populus_rotundifolia__Porot07125.t2	Populus_rotundifolia	Chr3	2435978	2442166
Populus_rotundifolia__Porot07183.t1	Populus_rotundifolia	Chr3	2793652	2800701
Populus_rotundifolia__Porot07225.t1	Populus_rotundifolia	Chr3	3220001	3229621
Populus_rotundifolia__Porot07418.t1	Populus_rotundifolia	Chr3	4814072	4823480
Populus_rotundifolia__Porot07991.t1	Populus_rotundifolia	Chr3	10017152	10023862
Populus_rotundifolia__Porot09216.t2	Populus_rotundifolia	Chr3	23771793	23776874
Populus_rotundifolia__Porot09445.t1	Populus_rotundifolia	Chr3	25675198	25680886
Populus_rotundifolia__Porot09994.t1	Populus_rotundifolia	Chr4	4344792	4353391
Populus_rotundifolia__Porot10289.t5	Populus_rotundifolia	Chr4	7344987	7352158
Populus_rotundifolia__Porot10569.t1	Populus_rotundifolia	Chr4	9916752	9921362
Populus_rotundifolia__Porot10676.t1	Populus_rotundifolia	Chr4	10967065	10971555
Populus_rotundifolia__Porot10739.t6	Populus_rotundifolia	Chr4	11559436	11566410
Populus_rotundifolia__Porot11098.t1	Populus_rotundifolia	Chr4	16638792	16645799
Populus_rotundifolia__Porot11305.t1	Populus_rotundifolia	Chr4	18884744	18891167
Populus_rotundifolia__Porot11325.t1	Populus_rotundifolia	Chr4	19109817	19117729
Populus_rotundifolia__Porot11545.t1	Populus_rotundifolia	Chr4	21123112	21130233
Populus_rotundifolia__Porot11680.t1	Populus_rotundifolia	Chr4	22104039	22108818
Populus_rotundifolia__Porot11801.t1	Populus_rotundifolia	Chr4	23028102	23033122
Populus_rotundifolia__Porot11949.t1	Populus_rotundifolia	Chr4	23881394	23887071
Populus_rotundifolia__Porot12592.t1	Populus_rotundifolia	Chr5	7845089	7849525
Populus_rotundifolia__Porot12859.t2	Populus_rotundifolia	Chr5	10699058	10706566
Populus_rotundifolia__Porot13247.t4	Populus_rotundifolia	Chr5	13899171	13905796
Populus_rotundifolia__Porot13343.t1	Populus_rotundifolia	Chr5	14542034	14546479
Populus_rotundifolia__Porot13594.t1	Populus_rotundifolia	Chr5	16759355	16765622
Populus_rotundifolia__Porot13595.t2	Populus_rotundifolia	Chr5	16772705	16779776
Populus_rotundifolia__Porot13810.t1	Populus_rotundifolia	Chr5	18511614	18520049
Populus_rotundifolia__Porot13832.t1	Populus_rotundifolia	Chr5	18705771	18712223
Populus_rotundifolia__Porot14045.t1	Populus_rotundifolia	Chr5	20377947	20385069
Populus_rotundifolia__Porot14186.t1	Populus_rotundifolia	Chr5	21287961	21292433
Populus_rotundifolia__Porot14809.t2	Populus_rotundifolia	Chr6	4454588	4462282
Populus_rotundifolia__Porot15698.t1	Populus_rotundifolia	Chr6	16988379	16992947
Populus_rotundifolia__Porot16403.t2	Populus_rotundifolia	Chr7	1447937	1457283
Populus_rotundifolia__Porot16550.t2	Populus_rotundifolia	Chr7	2606378	2616401
Populus_rotundifolia__Porot16809.t2	Populus_rotundifolia	Chr7	4852444	4857825
Populus_rotundifolia__Porot16910.t2	Populus_rotundifolia	Chr7	5721828	5728335
Populus_rotundifolia__Porot16960.t1	Populus_rotundifolia	Chr7	6171050	6175519
Populus_rotundifolia__Porot17120.t1	Populus_rotundifolia	Chr7	7691720	7698567
Populus_rotundifolia__Porot17401.t1	Populus_rotundifolia	Chr7	11866258	11870850
Populus_rotundifolia__Porot18441.t1	Populus_rotundifolia	Chr8	228956	235743
Populus_rotundifolia__Porot18721.t2	Populus_rotundifolia	Chr8	2964955	2971290
Populus_rotundifolia__Porot19952.t1	Populus_rotundifolia	Chr9	407269	412557
Populus_rotundifolia__Porot19956.t1	Populus_rotundifolia	Chr9	415915	421655
Populus_rotundifolia__Porot20018.t1	Populus_rotundifolia	Chr9	768414	774867
Populus_rotundifolia__Porot20918.t1	Populus_rotundifolia	Chr9	7046111	7050544
Populus_rotundifolia__Porot20990.t1	Populus_rotundifolia	Chr9	7584691	7589298
Populus_rotundifolia__Porot22151.t3	Populus_rotundifolia	Chr9	19678776	19685755
Populus_simonii__Posim01132.t1	Populus_simonii	Chr1	12988127	12993722
Populus_simonii__Posim01166.t1	Populus_simonii	Chr1	13314020	13319041
Populus_simonii__Posim02660.t4	Populus_simonii	Chr1	30412360	30417284
Populus_simonii__Posim03309.t1	Populus_simonii	Chr1	39115020	39120411
Populus_simonii__Posim03605.t1	Populus_simonii	Chr1	42106171	42116164
Populus_simonii__Posim04209.t1	Populus_simonii	Chr1	47528657	47535466
Populus_simonii__Posim04653.t1	Populus_simonii	Chr1	51114448	51125409
Populus_simonii__Posim04754.t1	Populus_simonii	Chr1	51782333	51787135
Populus_simonii__Posim25424.t1	Populus_simonii	Chr10	9391798	9396219
Populus_simonii__Posim25685.t1	Populus_simonii	Chr10	11501916	11509857
Populus_simonii__Posim26241.t1	Populus_simonii	Chr10	16011726	16018507
Populus_simonii__Posim26367.t1	Populus_simonii	Chr10	17003473	17007909
Populus_simonii__Posim26387.t1	Populus_simonii	Chr10	17194538	17199223
Populus_simonii__Posim27556.t1	Populus_simonii	Chr11	14576495	14582923
Populus_simonii__Posim27819.t1	Populus_simonii	Chr11	17411572	17418330
Populus_simonii__Posim27880.t1	Populus_simonii	Chr12	54329	59692
Populus_simonii__Posim28830.t1	Populus_simonii	Chr12	11031178	11035809
Populus_simonii__Posim29756.t1	Populus_simonii	Chr13	3046274	3054848
Populus_simonii__Posim30266.t1	Populus_simonii	Chr13	9994594	10001960
Populus_simonii__Posim30558.t1	Populus_simonii	Chr13	13531898	13538449
Populus_simonii__Posim30807.t2	Populus_simonii	Chr13	15609194	15615911
Populus_simonii__Posim32025.t1	Populus_simonii	Chr14	13616985	13622881
Populus_simonii__Posim32559.t1	Populus_simonii	Chr15	1316475	1324146
Populus_simonii__Posim32980.t2	Populus_simonii	Chr15	4888540	4896058
Populus_simonii__Posim33539.t3	Populus_simonii	Chr15	13592963	13600033
Populus_simonii__Posim33635.t1	Populus_simonii	Chr15	14350151	14354647
Populus_simonii__Posim33766.t1	Populus_simonii	Chr15	15408163	15412872
Populus_simonii__LG17_exon1_exon4_exon2_exon3_exon5	Populus_simonii	Chr17	2085846	2092376
Populus_simonii__Posim36225.t1	Populus_simonii	Chr17	11997121	12006298
Populus_simonii__Posim36345.t1	Populus_simonii	Chr17	12973625	12982117
Populus_simonii__Posim36388.t1	Populus_simonii	Chr17	13338811	13345700
Populus_simonii__Posim36453.t1	Populus_simonii	Chr17	13802293	13808070
Populus_simonii__Posim36835.t1	Populus_simonii	Chr18	1786800	1794485
Populus_simonii__Posim37540.t1	Populus_simonii	Chr18	10924020	10928603
Populus_simonii__Posim38081.t1	Populus_simonii	Chr19	385540	391396
Populus_simonii__Posim38083.t1	Populus_simonii	Chr19	403965	414719
Populus_simonii__Posim38354.t1	Populus_simonii	Chr19	2312552	2317911
Populus_simonii__Posim38444.t1	Populus_simonii	Chr19	2803992	2810799
Populus_simonii__Posim38499.t1	Populus_simonii	Chr19	3222887	3227356
Populus_simonii__Posim38668.t4	Populus_simonii	Chr19	4395463	4401800
Populus_simonii__Posim38932.t1	Populus_simonii	Chr19	6077155	6083666
Populus_simonii__Posim38933.t1	Populus_simonii	Chr19	6083569	6088470
Populus_simonii__Posim39460.t1	Populus_simonii	Chr19	10495817	10502145
Populus_simonii__Posim05549.t1	Populus_simonii	Chr2	1698640	1704398
Populus_simonii__Posim05607.t1	Populus_simonii	Chr2	2105645	2112676
Populus_simonii__Posim05646.t1	Populus_simonii	Chr2	2517352	2526895
Populus_simonii__Posim05853.t1	Populus_simonii	Chr2	4137880	4147198
Populus_simonii__Posim06096.t1	Populus_simonii	Chr2	6253353	6259316
Populus_simonii__Posim06403.t1	Populus_simonii	Chr2	9017153	9023858
Populus_simonii__Posim07726.t2	Populus_simonii	Chr2	24684309	24689422
Populus_simonii__Posim07958.t1	Populus_simonii	Chr2	26820952	26826683
Populus_simonii__LG03_exon2	Populus_simonii	Chr3	1232236	1237147
Populus_simonii__Posim08361.t1	Populus_simonii	Chr3	2270034	2274506
Populus_simonii__Posim08499.t1	Populus_simonii	Chr3	3163086	3170150
Populus_simonii__Posim08716.t2	Populus_simonii	Chr3	4868516	4874955
Populus_simonii__Posim08738.t1	Populus_simonii	Chr3	5054377	5062850
Populus_simonii__Posim08949.t1	Populus_simonii	Chr3	6729578	6736636
Populus_simonii__Posim08950.t1	Populus_simonii	Chr3	6748287	6753710
Populus_simonii__Posim09189.t1	Populus_simonii	Chr3	8991251	8995684
Populus_simonii__Posim09290.t5	Populus_simonii	Chr3	9727736	9734346
Populus_simonii__Posim09701.t1	Populus_simonii	Chr3	12969991	12980320
Populus_simonii__Posim09980.t1	Populus_simonii	Chr3	16173502	16177938
Populus_simonii__Posim10866.t1	Populus_simonii	Chr4	182019	187694
Populus_simonii__Posim11025.t1	Populus_simonii	Chr4	1070139	1075157
Populus_simonii__Posim11154.t1	Populus_simonii	Chr4	1942638	1947426
Populus_simonii__Posim11292.t1	Populus_simonii	Chr4	2955842	2962939
Populus_simonii__Posim11520.t1	Populus_simonii	Chr4	5002889	5011157
Populus_simonii__Posim11539.t1	Populus_simonii	Chr4	5242163	5249868
Populus_simonii__Posim11734.t3	Populus_simonii	Chr4	7602973	7610027
Populus_simonii__Posim12167.t1	Populus_simonii	Chr4	15274591	15281571
Populus_simonii__Posim12232.t1	Populus_simonii	Chr4	15927154	15931644
Populus_simonii__Posim12326.t1	Populus_simonii	Chr4	16739975	16744585
Populus_simonii__Posim12607.t1	Populus_simonii	Chr4	19515177	19522613
Populus_simonii__Posim12894.t1	Populus_simonii	Chr4	21736428	21745134
Populus_simonii__Posim13466.t1	Populus_simonii	Chr5	1690353	1699773
Populus_simonii__Posim13620.t1	Populus_simonii	Chr5	2915958	2926024
Populus_simonii__Posim13892.t1	Populus_simonii	Chr5	5285627	5291008
Populus_simonii__Posim13999.t1	Populus_simonii	Chr5	6186356	6192836
Populus_simonii__Posim14051.t1	Populus_simonii	Chr5	6693390	6697859
Populus_simonii__Posim14213.t1	Populus_simonii	Chr5	8267958	8274788
Populus_simonii__Posim14508.t1	Populus_simonii	Chr5	13619017	13623609
Populus_simonii__Posim15800.t1	Populus_simonii	Chr6	1471313	1477930
Populus_simonii__Posim16949.t1	Populus_simonii	Chr6	11943861	11953586
Populus_simonii__Posim17928.t1	Populus_simonii	Chr6	19589857	19599664
Populus_simonii__Posim18020.t1	Populus_simonii	Chr6	20268348	20273063
Populus_simonii__Posim18356.t1	Populus_simonii	Chr7	434031	440279
Populus_simonii__Posim18360.t1	Populus_simonii	Chr7	446814	452724
Populus_simonii__Posim18414.t1	Populus_simonii	Chr7	714516	721033
Populus_simonii__Posim19358.t1	Populus_simonii	Chr7	7217450	7221883
Populus_simonii__Posim19432.t1	Populus_simonii	Chr7	7745358	7749962
Populus_simonii__Posim19510.t1	Populus_simonii	Chr7	8330676	8341046
Populus_simonii__Posim20653.t1	Populus_simonii	Chr7	21171992	21178563
Populus_simonii__Posim21915.t1	Populus_simonii	Chr8	12866821	12875251
Populus_simonii__Posim21969.t1	Populus_simonii	Chr8	13253728	13258332
Populus_simonii__Posim22038.t1	Populus_simonii	Chr8	13759692	13764128
Populus_simonii__Posim23017.t1	Populus_simonii	Chr8	20187013	20193152
Populus_szechuanica__Posze00264.t1	Populus_szechuanica	Chr1	1837399	1842201
Populus_szechuanica__Posze00369.t1	Populus_szechuanica	Chr1	2479277	2490257
Populus_szechuanica__Posze00822.t1	Populus_szechuanica	Chr1	6752491	6759352
Populus_szechuanica__Posze01450.t1	Populus_szechuanica	Chr1	11867467	11877446
Populus_szechuanica__Posze01761.t1	Populus_szechuanica	Chr1	14949980	14954430
Populus_szechuanica__Posze02351.t1	Populus_szechuanica	Chr1	24562026	24568548
Populus_szechuanica__Posze03889.t1	Populus_szechuanica	Chr1	41567485	41572505
Populus_szechuanica__Posze03924.t1	Populus_szechuanica	Chr1	41906474	41912067
Populus_szechuanica__Posze26031.t1	Populus_szechuanica	Chr11	915346	920034
Populus_szechuanica__Posze26050.t1	Populus_szechuanica	Chr11	1104461	1108897
Populus_szechuanica__Posze26182.t1	Populus_szechuanica	Chr11	2116250	2123032
Populus_szechuanica__Posze26782.t1	Populus_szechuanica	Chr11	6512329	6520294
Populus_szechuanica__Posze27044.t1	Populus_szechuanica	Chr11	8568466	8572887
Populus_szechuanica__Posze28424.t1	Populus_szechuanica	Chr12	4082835	4087418
Populus_szechuanica__Posze29300.t1	Populus_szechuanica	Chr12	14922154	14929854
Populus_szechuanica__Posze29987.t1	Populus_szechuanica	Chr13	3477634	3486015
Populus_szechuanica__Posze30521.t1	Populus_szechuanica	Chr13	11228043	11235309
Populus_szechuanica__Posze30831.t1	Populus_szechuanica	Chr13	15006935	15013496
Populus_szechuanica__Posze31117.t1	Populus_szechuanica	Chr13	17333992	17340683
Populus_szechuanica__Posze31430.t1	Populus_szechuanica	Chr14	2523646	2530205
Populus_szechuanica__Posze32239.t1	Populus_szechuanica	Chr14	13582602	13591792
Populus_szechuanica__Posze32370.t1	Populus_szechuanica	Chr14	14822743	14831227
Populus_szechuanica__Posze32413.t1	Populus_szechuanica	Chr14	15177696	15184587
Populus_szechuanica__Posze32483.t1	Populus_szechuanica	Chr14	15671960	15677724
Populus_szechuanica__Posze32875.t1	Populus_szechuanica	Chr15	1502632	1510300
Populus_szechuanica__Posze33328.t2	Populus_szechuanica	Chr15	5395200	5402685
Populus_szechuanica__Posze33982.t3	Populus_szechuanica	Chr15	14703767	14712164
Populus_szechuanica__Posze34087.t1	Populus_szechuanica	Chr15	15468122	15472618
Populus_szechuanica__Posze34220.t1	Populus_szechuanica	Chr15	16522961	16527670
Populus_szechuanica__Posze34593.t1	Populus_szechuanica	Chr16	2385061	2390959
Populus_szechuanica__Posze36804.t1	Populus_szechuanica	Chr17	11155240	11159871
Populus_szechuanica__Posze39037.t1	Populus_szechuanica	Chr19	3584690	3591022
Populus_szechuanica__Posze39596.t1	Populus_szechuanica	Chr19	7992586	7998877
Populus_szechuanica__Posze39869.t5	Populus_szechuanica	Chr19	9726471	9732805
Populus_szechuanica__Posze40062.t1	Populus_szechuanica	Chr19	10876341	10880810
Populus_szechuanica__Posze40121.t1	Populus_szechuanica	Chr19	11264283	11271117
Populus_szechuanica__Posze40213.t1	Populus_szechuanica	Chr19	11762430	11767787
Populus_szechuanica__Posze40505.t1	Populus_szechuanica	Chr19	13636894	13647737
Populus_szechuanica__Posze40507.t1	Populus_szechuanica	Chr19	13658298	13664148
Populus_szechuanica__Posze04826.t1	Populus_szechuanica	Chr2	191234	197121
Populus_szechuanica__Posze05134.t1	Populus_szechuanica	Chr2	2084243	2090233
Populus_szechuanica__Posze06506.t2	Populus_szechuanica	Chr2	18223107	18229812
Populus_szechuanica__Posze06818.t1	Populus_szechuanica	Chr2	21011808	21017752
Populus_szechuanica__Posze07069.t1	Populus_szechuanica	Chr2	23072593	23081930
Populus_szechuanica__Posze07272.t1	Populus_szechuanica	Chr2	24671988	24681544
Populus_szechuanica__Posze07311.t1	Populus_szechuanica	Chr2	25075262	25082316
Populus_szechuanica__Posze07373.t3	Populus_szechuanica	Chr2	25465897	25470848
Populus_szechuanica__Posze08819.t1	Populus_szechuanica	Chr3	11656556	11661148
Populus_szechuanica__Posze09165.t1	Populus_szechuanica	Chr3	17820658	17827494
Populus_szechuanica__Posze09341.t1	Populus_szechuanica	Chr3	19404819	19409288
Populus_szechuanica__Posze09393.t1	Populus_szechuanica	Chr3	19871293	19877810
Populus_szechuanica__Posze09495.t4	Populus_szechuanica	Chr3	20674524	20679332
Populus_szechuanica__Posze09786.t1	Populus_szechuanica	Chr3	22948736	22958999
Populus_szechuanica__Posze09942.t1	Populus_szechuanica	Chr3	24173255	24182559
Populus_szechuanica__Posze10161.t1	Populus_szechuanica	Chr4	151176	156854
Populus_szechuanica__Posze10358.t1	Populus_szechuanica	Chr4	1061082	1066101
Populus_szechuanica__Posze10494.t1	Populus_szechuanica	Chr4	1958693	1963162
Populus_szechuanica__Posze10648.t1	Populus_szechuanica	Chr4	3030824	3037920
Populus_szechuanica__Posze10893.t1	Populus_szechuanica	Chr4	5090753	5099113
Populus_szechuanica__Posze10913.t1	Populus_szechuanica	Chr4	5335103	5342815
Populus_szechuanica__Posze11135.t1	Populus_szechuanica	Chr4	7761719	7768760
Populus_szechuanica__Posze11596.t1	Populus_szechuanica	Chr4	15536603	15543585
Populus_szechuanica__Posze11660.t1	Populus_szechuanica	Chr4	16212697	16217187
Populus_szechuanica__Posze11754.t1	Populus_szechuanica	Chr4	17096411	17101021
Populus_szechuanica__Posze12036.t1	Populus_szechuanica	Chr4	19619350	19626765
Populus_szechuanica__Posze12355.t1	Populus_szechuanica	Chr4	22119115	22127891
Populus_szechuanica__Posze13143.t1	Populus_szechuanica	Chr5	2067545	2072017
Populus_szechuanica__Posze13292.t1	Populus_szechuanica	Chr5	2979911	2986984
Populus_szechuanica__Posze13517.t1	Populus_szechuanica	Chr5	4706082	4714578
Populus_szechuanica__Posze13539.t1	Populus_szechuanica	Chr5	4906050	4914586
Populus_szechuanica__Posze13760.t1	Populus_szechuanica	Chr5	6642017	6649042
Populus_szechuanica__Posze13761.t1	Populus_szechuanica	Chr5	6657593	6663012
Populus_szechuanica__Posze14031.t1	Populus_szechuanica	Chr5	9094633	9099078
Populus_szechuanica__Posze14134.t2	Populus_szechuanica	Chr5	9862655	9869239
Populus_szechuanica__Posze14559.t3	Populus_szechuanica	Chr5	13145924	13153409
Populus_szechuanica__Posze14865.t1	Populus_szechuanica	Chr5	16361756	16366192
Populus_szechuanica__Posze15760.t1	Populus_szechuanica	Chr6	1500407	1507012
Populus_szechuanica__Posze15765.t1	Populus_szechuanica	Chr6	1565591	1572181
Populus_szechuanica__Posze16640.t1	Populus_szechuanica	Chr6	13752455	13762127
Populus_szechuanica__Posze17620.t1	Populus_szechuanica	Chr6	21649508	21659427
Populus_szechuanica__Posze17748.t1	Populus_szechuanica	Chr6	22575257	22579972
Populus_szechuanica__Posze19251.t1	Populus_szechuanica	Chr7	14161868	14166887
Populus_szechuanica__Posze19322.t1	Populus_szechuanica	Chr7	14696420	14700853
Populus_szechuanica__Posze20284.t1	Populus_szechuanica	Chr7	21071527	21078046
Populus_szechuanica__Posze20344.t1	Populus_szechuanica	Chr7	21343264	21349061
Populus_szechuanica__Posze20348.t1	Populus_szechuanica	Chr7	21355024	21361262
Populus_szechuanica__Posze21606.t1	Populus_szechuanica	Chr8	17927893	17934399
Populus_szechuanica__Posze21891.t2	Populus_szechuanica	Chr8	21139566	21146354
Populus_szechuanica__Posze22050.t1	Populus_szechuanica	Chr9	490743	496885
Populus_szechuanica__Posze22131.t1	Populus_szechuanica	Chr9	868421	874812
Populus_szechuanica__Posze23024.t1	Populus_szechuanica	Chr9	6767645	6772078
Populus_szechuanica__Posze23098.t1	Populus_szechuanica	Chr9	7265744	7270348
Populus_szechuanica__Posze23151.t1	Populus_szechuanica	Chr9	7650675	7659505
Populus_szechuanica__Posze04885.t1	Populus_szechuanica	Scaffold_000002	417217	423765
Populus_tremula__Potra2n1c167.1	Populus_tremula	Chr1	1946390	1951192
Populus_tremula__Potra2n1c244.2	Populus_tremula	Chr1	2558839	2569779
Populus_tremula__Potra2n1c627.1	Populus_tremula	Chr1	6682356	6689228
Populus_tremula__Potra2n1c1159.1	Populus_tremula	Chr1	11683843	11693685
Populus_tremula__Potra2n1c1917.1	Populus_tremula	Chr1	22627622	22632540
Populus_tremula__Potra2n1c3253.1	Populus_tremula	Chr1	39358225	39363147
Populus_tremula__Potra2n1c3284.1	Populus_tremula	Chr1	39736032	39741268
Populus_tremula__Potra2n10c20174.1	Populus_tremula	Chr10	440386	446107
Populus_tremula__Potra2n10c21157.1	Populus_tremula	Chr10	6961636	6968471
Populus_tremula__Potra2n10c21228.1	Populus_tremula	Chr10	7460224	7464831
Populus_tremula__Potra2n10c22315.3	Populus_tremula	Chr10	19523400	19531241
Populus_tremula__Potra2n13c24971.1	Populus_tremula	Chr13	299308	305970
Populus_tremula__Potra2n13c25219.1	Populus_tremula	Chr13	2651714	2657873
Populus_tremula__Potra2n13c25941.1	Populus_tremula	Chr13	10626778	10635320
Populus_tremula__Potra2n14c26371.1	Populus_tremula	Chr14	427982	432661
Populus_tremula__Potra2n14c26404.1	Populus_tremula	Chr14	689998	694434
Populus_tremula__Potra2n14c26536.2	Populus_tremula	Chr14	1776831	1783105
Populus_tremula__Potra2n14c27082.1	Populus_tremula	Chr14	6148068	6156034
Populus_tremula__Potra2n14c27320.1	Populus_tremula	Chr14	8161087	8165508
Populus_tremula__Potra2n15c28778.1	Populus_tremula	Chr15	8431264	8435895
Populus_tremula__Potra2n16c29445.1	Populus_tremula	Chr16	1419168	1424216
Populus_tremula__Potra2n16c29497.1	Populus_tremula	Chr16	1788231	1795124
Populus_tremula__Potra2n16c29535.1	Populus_tremula	Chr16	2103750	2112232
Populus_tremula__Potra2n16c29680.1	Populus_tremula	Chr16	3284748	3293812
Populus_tremula__Potra2n16c30376.1	Populus_tremula	Chr16	11460276	11466508
Populus_tremula__Potra2n17c30999.1	Populus_tremula	Chr17	3852996	3857564
Populus_tremula__Potra2n17c31613.1	Populus_tremula	Chr17	11826997	11834728
Populus_tremula__Potra2n18c32994.1	Populus_tremula	Chr18	11192442	11198592
Populus_tremula__Potra2n19c33290.1	Populus_tremula	Chr19	233817	240600
Populus_tremula__Potra2n19c33496.1	Populus_tremula	Chr19	2858432	2864156
Populus_tremula__Potra2n2c4633.1	Populus_tremula	Chr2	8514750	8519186
Populus_tremula__Potra2n2c4901.2	Populus_tremula	Chr2	11352920	11360413
Populus_tremula__Potra2n2c5269.1	Populus_tremula	Chr2	14259206	14266973
Populus_tremula__chr2_exon3	Populus_tremula	Chr2	14910876	14915320
Populus_tremula__Potra2n2c5586.1	Populus_tremula	Chr2	17011974	17017358
Populus_tremula__Potra2n2c5587.1	Populus_tremula	Chr2	17024093	17031152
Populus_tremula__Potra2n2c5788.2	Populus_tremula	Chr2	18709629	18717747
Populus_tremula__Potra2n2c5816.1	Populus_tremula	Chr2	18897533	18902413
Populus_tremula__Potra2n2c6035.1	Populus_tremula	Chr2	20501697	20508896
Populus_tremula__Potra2n2c6156.1	Populus_tremula	Chr2	21372239	21376711
Populus_tremula__Potra2n2c6286.2	Populus_tremula	Chr2	22287806	22292471
Populus_tremula__Potra2n3c6630.1	Populus_tremula	Chr3	1547708	1553269
Populus_tremula__Potra2n3c6723.1	Populus_tremula	Chr3	2535502	2545270
Populus_tremula__Potra2n3c7639.1	Populus_tremula	Chr3	9917111	9927029
Populus_tremula__Potra2n4c9450.1	Populus_tremula	Chr4	9557623	9562215
Populus_tremula__Potra2n4c9694.1	Populus_tremula	Chr4	13451021	13457852
Populus_tremula__Potra2n4c9844.1	Populus_tremula	Chr4	14963668	14968137
Populus_tremula__Potra2n4c9893.1	Populus_tremula	Chr4	15439664	15446170
Populus_tremula__Potra2n4c9990.2	Populus_tremula	Chr4	16265914	16273350
Populus_tremula__Potra2n4c10196.2	Populus_tremula	Chr4	18215303	18225336
Populus_tremula__Potra2n5c10513.1	Populus_tremula	Chr5	142462	148125
Populus_tremula__Potra2n5c10648.1	Populus_tremula	Chr5	991374	996404
Populus_tremula__Potra2n5c10904.1	Populus_tremula	Chr5	2774719	2781831
Populus_tremula__Potra2n5c11128.4	Populus_tremula	Chr5	4726514	4731868
Populus_tremula__Potra2n5c11148.1	Populus_tremula	Chr5	4938568	4945028
Populus_tremula__Potra2n5c11336.1	Populus_tremula	Chr5	7238154	7245196
Populus_tremula__Potra2n5c11681.3	Populus_tremula	Chr5	11846213	11853177
Populus_tremula__Potra2n5c11742.1	Populus_tremula	Chr5	12403285	12408097
Populus_tremula__Potra2n5c11840.1	Populus_tremula	Chr5	13176314	13181013
Populus_tremula__Potra2n5c12122.1	Populus_tremula	Chr5	15698587	15705759
Populus_tremula__Potra2n6c12860.1	Populus_tremula	Chr6	341242	346966
Populus_tremula__Potra2n6c13087.1	Populus_tremula	Chr6	2130476	2136438
Populus_tremula__Potra2n6c14620.1	Populus_tremula	Chr6	17598526	17604570
Populus_tremula__Potra2n6c14875.1	Populus_tremula	Chr6	19756654	19766032
Populus_tremula__Potra2n6c15078.2	Populus_tremula	Chr6	21326357	21335877
Populus_tremula__Potra2n6c15115.1	Populus_tremula	Chr6	21715378	21722429
Populus_tremula__Potra2n6c15166.1	Populus_tremula	Chr6	22059501	22065734
Populus_tremula__Potra2n7c15534.1	Populus_tremula	Chr7	1134109	1141731
Populus_tremula__Potra2n7c16366.1	Populus_tremula	Chr7	11691465	11698596
Populus_tremula__Potra2n7c16463.1	Populus_tremula	Chr7	12401226	12406436
Populus_tremula__Potra2n7c16587.1	Populus_tremula	Chr7	13454174	13458782
Populus_tremula__Potra2n8c16719.1	Populus_tremula	Chr8	439429	445567
Populus_tremula__Potra2n8c16778.1	Populus_tremula	Chr8	775954	782305
Populus_tremula__Potra2n8c17590.1	Populus_tremula	Chr8	6520294	6524736
Populus_tremula__Potra2n8c17663.1	Populus_tremula	Chr8	7053795	7061587
Populus_tremula__Potra2n8c17714.1	Populus_tremula	Chr8	7412518	7420915
Populus_tremula__Potra2n9c18683.1	Populus_tremula	Chr9	363368	369177
Populus_tremula__Potra2n9c18685.1	Populus_tremula	Chr9	379865	390643
Populus_tremula__Potra2n9c18937.1	Populus_tremula	Chr9	2158976	2164502
Populus_tremula__Potra2n9c19016.1	Populus_tremula	Chr9	2644806	2651614
Populus_tremula__Potra2n9c19233.1	Populus_tremula	Chr9	4198494	4205426
Populus_tremula__Potra2n9c19575.1	Populus_tremula	Chr9	6965372	6970273
Populus_tremula__chr9_exon1	Populus_tremula	Chr9	6969306	6975765
Populus_tremula__Potra2n369s35436.1	Populus_tremula	Scaffold_000208	23490	29820
Populus_tremula__Potra2n673s36378.3	Populus_tremula	Scaffold_000484	86187	93586
Populus_trichocarpa__Potri.001G020200.1.v4.1	Populus_trichocarpa	Chr1	1547292	1552097
Populus_trichocarpa__Potri.001G029800.11.v4.1	Populus_trichocarpa	Chr1	2233404	2244342
Populus_trichocarpa__Potri.001G077900.3.v4.1	Populus_trichocarpa	Chr1	5853543	5860413
Populus_trichocarpa__Potri.001G136000.2.v4.1	Populus_trichocarpa	Chr1	11076426	11086336
Populus_trichocarpa__Potri.001G220700.2.v4.1	Populus_trichocarpa	Chr1	23023147	23029487
Populus_trichocarpa__Potri.001G371300.1.v4.1	Populus_trichocarpa	Chr1	38895310	38900337
Populus_trichocarpa__Potri.001G374200.2.v4.1	Populus_trichocarpa	Chr1	39232545	39238145
Populus_trichocarpa__Potri.010G004200.1.v4.1	Populus_trichocarpa	Chr10	389424	395975
Populus_trichocarpa__Potri.010G135200.2.v4.1	Populus_trichocarpa	Chr10	15063384	15068066
Populus_trichocarpa__Potri.010G142900.1.v4.1	Populus_trichocarpa	Chr10	15574758	15579194
Populus_trichocarpa__Potri.010G242800.3.v4.1	Populus_trichocarpa	Chr10	21957782	21964304
Populus_trichocarpa__Potri.010G248100.1.v4.1	Populus_trichocarpa	Chr10	22225935	22231734
Populus_trichocarpa__Potri.010G248300.2.v4.1	Populus_trichocarpa	Chr10	22237245	22243493
Populus_trichocarpa__Potri.013G040700.1.v4.1	Populus_trichocarpa	Chr13	2779765	2788027
Populus_trichocarpa__Potri.013G091400.1.v4.1	Populus_trichocarpa	Chr13	9362063	9369450
Populus_trichocarpa__Potri.013G124400.1.v4.1	Populus_trichocarpa	Chr13	13269533	13276043
Populus_trichocarpa__Potri.013G156900.1.v4.1	Populus_trichocarpa	Chr13	15182709	15189376
Populus_trichocarpa__Potri.014G007100.2.v4.1	Populus_trichocarpa	Chr14	585259	589857
Populus_trichocarpa__Potri.014G013400.1.v4.1	Populus_trichocarpa	Chr14	777796	782235
Populus_trichocarpa__Potri.014G028200.2.v4.1	Populus_trichocarpa	Chr14	1766182	1772973
Populus_trichocarpa__Potri.014G094200.7.v4.1	Populus_trichocarpa	Chr14	6114136	6122270
Populus_trichocarpa__Potri.014G120800.1.v4.1	Populus_trichocarpa	Chr14	8105808	8110232
Populus_trichocarpa__Potri.015G047700.1.v4.1	Populus_trichocarpa	Chr15	4807906	4812540
Populus_trichocarpa__Potri.015G147800.1.v4.1	Populus_trichocarpa	Chr15	15166147	15171507
Populus_trichocarpa__Potri.016G024000.1.v4.1	Populus_trichocarpa	Chr16	1342599	1348314
Populus_trichocarpa__Potri.016G032400.1.v4.1	Populus_trichocarpa	Chr16	1818470	1825363
Populus_trichocarpa__Potri.016G036500.1.v4.1	Populus_trichocarpa	Chr16	2165541	2174025
Populus_trichocarpa__Potri.016G049200.2.v4.1	Populus_trichocarpa	Chr16	3192948	3202148
Populus_trichocarpa__Chr16_exon1_exon3_exon2_exon4	Populus_trichocarpa	Chr16	12627118	12633235
Populus_trichocarpa__Potri.017G027400.1.v4.1	Populus_trichocarpa	Chr17	1788499	1796283
Populus_trichocarpa__Potri.017G106700.2.v4.1	Populus_trichocarpa	Chr17	11595788	11600374
Populus_trichocarpa__Potri.018G029500.1.v4.1	Populus_trichocarpa	Chr18	2184835	2190754
Populus_trichocarpa__Potri.019G091900.1.v4.1	Populus_trichocarpa	Chr19	12968741	12975230
Populus_trichocarpa__Potri.019G130000.1.v4.1	Populus_trichocarpa	Chr19	15272943	15279735
Populus_trichocarpa__Potri.002G018400.2.v4.1	Populus_trichocarpa	Chr2	1104328	1109362
Populus_trichocarpa__Potri.002G031900.1.v4.1	Populus_trichocarpa	Chr2	2092074	2096549
Populus_trichocarpa__Potri.002G045800.1.v4.1	Populus_trichocarpa	Chr2	2965887	2973026
Populus_trichocarpa__Potri.002G067400.2.v4.1	Populus_trichocarpa	Chr2	4651035	4657485
Populus_trichocarpa__Potri.002G069500.1.v4.1	Populus_trichocarpa	Chr2	4832374	4840919
Populus_trichocarpa__Potri.002G090700.5.v4.1	Populus_trichocarpa	Chr2	6557980	6565011
Populus_trichocarpa__Potri.002G090800.1.v4.1	Populus_trichocarpa	Chr2	6573375	6578806
Populus_trichocarpa__Potri.002G115900.1.v4.1	Populus_trichocarpa	Chr2	8808622	8813070
Populus_trichocarpa__Potri.002G125400.1.v4.1	Populus_trichocarpa	Chr2	9542361	9550192
Populus_trichocarpa__Potri.002G167100.2.v4.1	Populus_trichocarpa	Chr2	12788620	12795724
Populus_trichocarpa__Potri.002G196200.1.v4.1	Populus_trichocarpa	Chr2	15893086	15897525
Populus_trichocarpa__Potri.003G014800.3.v4.1	Populus_trichocarpa	Chr3	1647482	1654105
Populus_trichocarpa__Potri.003G097600.1.v4.1	Populus_trichocarpa	Chr3	12332334	12342011
Populus_trichocarpa__Potri.003G194600.12.v4.1	Populus_trichocarpa	Chr3	19712793	19722731
Populus_trichocarpa__Potri.003G204400.3.v4.1	Populus_trichocarpa	Chr3	20333696	20338414
Populus_trichocarpa__Potri.004G111100.1.v4.1	Populus_trichocarpa	Chr4	10144438	10149033
Populus_trichocarpa__Potri.004G140600.12.v4.1	Populus_trichocarpa	Chr4	16297058	16303896
Populus_trichocarpa__Potri.004G158200.1.v4.1	Populus_trichocarpa	Chr4	17900233	17904705
Populus_trichocarpa__Potri.004G163800.1.v4.1	Populus_trichocarpa	Chr4	18350498	18357025
Populus_trichocarpa__Potri.004G175200.4.v4.1	Populus_trichocarpa	Chr4	19051073	19056436
Populus_trichocarpa__Potri.004G203400.7.v4.1	Populus_trichocarpa	Chr4	21237567	21247633
Populus_trichocarpa__Potri.004G219100.1.v4.1	Populus_trichocarpa	Chr4	22484608	22493916
Populus_trichocarpa__Potri.005G053200.1.v4.1	Populus_trichocarpa	Chr5	3359524	3368230
Populus_trichocarpa__Potri.005G082000.10.v4.1	Populus_trichocarpa	Chr5	5589908	5597325
Populus_trichocarpa__Potri.005G109500.2.v4.1	Populus_trichocarpa	Chr5	7955651	7960658
Populus_trichocarpa__Potri.005G119300.1.v4.1	Populus_trichocarpa	Chr5	8765629	8770122
Populus_trichocarpa__Potri.005G126000.4.v4.1	Populus_trichocarpa	Chr5	9399814	9406805
Populus_trichocarpa__Potri.005G170500.1.v4.1	Populus_trichocarpa	Chr5	17463247	17470292
Populus_trichocarpa__Potri.005G190700.1.v4.1	Populus_trichocarpa	Chr5	19814952	19822592
Populus_trichocarpa__Potri.005G192900.1.v4.1	Populus_trichocarpa	Chr5	20044838	20053128
Populus_trichocarpa__Potri.005G217500.1.v4.1	Populus_trichocarpa	Chr5	22055030	22062132
Populus_trichocarpa__Potri.005G231300.1.v4.1	Populus_trichocarpa	Chr5	23058166	23062638
Populus_trichocarpa__Potri.005G243400.3.v4.1	Populus_trichocarpa	Chr5	23933273	23938162
Populus_trichocarpa__Potri.005G257900.2.v4.1	Populus_trichocarpa	Chr5	24821558	24827254
Populus_trichocarpa__Potri.006G025800.2.v4.1	Populus_trichocarpa	Chr6	1694677	1700438
Populus_trichocarpa__Potri.006G034500.1.v4.1	Populus_trichocarpa	Chr6	2178903	2185980
Populus_trichocarpa__Potri.006G039000.1.v4.1	Populus_trichocarpa	Chr6	2583219	2592765
Populus_trichocarpa__Potri.006G058800.4.v4.1	Populus_trichocarpa	Chr6	4136016	4145434
Populus_trichocarpa__Potri.006G083000.1.v4.1	Populus_trichocarpa	Chr6	6159231	6165199
Populus_trichocarpa__Potri.006G114600.1.v4.1	Populus_trichocarpa	Chr6	8893541	8900367
Populus_trichocarpa__Potri.006G251800.2.v4.1	Populus_trichocarpa	Chr6	25046094	25052290
Populus_trichocarpa__Potri.006G277800.6.v4.1	Populus_trichocarpa	Chr6	26852927	26858662
Populus_trichocarpa__Potri.007G006900.2.v4.1	Populus_trichocarpa	Chr7	470096	474769
Populus_trichocarpa__Potri.007G019900.1.v4.1	Populus_trichocarpa	Chr7	1517701	1522200
Populus_trichocarpa__Potri.007G029400.2.v4.1	Populus_trichocarpa	Chr7	2235242	2242317
Populus_trichocarpa__Potri.007G085700.2.v4.1	Populus_trichocarpa	Chr7	11021287	11028735
Populus_trichocarpa__Potri.007G130800.4.v4.1	Populus_trichocarpa	Chr7	14460674	14468354
Populus_trichocarpa__Potri.008G010800.1.v4.1	Populus_trichocarpa	Chr8	533737	539808
Populus_trichocarpa__Potri.008G018400.2.v4.1	Populus_trichocarpa	Chr8	918737	925132
Populus_trichocarpa__Potri.008G106700.1.v4.1	Populus_trichocarpa	Chr8	6732742	6737178
Populus_trichocarpa__Potri.008G113400.1.v4.1	Populus_trichocarpa	Chr8	7219615	7224222
Populus_trichocarpa__Potri.008G118300.1.v4.1	Populus_trichocarpa	Chr8	7588540	7596946
Populus_trichocarpa__Potri.009G018500.1.v4.1	Populus_trichocarpa	Chr9	3070309	3076642
Populus_trichocarpa__Potri.009G074900.1.v4.1	Populus_trichocarpa	Chr9	7289536	7294440
Populus_trichocarpa__Potri.009G075000.2.v4.1	Populus_trichocarpa	Chr9	7294323	7300852
Populus_trichocarpa__Potri.009G101200.2.v4.1	Populus_trichocarpa	Chr9	8944512	8951437
Populus_trichocarpa__Potri.009G119700.1.v4.1	Populus_trichocarpa	Chr9	10042337	10046809
Populus_trichocarpa__Potri.009G125400.1.v4.1	Populus_trichocarpa	Chr9	10424424	10431259
Populus_trichocarpa__Potri.009G134900.1.v4.1	Populus_trichocarpa	Chr9	10920409	10925769
Populus_trichocarpa__Potri.009G164300.4.v4.1	Populus_trichocarpa	Chr9	12604875	12615722
Populus_trichocarpa__Potri.009G164500.4.v4.1	Populus_trichocarpa	Chr9	12626875	12632722
Populus_wuana__Powua00234.t1	Populus_wuana	Chr1	1998600	2003402
Populus_wuana__Powua00320.t1	Populus_wuana	Chr1	2685109	2696089
Populus_wuana__Powua00746.t1	Populus_wuana	Chr1	6723369	6730078
Populus_wuana__Powua01322.t1	Populus_wuana	Chr1	11799639	11809618
Populus_wuana__Powua01619.t1	Populus_wuana	Chr1	14923677	14928125
Populus_wuana__Powua02169.t2	Populus_wuana	Chr1	24528108	24533029
Populus_wuana__Powua03704.t1	Populus_wuana	Chr1	42056757	42061781
Populus_wuana__Powua03736.t1	Populus_wuana	Chr1	42444884	42450477
Populus_wuana__Powua23658.t1	Populus_wuana	Chr10	10697979	10702385
Populus_wuana__Powua23901.t7	Populus_wuana	Chr10	12813384	12821546
Populus_wuana__Powua24444.t1	Populus_wuana	Chr10	17227043	17233803
Populus_wuana__Powua24583.t1	Populus_wuana	Chr10	18305920	18310356
Populus_wuana__Powua24601.t1	Populus_wuana	Chr10	18493893	18498578
Populus_wuana__Powua25225.t1	Populus_wuana	Chr11	331802	338586
Populus_wuana__Powua25524.t1	Populus_wuana	Chr11	3866769	3873274
Populus_wuana__Powua26029.t3	Populus_wuana	Chr12	500664	507360
Populus_wuana__Powua26268.t1	Populus_wuana	Chr12	2780458	2787004
Populus_wuana__Powua26591.t3	Populus_wuana	Chr12	6764991	6772375
Populus_wuana__Powua27109.t1	Populus_wuana	Chr12	14465303	14473882
Populus_wuana__Powua27806.t1	Populus_wuana	Chr13	2338763	2344660
Populus_wuana__Powua29098.t1	Populus_wuana	Chr14	1307837	1315494
Populus_wuana__Powua29524.t1	Populus_wuana	Chr14	5192936	5200417
Populus_wuana__Powua30230.t1	Populus_wuana	Chr14	15827646	15832142
Populus_wuana__Powua30352.t1	Populus_wuana	Chr14	16897721	16902460
Populus_wuana__Powua30604.t1	Populus_wuana	Chr15	2113402	2121144
Populus_wuana__Powua32789.t1	Populus_wuana	Chr16	11800450	11805081
Populus_wuana__Powua33427.t1	Populus_wuana	Chr17	1625079	1630854
Populus_wuana__Powua33493.t1	Populus_wuana	Chr17	2124438	2131328
Populus_wuana__Powua33538.t1	Populus_wuana	Chr17	2480611	2489099
Populus_wuana__Powua33653.t1	Populus_wuana	Chr17	3589471	3598657
Populus_wuana__LG17_exon2_exon5_exon3_exon4_exon6	Populus_wuana	Chr17	13313224	13319791
Populus_wuana__Powua36068.t1	Populus_wuana	Chr19	3475954	3482285
Populus_wuana__Powua36598.t1	Populus_wuana	Chr19	7884459	7889352
Populus_wuana__Powua36599.t1	Populus_wuana	Chr19	7889781	7896337
Populus_wuana__Powua36853.t6	Populus_wuana	Chr19	9593703	9600041
Populus_wuana__Powua37036.t1	Populus_wuana	Chr19	10793497	10797966
Populus_wuana__Powua37092.t1	Populus_wuana	Chr19	11209527	11216344
Populus_wuana__Powua37184.t1	Populus_wuana	Chr19	11754775	11760132
Populus_wuana__Powua37459.t1	Populus_wuana	Chr19	13532615	13543431
Populus_wuana__Powua37461.t3	Populus_wuana	Chr19	13554072	13559920
Populus_wuana__LG02_exon4_exon2_exon1_exon3_exon5_exon6	Populus_wuana	Chr2	204559	210284
Populus_wuana__Powua04804.t2	Populus_wuana	Chr2	2056168	2061270
Populus_wuana__Powua06175.t1	Populus_wuana	Chr2	19328329	19335024
Populus_wuana__Powua06456.t1	Populus_wuana	Chr2	22551727	22557698
Populus_wuana__Powua06688.t1	Populus_wuana	Chr2	24617536	24626856
Populus_wuana__Powua06889.t1	Populus_wuana	Chr2	26310223	26319781
Populus_wuana__Powua06928.t1	Populus_wuana	Chr2	26722633	26729694
Populus_wuana__Powua06988.t1	Populus_wuana	Chr2	27106662	27112389
Populus_wuana__Powua07518.t1	Populus_wuana	Chr3	2193175	2197647
Populus_wuana__Powua07653.t1	Populus_wuana	Chr3	3105002	3112075
Populus_wuana__Powua07863.t2	Populus_wuana	Chr3	4815959	4822390
Populus_wuana__Powua07885.t1	Populus_wuana	Chr3	5006832	5015374
Populus_wuana__Powua08091.t1	Populus_wuana	Chr3	6848137	6855161
Populus_wuana__Powua08092.t1	Populus_wuana	Chr3	6863703	6869156
Populus_wuana__Powua08341.t1	Populus_wuana	Chr3	9135288	9139733
Populus_wuana__Powua08441.t3	Populus_wuana	Chr3	9868607	9875193
Populus_wuana__Powua08844.t1	Populus_wuana	Chr3	13237795	13245281
Populus_wuana__Powua09142.t1	Populus_wuana	Chr3	16655639	16660075
Populus_wuana__Powua09986.t1	Populus_wuana	Chr4	1545594	1557179
Populus_wuana__Powua10146.t1	Populus_wuana	Chr4	2902136	2912339
Populus_wuana__Powua10419.t1	Populus_wuana	Chr4	5495154	5500520
Populus_wuana__Powua10516.t1	Populus_wuana	Chr4	6279289	6285801
Populus_wuana__Powua10572.t1	Populus_wuana	Chr4	6754923	6759392
Populus_wuana__Powua10727.t1	Populus_wuana	Chr4	8365796	8372626
Populus_wuana__Powua11083.t1	Populus_wuana	Chr4	14840047	14844639
Populus_wuana__Powua12146.t1	Populus_wuana	Chr5	178342	184033
Populus_wuana__Powua12284.t1	Populus_wuana	Chr5	1108564	1113583
Populus_wuana__Powua12410.t1	Populus_wuana	Chr5	2027461	2032236
Populus_wuana__Powua12550.t1	Populus_wuana	Chr5	3270611	3277707
Populus_wuana__Powua12772.t1	Populus_wuana	Chr5	5383552	5391837
Populus_wuana__Powua12788.t1	Populus_wuana	Chr5	5613009	5620705
Populus_wuana__Powua12999.t2	Populus_wuana	Chr5	8151805	8158846
Populus_wuana__Powua13429.t2	Populus_wuana	Chr5	15725592	15732571
Populus_wuana__Powua13489.t1	Populus_wuana	Chr5	16377134	16381624
Populus_wuana__Powua13584.t1	Populus_wuana	Chr5	17277116	17281726
Populus_wuana__Powua13859.t1	Populus_wuana	Chr5	19860137	19867551
Populus_wuana__Powua15544.t1	Populus_wuana	Chr6	12926758	12936503
Populus_wuana__Powua16470.t3	Populus_wuana	Chr6	20823699	20833595
Populus_wuana__Powua16572.t2	Populus_wuana	Chr6	21784573	21789288
Populus_wuana__Powua16828.t1	Populus_wuana	Chr7	488540	494781
Populus_wuana__Powua16832.t1	Populus_wuana	Chr7	500723	506519
Populus_wuana__Powua16886.t1	Populus_wuana	Chr7	797591	804109
Populus_wuana__Powua17795.t1	Populus_wuana	Chr7	7272653	7277086
Populus_wuana__Powua17868.t1	Populus_wuana	Chr7	7819500	7824104
Populus_wuana__Powua19169.t1	Populus_wuana	Chr7	22622838	22629390
Populus_wuana__Powua19298.t1	Populus_wuana	Chr8	505214	511356
Populus_wuana__Powua19372.t1	Populus_wuana	Chr8	865572	871963
Populus_wuana__Powua20225.t1	Populus_wuana	Chr8	6955602	6960035
Populus_wuana__Powua20292.t1	Populus_wuana	Chr8	7458818	7463422
Populus_wuana__Powua20340.t1	Populus_wuana	Chr8	7837075	7845910
Populus_yunnanensis__Poyun00200.t1	Populus_yunnanensis	Chr1	1867281	1872083
Populus_yunnanensis__Poyun00301.t1	Populus_yunnanensis	Chr1	2502421	2513402
Populus_yunnanensis__Poyun00734.t1	Populus_yunnanensis	Chr1	6615605	6622336
Populus_yunnanensis__Poyun01361.t1	Populus_yunnanensis	Chr1	12385128	12395112
Populus_yunnanensis__Poyun01675.t1	Populus_yunnanensis	Chr1	15544988	15549444
Populus_yunnanensis__Poyun02263.t1	Populus_yunnanensis	Chr1	25542613	25549098
Populus_yunnanensis__Poyun03826.t1	Populus_yunnanensis	Chr1	42619038	42624058
Populus_yunnanensis__Poyun03859.t1	Populus_yunnanensis	Chr1	42979772	42985365
Populus_yunnanensis__Poyun24421.t1	Populus_yunnanensis	Chr10	4200679	4209196
Populus_yunnanensis__Poyun24924.t2	Populus_yunnanensis	Chr10	11667908	11675062
Populus_yunnanensis__Poyun25249.t1	Populus_yunnanensis	Chr10	16332559	16339106
Populus_yunnanensis__Poyun25523.t3	Populus_yunnanensis	Chr10	18934142	18940845
Populus_yunnanensis__Poyun26435.t1	Populus_yunnanensis	Chr11	11099679	11104100
Populus_yunnanensis__Poyun26694.t1	Populus_yunnanensis	Chr11	13182606	13190583
Populus_yunnanensis__Poyun27271.t1	Populus_yunnanensis	Chr11	17676261	17683040
Populus_yunnanensis__Poyun27415.t1	Populus_yunnanensis	Chr11	18726941	18731377
Populus_yunnanensis__Poyun27436.t1	Populus_yunnanensis	Chr11	18899456	18904144
Populus_yunnanensis__Poyun28588.t1	Populus_yunnanensis	Chr12	15950211	15956674
Populus_yunnanensis__Poyun28840.t2	Populus_yunnanensis	Chr12	18793560	18800347
Populus_yunnanensis__Poyun29030.t1	Populus_yunnanensis	Chr13	1322999	1330668
Populus_yunnanensis__Poyun29452.t1	Populus_yunnanensis	Chr13	5091856	5099333
Populus_yunnanensis__Poyun30125.t1	Populus_yunnanensis	Chr13	15844381	15859801
Populus_yunnanensis__Poyun30225.t1	Populus_yunnanensis	Chr13	16629233	16633729
Populus_yunnanensis__Poyun30358.t1	Populus_yunnanensis	Chr13	17906929	17911638
Populus_yunnanensis__Poyun31446.t1	Populus_yunnanensis	Chr14	11983261	11987892
Populus_yunnanensis__Poyun32129.t1	Populus_yunnanensis	Chr15	2696207	2703914
Populus_yunnanensis__Poyun32925.t1	Populus_yunnanensis	Chr15	13721915	13726498
Populus_yunnanensis__Poyun33708.t1	Populus_yunnanensis	Chr16	3211352	3217324
Populus_yunnanensis__Poyun35137.t1	Populus_yunnanensis	Chr17	2816452	2822964
Populus_yunnanensis__Poyun35903.t1	Populus_yunnanensis	Chr17	12922331	12931535
Populus_yunnanensis__Poyun36026.t1	Populus_yunnanensis	Chr17	14069425	14077910
Populus_yunnanensis__Poyun36071.t1	Populus_yunnanensis	Chr17	14419048	14425939
Populus_yunnanensis__Poyun36138.t1	Populus_yunnanensis	Chr17	14900205	14905971
Populus_yunnanensis__Poyun37989.t1	Populus_yunnanensis	Chr19	3561557	3567889
Populus_yunnanensis__Poyun38538.t1	Populus_yunnanensis	Chr19	8057824	8064362
Populus_yunnanensis__Poyun38798.t6	Populus_yunnanensis	Chr19	9879534	9885874
Populus_yunnanensis__Poyun38985.t1	Populus_yunnanensis	Chr19	11047701	11052170
Populus_yunnanensis__Poyun39046.t1	Populus_yunnanensis	Chr19	11445039	11451855
Populus_yunnanensis__Poyun39134.t1	Populus_yunnanensis	Chr19	11957497	11962854
Populus_yunnanensis__Poyun39401.t1	Populus_yunnanensis	Chr19	13882835	13893637
Populus_yunnanensis__Poyun39403.t1	Populus_yunnanensis	Chr19	13904154	13910017
Populus_yunnanensis__Poyun04825.t1	Populus_yunnanensis	Chr2	187057	193881
Populus_yunnanensis__Poyun05076.t1	Populus_yunnanensis	Chr2	2448855	2454847
Populus_yunnanensis__Poyun06490.t1	Populus_yunnanensis	Chr2	20010598	20017302
Populus_yunnanensis__Poyun06798.t1	Populus_yunnanensis	Chr2	22798395	22804339
Populus_yunnanensis__Poyun07052.t1	Populus_yunnanensis	Chr2	24910810	24920169
Populus_yunnanensis__Poyun07264.t1	Populus_yunnanensis	Chr2	26643181	26652739
Populus_yunnanensis__Poyun07305.t1	Populus_yunnanensis	Chr2	27052256	27059307
Populus_yunnanensis__Poyun07742.t1	Populus_yunnanensis	Chr3	2287423	2296721
Populus_yunnanensis__Poyun07906.t1	Populus_yunnanensis	Chr3	3758938	3769180
Populus_yunnanensis__Poyun08220.t1	Populus_yunnanensis	Chr3	6616916	6622282
Populus_yunnanensis__Poyun08321.t1	Populus_yunnanensis	Chr3	7450470	7456988
Populus_yunnanensis__Poyun08374.t1	Populus_yunnanensis	Chr3	7919435	7923904
Populus_yunnanensis__Poyun08543.t1	Populus_yunnanensis	Chr3	9526407	9533239
Populus_yunnanensis__Poyun08872.t1	Populus_yunnanensis	Chr3	15637821	15642413
Populus_yunnanensis__Poyun10788.t1	Populus_yunnanensis	Chr4	9748935	9753371
Populus_yunnanensis__Poyun11068.t1	Populus_yunnanensis	Chr4	12875841	12883331
Populus_yunnanensis__Poyun11514.t2	Populus_yunnanensis	Chr4	16479776	16487593
Populus_yunnanensis__Poyun11621.t1	Populus_yunnanensis	Chr4	17231694	17236124
Populus_yunnanensis__Poyun11874.t1	Populus_yunnanensis	Chr4	19545034	19550462
Populus_yunnanensis__Poyun11875.t1	Populus_yunnanensis	Chr4	19559002	19566023
Populus_yunnanensis__Poyun12099.t1	Populus_yunnanensis	Chr4	21364728	21373265
Populus_yunnanensis__Poyun12121.t2	Populus_yunnanensis	Chr4	21554535	21560967
Populus_yunnanensis__Poyun12351.t1	Populus_yunnanensis	Chr4	23308923	23316050
Populus_yunnanensis__Poyun12489.t1	Populus_yunnanensis	Chr4	24207497	24211969
Populus_yunnanensis__LG04_exon1	Populus_yunnanensis	Chr4	25178843	25183750
Populus_yunnanensis__Poyun12633.t3	Populus_yunnanensis	Chr4	25179203	25183870
Populus_yunnanensis__Poyun12828.t1	Populus_yunnanensis	Chr5	175227	180908
Populus_yunnanensis__Poyun12974.t1	Populus_yunnanensis	Chr5	1079181	1084200
Populus_yunnanensis__Poyun13101.t1	Populus_yunnanensis	Chr5	1964527	1968996
Populus_yunnanensis__Poyun13237.t1	Populus_yunnanensis	Chr5	3029564	3036659
Populus_yunnanensis__Poyun13472.t1	Populus_yunnanensis	Chr5	5104874	5113234
Populus_yunnanensis__Poyun13489.t1	Populus_yunnanensis	Chr5	5343473	5351169
Populus_yunnanensis__Poyun13690.t1	Populus_yunnanensis	Chr5	7992708	7999749
Populus_yunnanensis__Poyun14122.t1	Populus_yunnanensis	Chr5	16058574	16065558
Populus_yunnanensis__Poyun14185.t1	Populus_yunnanensis	Chr5	16695941	16700431
Populus_yunnanensis__Poyun14279.t1	Populus_yunnanensis	Chr5	17563750	17568360
Populus_yunnanensis__Poyun14544.t1	Populus_yunnanensis	Chr5	20271011	20278431
Populus_yunnanensis__Poyun14834.t1	Populus_yunnanensis	Chr5	22558745	22563704
Populus_yunnanensis__Poyun15313.t1	Populus_yunnanensis	Chr6	437737	444270
Populus_yunnanensis__Poyun16619.t1	Populus_yunnanensis	Chr6	15056269	15061079
Populus_yunnanensis__Poyun16690.t1	Populus_yunnanensis	Chr6	15599073	15603506
Populus_yunnanensis__Poyun17659.t3	Populus_yunnanensis	Chr6	22134238	22140753
Populus_yunnanensis__Poyun17726.t1	Populus_yunnanensis	Chr6	22444799	22450596
Populus_yunnanensis__Poyun17730.t1	Populus_yunnanensis	Chr6	22456566	22462804
Populus_yunnanensis__Poyun17940.t1	Populus_yunnanensis	Chr7	1481675	1488284
Populus_yunnanensis__Poyun18737.t1	Populus_yunnanensis	Chr7	12845184	12854856
Populus_yunnanensis__Poyun19681.t1	Populus_yunnanensis	Chr7	20529735	20540739
Populus_yunnanensis__Poyun19771.t1	Populus_yunnanensis	Chr7	21179278	21183993
Populus_yunnanensis__Poyun21647.t1	Populus_yunnanensis	Chr9	504496	510636
Populus_yunnanensis__Poyun21720.t1	Populus_yunnanensis	Chr9	882549	888940
Populus_yunnanensis__Poyun22607.t1	Populus_yunnanensis	Chr9	6780565	6784998
Populus_yunnanensis__Poyun22677.t1	Populus_yunnanensis	Chr9	7282746	7287350
Populus_yunnanensis__Poyun22730.t1	Populus_yunnanensis	Chr9	7666698	7675527
